Time,Driver accepted,Ride finished,Pickup distance,Ride distance,Ride duration,Order state,Reject reason,Pickup duration,Estimated pickup time,Estimated distance,Estimated duration
2024-09-25 11:16:24,2024-09-25 11:16:29,2024-09-25 11:28:37,448,816.0,360.0,finished,,329.0,3,,
2024-09-25 11:28:59,2024-09-25 11:29:05,2024-09-25 11:39:39,239,1909.0,412.0,finished,,142.0,2,,
2024-09-25 11:48:06,2024-09-25 11:48:16,,585,,,client_did_not_show,client_asked_to_cancel,409.0,5,,
2024-09-25 12:20:25,2024-09-25 12:20:31,2024-09-25 12:29:30,658,1427.0,331.0,finished,,192.0,3,,
2024-09-25 12:48:32,2024-09-25 12:48:37,2024-09-25 13:17:39,2061,5540.0,1025.0,finished,,710.0,9,,
2024-09-25 13:13:08,2024-09-25 13:13:13,2024-09-25 13:54:11,210,10122.0,1807.0,finished,,628.0,7,,
2024-09-25 13:49:17,2024-09-25 13:49:23,2024-09-25 14:36:47,431,11793.0,2338.0,finished,,450.0,9,,
2024-09-25 14:31:57,2024-09-25 14:32:10,2024-09-25 15:07:47,1706,5590.0,1100.0,finished,,926.0,16,,
2024-09-25 18:18:46,2024-09-25 18:18:55,2024-09-25 18:55:10,1171,10354.0,1553.0,finished,,475.0,6,,
2024-09-26 03:57:41,2024-09-26 03:57:45,2024-09-26 04:20:49,2281,6327.0,769.0,finished,,606.0,9,,
2024-09-26 06:02:18,2024-09-26 06:02:23,2024-09-26 06:33:51,1767,6453.0,878.0,finished,,995.0,15,,
2024-09-26 06:28:10,2024-09-26 06:28:18,2024-09-26 06:51:08,590,5617.0,628.0,finished,,710.0,13,,
2024-09-26 06:47:41,2024-09-26 06:47:52,2024-09-26 07:17:03,2981,9974.0,906.0,finished,,837.0,12,,
2024-09-26 07:11:21,2024-09-26 07:11:27,2024-09-26 07:40:01,44,6827.0,1268.0,finished,,355.0,8,,
2024-09-26 07:38:43,2024-09-26 07:38:54,2024-09-26 07:57:49,392,2538.0,761.0,finished,,366.0,5,,
2024-09-26 07:54:34,2024-09-26 07:54:40,,229,,,client_cancelled,,,6,,
2024-09-26 08:04:09,2024-09-26 08:04:13,2024-09-26 08:30:52,482,11588.0,1175.0,finished,,413.0,4,,
2024-09-26 08:25:57,2024-09-26 08:26:03,2024-09-26 09:01:51,1745,9769.0,1403.0,finished,,645.0,12,,
2024-10-09 17:10:18,2024-10-09 17:10:22,2024-10-09 17:29:41,1006,5836.0,785.0,finished,,339.0,5,,
2024-10-09 17:26:57,2024-10-09 17:27:03,2024-10-09 17:36:57,104,1461.0,320.0,finished,,267.0,5,,
2024-10-09 17:36:16,2024-10-09 17:36:22,2024-10-09 17:48:13,105,2140.0,526.0,finished,,147.0,3,,
2024-10-10 10:27:37,2024-10-10 10:27:42,2024-10-10 10:53:27,81,4051.0,1346.0,finished,,175.0,2,,
2024-10-10 10:54:15,,,1497,,,client_cancelled,,,16,,
2024-10-10 10:54:50,2024-10-10 10:54:54,,274,,,client_cancelled,,302.0,6,,
2024-10-10 11:11:55,2024-10-10 11:12:04,2024-10-10 11:26:05,1735,2139.0,350.0,finished,,393.0,10,,
2024-10-10 14:23:40,2024-10-10 14:23:45,2024-10-10 14:43:30,490,3855.0,894.0,finished,,150.0,7,,
2024-10-10 14:47:00,2024-10-10 14:47:04,2024-10-10 15:21:18,1337,6767.0,1262.0,finished,,500.0,6,,
2024-10-10 15:15:06,2024-10-10 15:15:14,2024-10-10 16:00:20,204,7347.0,2156.0,finished,,541.0,8,,
2024-10-10 15:59:52,2024-10-10 15:59:57,2024-10-10 16:37:09,640,5745.0,1804.0,finished,,384.0,3,,
2024-10-10 16:24:11,2024-10-10 16:24:20,,1037,,,client_cancelled,,,19,,
2024-10-10 16:33:21,2024-10-10 16:33:29,2024-10-10 17:07:15,1213,6736.0,1319.0,finished,,671.0,11,,
2024-10-10 17:07:54,2024-10-10 17:07:59,2024-10-10 17:32:02,1738,5847.0,803.0,finished,,618.0,10,,
2024-10-10 17:52:14,2024-10-10 17:52:18,2024-10-10 18:14:04,1456,10648.0,982.0,finished,,316.0,5,,
2024-10-10 18:09:20,2024-10-10 18:09:27,2024-10-10 18:27:02,196,4510.0,765.0,finished,,283.0,8,,
2024-10-11 14:07:27,2024-10-11 14:07:30,2024-10-11 14:23:02,657,1412.0,530.0,finished,,285.0,4,,
2024-10-11 14:25:44,2024-10-11 14:25:48,2024-10-11 15:09:35,1246,8794.0,1583.0,finished,,1006.0,9,,
2024-10-11 15:04:24,2024-10-11 15:04:31,2024-10-11 15:25:58,560,6654.0,705.0,finished,,570.0,11,,
2024-10-11 15:32:40,2024-10-11 15:32:44,2024-10-11 15:56:10,2168,9184.0,916.0,finished,,447.0,8,,
2024-10-11 15:49:06,2024-10-11 15:49:21,,1029,,,client_cancelled,,,11,,
2024-10-11 15:50:11,2024-10-11 15:50:17,2024-10-11 16:25:18,1373,10248.0,1425.0,finished,,634.0,11,,
2024-10-11 16:21:54,2024-10-11 16:21:59,2024-10-11 16:56:38,1679,9902.0,1453.0,finished,,602.0,11,,
2024-10-11 16:50:02,2024-10-11 16:50:11,2024-10-11 17:26:28,3764,3450.0,1010.0,finished,,1042.0,22,,
2024-10-11 17:16:57,,,4272,,,driver_rejected,driver_rejected,,23,,
2024-10-11 17:17:30,2024-10-11 17:17:35,2024-10-11 17:54:14,831,4182.0,961.0,finished,,735.0,10,,
2024-10-11 17:57:36,2024-10-11 17:57:43,2024-10-11 18:12:25,3051,3358.0,366.0,finished,,506.0,8,,
2024-10-11 18:12:32,2024-10-11 18:12:37,2024-10-11 18:26:49,513,3376.0,575.0,finished,,216.0,5,,
2024-10-11 18:20:14,2024-10-11 18:20:19,2024-10-11 18:50:48,606,6675.0,1197.0,finished,,605.0,12,,
2024-10-11 18:47:44,2024-10-11 18:47:51,2024-10-11 19:16:08,1651,3353.0,872.0,finished,,681.0,12,,
2024-10-11 19:13:34,2024-10-11 19:13:47,2024-10-11 19:27:04,436,1223.0,226.0,finished,,564.0,7,,
2024-10-11 19:47:09,2024-10-11 19:47:13,2024-10-11 20:01:20,1019,3489.0,470.0,finished,,364.0,4,,
2024-10-11 20:06:06,2024-10-11 20:06:11,2024-10-11 20:23:24,1548,5036.0,570.0,finished,,426.0,6,,
2024-10-11 20:20:41,2024-10-11 20:20:46,2024-10-11 20:44:04,1349,4134.0,625.0,finished,,415.0,7,,
2024-10-11 20:38:13,2024-10-11 20:38:20,2024-10-11 21:02:07,1870,2468.0,385.0,finished,,1031.0,15,,
2024-10-11 20:59:07,2024-10-11 20:59:12,2024-10-11 21:15:37,1945,2834.0,374.0,finished,,603.0,10,,
2024-10-11 21:11:19,2024-10-11 21:11:26,2024-10-11 21:28:33,798,3968.0,457.0,finished,,498.0,9,,
2024-10-11 21:22:24,2024-10-11 21:22:39,,2682,,,driver_rejected,client_asked_to_cancel,,14,,
2024-10-11 21:29:38,2024-10-11 21:29:51,2024-10-11 21:41:16,1000,3132.0,438.0,finished,,227.0,4,,
2024-10-11 21:35:56,,,3469,,,driver_rejected,driver_rejected,,14,,
2024-10-11 21:49:29,2024-10-11 21:49:35,2024-10-11 21:56:29,542,830.0,245.0,finished,,96.0,3,,
2024-10-11 21:58:05,2024-10-11 21:58:08,2024-10-11 22:20:20,1100,9500.0,875.0,finished,,201.0,4,,
2024-10-11 22:10:06,2024-10-11 22:10:16,2024-10-11 22:43:40,2852,11472.0,1007.0,finished,,974.0,14,,
2024-10-11 22:45:15,2024-10-11 22:45:20,2024-10-11 22:59:50,709,4245.0,499.0,finished,,263.0,4,,
2024-10-11 23:01:11,2024-10-11 23:01:29,2024-10-11 23:30:32,3914,5933.0,1212.0,finished,,426.0,8,,
2024-10-11 23:31:57,2024-10-11 23:32:02,2024-10-11 23:55:09,1419,8254.0,884.0,finished,,496.0,4,,
2024-10-11 23:51:58,2024-10-11 23:52:05,2024-10-12 00:04:29,931,1554.0,227.0,finished,,487.0,6,,
2024-10-12 00:04:13,2024-10-12 00:04:25,2024-10-12 00:45:49,624,14408.0,1341.0,finished,,461.0,4,,
2024-10-12 01:01:38,2024-10-12 01:01:41,2024-10-12 01:34:05,944,13038.0,1402.0,finished,,317.0,6,,
2024-10-12 01:27:06,2024-10-12 01:27:14,2024-10-12 01:59:57,3695,8519.0,788.0,finished,,904.0,11,,
2024-10-12 01:54:59,2024-10-12 01:55:10,2024-10-12 02:45:35,886,12223.0,2149.0,finished,,502.0,10,,
2024-10-12 03:21:05,,,2159,,,driver_rejected,driver_rejected,,6,,
2024-10-12 03:22:57,2024-10-12 03:23:01,2024-10-12 03:42:48,1260,2573.0,465.0,finished,,372.0,6,,
2024-10-12 14:12:42,2024-10-12 14:12:51,2024-10-12 14:31:25,1576,1837.0,390.0,finished,,679.0,8,,
2024-10-12 14:27:31,,,1881,,,client_cancelled,,,11,,
2024-10-12 14:31:07,2024-10-12 14:31:12,2024-10-12 14:51:11,1810,3433.0,733.0,finished,,242.0,6,,
2024-10-12 14:43:08,,,147,,,client_cancelled,,,11,,
2024-10-12 14:43:56,2024-10-12 14:44:02,2024-10-12 15:03:20,367,1783.0,541.0,finished,,590.0,12,,
2024-10-12 14:57:06,2024-10-12 14:57:13,2024-10-12 15:25:49,441,4490.0,1012.0,finished,,690.0,9,,
2024-10-12 15:26:07,2024-10-12 15:26:11,2024-10-12 15:53:51,1207,4141.0,1166.0,finished,,337.0,7,,
2024-10-12 15:51:34,2024-10-12 15:51:38,2024-10-12 17:02:18,222,21424.0,3929.0,finished,,196.0,7,,
2024-10-12 17:08:47,2024-10-12 17:08:56,2024-10-12 17:31:27,370,6284.0,606.0,finished,,193.0,6,,
2024-10-12 17:27:16,2024-10-12 17:27:22,2024-10-12 17:42:36,20,4515.0,525.0,finished,,252.0,6,,
2024-10-12 17:40:18,,,4439,,,client_cancelled,,,15,,
2024-10-12 17:40:28,2024-10-12 17:40:34,2024-10-12 18:00:15,1221,1963.0,506.0,finished,,664.0,9,,
2024-10-12 17:58:53,2024-10-12 17:58:59,2024-10-12 18:23:49,107,7257.0,1122.0,finished,,302.0,6,,
2024-10-12 18:19:07,,,4089,,,driver_did_not_respond,,,16,,
2024-10-12 18:19:57,2024-10-12 18:20:07,2024-10-12 18:47:33,1300,6905.0,832.0,finished,,658.0,12,,
2024-10-12 18:44:06,2024-10-12 18:44:13,2024-10-12 19:00:33,635,3507.0,509.0,finished,,367.0,6,,
2024-10-12 19:02:54,2024-10-12 19:02:59,,826,,,client_cancelled,,,3,,
2024-10-12 19:05:11,2024-10-12 19:05:26,2024-10-12 19:53:25,4017,14691.0,1647.0,finished,,1143.0,8,,
2024-10-12 19:55:24,2024-10-12 19:55:34,2024-10-12 20:37:20,2718,12217.0,1606.0,finished,,823.0,9,,
2024-10-12 20:35:27,2024-10-12 20:35:35,2024-10-12 21:04:00,1343,8611.0,901.0,finished,,473.0,7,,
2024-10-12 21:00:59,2024-10-12 21:01:04,2024-10-12 21:25:24,805,5299.0,654.0,finished,,310.0,5,,
2024-10-12 21:13:29,2024-10-12 21:13:49,2024-10-12 21:48:27,1514,7414.0,774.0,finished,,1175.0,14,,
2024-10-12 21:46:21,2024-10-12 21:46:26,2024-10-12 22:07:14,496,9177.0,999.0,finished,,235.0,5,,
2024-10-12 21:58:36,2024-10-12 21:58:42,2024-10-12 22:29:04,1498,7656.0,847.0,finished,,936.0,10,,
2024-10-12 22:27:25,2024-10-12 22:27:31,2024-10-12 22:43:21,1374,3654.0,392.0,finished,,530.0,6,,
2024-10-12 22:40:05,2024-10-12 22:40:13,2024-10-12 23:00:12,680,7940.0,794.0,finished,,391.0,6,,
2024-10-12 22:54:57,2024-10-12 22:55:12,2024-10-12 23:15:35,1182,3582.0,394.0,finished,,822.0,12,,
2024-10-12 23:11:33,2024-10-12 23:11:45,2024-10-12 23:42:44,960,17442.0,1368.0,finished,,418.0,7,,
2024-10-13 00:08:03,2024-10-13 00:08:10,2024-10-13 00:17:15,226,2940.0,404.0,finished,,100.0,2,,
2024-10-13 00:21:45,2024-10-13 00:21:57,2024-10-13 00:40:03,1060,7804.0,773.0,finished,,305.0,5,,
2024-10-13 07:49:10,,,3189,,,driver_rejected,driver_rejected,,11,,
2024-10-13 11:58:28,2024-10-13 11:58:35,2024-10-13 12:09:48,696,1504.0,318.0,finished,,346.0,4,,
2024-10-13 12:17:50,2024-10-13 12:17:53,2024-10-13 12:38:46,724,6395.0,732.0,finished,,473.0,5,,
2024-10-13 12:39:20,2024-10-13 12:39:32,2024-10-13 12:57:38,1227,3214.0,562.0,finished,,515.0,8,,
2024-10-13 12:56:10,2024-10-13 12:56:16,2024-10-13 13:26:34,1254,5981.0,1171.0,finished,,627.0,8,,
2024-10-13 13:21:19,2024-10-13 13:21:37,2024-10-13 13:40:04,1999,2975.0,412.0,finished,,687.0,12,,
2024-10-13 13:38:39,2024-10-13 13:38:45,2024-10-13 13:51:42,599,2434.0,496.0,finished,,274.0,4,,
2024-10-13 13:55:36,2024-10-13 13:55:45,2024-10-13 14:19:49,772,7711.0,978.0,finished,,456.0,6,,
2024-10-13 14:20:27,2024-10-13 14:20:37,2024-10-13 15:12:25,2893,15024.0,2158.0,finished,,560.0,9,,
2024-10-13 15:10:35,2024-10-13 15:10:44,2024-10-13 15:28:08,464,5097.0,614.0,finished,,294.0,4,,
2024-10-13 15:22:09,2024-10-13 15:22:21,2024-10-13 15:52:48,18,7901.0,1210.0,finished,,601.0,8,,
2024-10-13 15:54:06,2024-10-13 15:54:12,2024-10-13 16:13:57,679,5242.0,917.0,finished,,249.0,4,,
2024-10-14 11:54:47,2024-10-14 11:54:52,2024-10-14 12:21:25,2143,5036.0,1030.0,finished,,555.0,11,,
2024-10-14 12:22:40,2024-10-14 12:22:46,2024-10-14 12:53:38,2562,5099.0,803.0,finished,,1014.0,12,,
2024-10-14 12:54:18,2024-10-14 12:54:25,2024-10-14 13:06:37,585,1884.0,453.0,finished,,257.0,5,,
2024-10-14 13:03:44,2024-10-14 13:03:48,2024-10-14 13:25:40,368,5608.0,954.0,finished,,302.0,7,,
2024-10-14 13:22:32,2024-10-14 13:22:37,2024-10-14 13:52:14,1368,8392.0,1216.0,finished,,553.0,10,,
2024-10-14 13:52:35,2024-10-14 13:52:38,2024-10-14 14:15:21,494,2895.0,953.0,finished,,326.0,5,,
2024-10-14 14:11:19,2024-10-14 14:11:25,2024-10-14 14:29:02,169,2727.0,731.0,finished,,253.0,7,,
2024-10-14 14:25:24,2024-10-14 14:25:33,2024-10-14 14:49:16,175,5177.0,1123.0,finished,,282.0,5,,
2024-10-14 14:54:15,2024-10-14 14:54:18,2024-10-14 15:10:38,264,6670.0,808.0,finished,,164.0,3,,
2024-10-14 15:12:11,2024-10-14 15:12:17,2024-10-14 15:33:10,696,4400.0,979.0,finished,,159.0,7,,
2024-10-14 15:30:35,,,4667,,,client_cancelled,,,16,,
2024-10-14 15:32:28,2024-10-14 15:32:34,2024-10-14 15:57:14,386,7406.0,1269.0,finished,,203.0,4,,
2024-10-14 16:02:47,2024-10-14 16:02:51,2024-10-14 16:20:57,1610,3475.0,701.0,finished,,232.0,6,,
2024-10-14 16:15:51,2024-10-14 16:15:59,2024-10-14 16:33:18,856,876.0,126.0,finished,,872.0,8,,
2024-10-14 16:36:57,2024-10-14 16:37:14,2024-10-14 16:52:26,1760,3203.0,359.0,finished,,547.0,9,,
2024-10-14 16:52:11,2024-10-14 16:52:15,2024-10-14 17:09:34,1572,2933.0,517.0,finished,,454.0,10,,
2024-10-14 17:05:36,2024-10-14 17:05:42,2024-10-14 17:34:50,725,10367.0,1248.0,finished,,482.0,10,,
2024-10-14 17:25:10,2024-10-14 17:25:21,2024-10-14 18:08:12,2935,8209.0,1146.0,finished,,1075.0,19,,
2024-10-14 17:53:40,,,4732,,,client_cancelled,,,16,,
2024-10-14 17:54:11,,,4732,,,client_cancelled,,,15,,
2024-10-14 17:59:32,2024-10-14 17:59:39,2024-10-14 18:38:00,1924,12655.0,1503.0,finished,,791.0,9,,
2024-10-15 12:29:55,2024-10-15 12:30:07,2024-10-15 12:51:14,757,3821.0,827.0,finished,,282.0,6,,
2024-10-15 12:51:52,2024-10-15 12:52:12,2024-10-15 13:07:27,1169,2419.0,394.0,finished,,469.0,9,,
2024-10-15 13:11:17,2024-10-15 13:11:23,2024-10-15 13:27:34,960,2646.0,539.0,finished,,376.0,7,,
2024-10-15 16:02:42,2024-10-15 16:02:51,2024-10-15 16:18:21,1428,3523.0,606.0,finished,,296.0,5,,
2024-10-15 16:10:30,,,4294,,,client_cancelled,,,24,,
2024-10-15 16:14:10,2024-10-15 16:14:15,,505,,,client_did_not_show,client_did_not_show,359.0,7,,
2024-10-15 16:31:16,2024-10-15 16:31:31,2024-10-15 16:52:00,3716,4300.0,506.0,finished,,707.0,11,,
2024-10-15 16:47:38,2024-10-15 16:47:54,2024-10-15 17:17:52,3908,5039.0,722.0,finished,,1062.0,20,,
2024-10-15 17:22:09,2024-10-15 17:22:13,2024-10-15 17:46:38,989,4488.0,976.0,finished,,404.0,7,,
2024-10-15 17:47:46,2024-10-15 17:48:01,2024-10-15 18:05:31,1019,2853.0,609.0,finished,,297.0,5,,
2024-10-15 17:58:32,2024-10-15 17:58:37,2024-10-15 18:21:10,530,2981.0,527.0,finished,,804.0,9,,
2024-10-15 18:23:31,2024-10-15 18:23:40,2024-10-15 18:32:54,152,2657.0,446.0,finished,,61.0,2,,
2024-10-15 18:51:58,2024-10-15 18:52:05,2024-10-15 19:06:16,51,2569.0,625.0,finished,,135.0,1,,
2024-10-15 22:03:29,2024-10-15 22:03:44,2024-10-15 22:21:09,380,8818.0,816.0,finished,,219.0,3,,
2024-10-16 05:06:34,2024-10-16 05:06:43,2024-10-16 05:25:46,795,6964.0,637.0,finished,,374.0,5,,
2024-10-16 05:22:39,2024-10-16 05:22:49,2024-10-16 05:40:24,656,3349.0,510.0,finished,,302.0,7,,
2024-10-16 05:49:55,2024-10-16 05:50:11,2024-10-16 06:03:18,593,4785.0,613.0,finished,,76.0,3,,
2024-10-16 06:53:33,2024-10-16 06:53:45,2024-10-16 07:47:53,650,13971.0,2680.0,finished,,223.0,3,,
2024-10-16 07:57:19,2024-10-16 07:57:39,2024-10-16 08:17:47,1271,4606.0,776.0,finished,,395.0,7,,
2024-10-16 08:17:46,2024-10-16 08:17:54,2024-10-16 08:44:39,596,5974.0,1264.0,finished,,228.0,5,,
2024-10-16 12:18:16,2024-10-16 12:18:22,2024-10-16 12:33:47,603,2023.0,584.0,finished,,298.0,4,,
2024-10-16 12:53:31,2024-10-16 12:53:38,2024-10-16 13:11:10,112,3458.0,826.0,finished,,174.0,3,,
2024-10-16 13:16:10,2024-10-16 13:16:25,2024-10-16 13:29:19,706,2790.0,443.0,finished,,312.0,5,,
2024-10-16 13:29:28,,,2654,,,driver_rejected,driver_rejected,,21,,
2024-10-16 13:36:51,2024-10-16 13:37:06,2024-10-16 14:27:26,811,9297.0,2485.0,finished,,432.0,6,,
2024-10-16 14:25:24,,,4953,,,client_cancelled,,,21,,
2024-10-16 14:25:33,2024-10-16 14:25:40,2024-10-16 14:42:15,298,3520.0,610.0,finished,,240.0,7,,
2024-10-16 14:37:59,2024-10-16 14:38:14,2024-10-16 15:20:30,1404,10409.0,1855.0,finished,,662.0,16,,
2024-10-16 15:16:15,2024-10-16 15:16:20,2024-10-16 15:45:02,715,9004.0,1178.0,finished,,503.0,9,,
2024-10-16 15:56:05,2024-10-16 15:56:09,2024-10-16 16:07:57,1353,1516.0,316.0,finished,,272.0,6,,
2024-10-16 16:07:39,2024-10-16 16:07:46,2024-10-16 16:40:58,726,12104.0,1423.0,finished,,384.0,5,,
2024-10-16 16:38:32,2024-10-16 16:38:39,,3298,,,client_cancelled,,769.0,15,,
2024-10-17 16:08:37,2024-10-17 16:08:45,2024-10-17 16:31:44,789,3801.0,824.0,finished,,474.0,5,,
2024-10-17 16:23:21,2024-10-17 16:23:28,,925,,,client_cancelled,,,13,,
2024-10-17 16:26:58,2024-10-17 16:27:03,2024-10-17 16:53:31,868,8403.0,973.0,finished,,535.0,9,,
2024-10-17 17:40:04,2024-10-17 17:40:14,2024-10-17 17:53:43,1940,1967.0,462.0,finished,,339.0,6,,
2024-10-18 14:58:01,2024-10-18 14:58:14,2024-10-18 15:25:31,1257,9906.0,1238.0,finished,,276.0,6,,
2024-10-18 15:19:11,2024-10-18 15:19:23,,659,,,client_cancelled,,,13,,
2024-10-18 15:23:14,2024-10-18 15:23:26,2024-10-18 15:59:36,394,13342.0,1570.0,finished,,352.0,7,,
2024-10-18 15:55:12,2024-10-18 15:55:27,2024-10-18 16:48:23,3665,13125.0,2230.0,finished,,938.0,14,,
2024-10-18 19:03:05,2024-10-18 19:03:10,2024-10-18 19:28:21,492,9795.0,1263.0,finished,,167.0,3,,
2024-10-18 19:31:35,2024-10-18 19:31:40,2024-10-18 20:06:25,2532,10472.0,1212.0,finished,,637.0,7,,
2024-10-18 23:37:09,,,755,,,driver_did_not_respond,,,3,,
2024-10-19 13:35:17,2024-10-19 13:35:21,2024-10-19 13:57:04,304,7926.0,1012.0,finished,,271.0,3,,
2024-10-19 13:55:10,2024-10-19 13:55:20,2024-10-19 14:19:53,719,10287.0,1120.0,finished,,333.0,4,,
2024-10-19 16:34:58,2024-10-19 16:35:08,2024-10-19 17:02:18,1844,9104.0,884.0,finished,,526.0,8,,
2024-10-19 16:59:44,2024-10-19 16:59:56,2024-10-19 17:20:55,208,2495.0,579.0,finished,,672.0,5,,
2024-10-19 17:18:17,,,3917,,,client_cancelled,,,14,,
2024-10-19 17:18:39,2024-10-19 17:18:54,2024-10-19 17:32:02,194,1136.0,382.0,finished,,316.0,6,,
2024-10-19 18:31:55,2024-10-19 18:32:01,2024-10-19 18:50:24,25,7751.0,933.0,finished,,128.0,1,,
2024-10-19 18:45:22,2024-10-19 18:45:34,2024-10-19 19:07:35,1793,4416.0,518.0,finished,,785.0,12,,
2024-10-19 19:04:50,2024-10-19 19:04:58,2024-10-19 19:38:41,513,9976.0,1284.0,finished,,460.0,8,,
2024-10-19 19:36:10,2024-10-19 19:36:19,2024-10-19 20:06:53,530,7988.0,1118.0,finished,,635.0,7,,
2024-10-19 20:08:44,2024-10-19 20:08:52,2024-10-19 20:29:36,616,6438.0,717.0,finished,,424.0,6,,
2024-10-19 20:33:08,2024-10-19 20:33:18,2024-10-19 21:00:32,2135,12943.0,1210.0,finished,,405.0,7,,
2024-10-19 20:57:08,2024-10-19 20:57:15,2024-10-19 21:14:21,1268,4606.0,587.0,finished,,404.0,7,,
2024-10-19 21:13:06,2024-10-19 21:13:17,2024-10-19 21:41:08,1319,12806.0,1261.0,finished,,354.0,7,,
2024-10-19 21:34:25,2024-10-19 21:34:34,2024-10-19 21:59:43,695,7571.0,877.0,finished,,612.0,8,,
2024-10-19 23:10:04,2024-10-19 23:10:12,2024-10-19 23:28:28,606,6912.0,794.0,finished,,243.0,4,,
2024-10-19 23:33:07,2024-10-19 23:33:11,2024-10-19 23:45:17,8,7582.0,680.0,finished,,26.0,2,,
2024-10-19 23:41:46,2024-10-19 23:41:52,2024-10-20 00:00:04,926,5686.0,683.0,finished,,393.0,8,,
2024-10-19 23:54:55,2024-10-19 23:54:59,2024-10-20 00:11:38,1064,6095.0,492.0,finished,,481.0,9,,
2024-10-20 00:15:00,2024-10-20 00:15:10,2024-10-20 00:32:30,1887,6872.0,586.0,finished,,412.0,6,,
2024-10-20 01:02:08,2024-10-20 01:02:12,2024-10-20 01:13:29,371,3660.0,532.0,finished,,116.0,2,,
2024-10-20 01:07:02,2024-10-20 01:07:14,2024-10-20 01:27:21,773,5161.0,580.0,finished,,543.0,9,,
2024-10-20 01:18:56,2024-10-20 01:19:04,2024-10-20 01:44:23,721,5228.0,666.0,finished,,632.0,10,,
2024-10-20 14:30:51,2024-10-20 14:30:57,2024-10-20 14:46:41,1149,3965.0,413.0,finished,,524.0,6,,
2024-10-20 14:51:06,2024-10-20 14:51:11,2024-10-20 15:05:17,568,3259.0,579.0,finished,,252.0,4,,
2024-10-21 10:47:56,2024-10-21 10:48:01,2024-10-21 11:12:02,1500,6250.0,963.0,finished,,441.0,8,,
2024-10-21 11:03:32,,,1342,,,client_cancelled,,,14,,
2024-10-21 11:11:08,2024-10-21 11:11:12,2024-10-21 11:27:47,1138,3124.0,593.0,finished,,377.0,5,,
2024-10-21 11:21:37,,,3013,,,driver_did_not_respond,,,24,,
2024-10-21 11:22:09,2024-10-21 11:22:16,2024-10-21 11:54:46,1567,4099.0,1078.0,finished,,852.0,15,,
2024-10-21 12:03:33,2024-10-21 12:03:38,2024-10-21 12:25:11,872,6401.0,1027.0,finished,,256.0,4,,
2024-10-21 13:01:42,2024-10-21 13:01:48,2024-10-21 13:16:46,908,1413.0,339.0,finished,,249.0,6,,
2024-10-21 16:56:05,2024-10-21 16:56:12,2024-10-21 17:18:42,1976,5100.0,903.0,finished,,441.0,8,,
2024-10-23 12:55:39,2024-10-23 12:55:48,2024-10-23 13:28:36,1034,5887.0,1578.0,finished,,187.0,7,,
2024-10-23 15:50:05,2024-10-23 15:50:11,2024-10-23 16:47:14,3572,15530.0,2683.0,finished,,723.0,9,,
2024-10-23 16:42:57,2024-10-23 16:43:07,2024-10-23 17:06:36,1415,2950.0,584.0,finished,,815.0,10,,
2024-10-23 17:05:25,2024-10-23 17:05:32,2024-10-23 17:32:22,662,6525.0,1260.0,finished,,327.0,7,,
2024-10-24 16:55:07,2024-10-24 16:55:10,2024-10-24 17:31:50,274,14170.0,1714.0,finished,,388.0,3,,
2024-10-24 17:30:08,2024-10-24 17:30:12,2024-10-24 18:00:36,260,11163.0,1522.0,finished,,263.0,3,,
2024-10-25 19:27:06,2024-10-25 19:27:15,2024-10-25 19:43:01,589,2732.0,527.0,finished,,410.0,4,,
2024-10-26 19:49:36,2024-10-26 19:49:44,2024-10-26 20:24:58,1619,13855.0,1416.0,finished,,411.0,7,,
2024-10-27 16:16:37,2024-10-27 16:16:55,2024-10-27 16:49:52,3362,7999.0,1183.0,finished,,590.0,10,,
2024-10-27 16:39:23,2024-10-27 16:39:29,2024-10-27 17:20:01,1232,8736.0,1347.0,finished,,1008.0,15,,
2024-10-27 17:11:37,,,4569,,,driver_rejected,driver_rejected,,21,,
2024-10-27 17:12:45,,,3260,,,driver_rejected,driver_rejected,,24,,
2024-10-27 17:23:53,2024-10-27 17:24:03,2024-10-27 17:36:47,540,3268.0,549.0,finished,,207.0,4,,
2024-10-27 17:38:43,2024-10-27 17:38:48,2024-10-27 18:06:34,869,7773.0,1284.0,finished,,324.0,5,,
2024-10-27 17:58:28,2024-10-27 17:58:42,2024-10-27 18:32:17,1549,5313.0,874.0,finished,,831.0,14,,
2024-10-27 18:30:18,2024-10-27 18:30:32,2024-10-27 18:50:27,1723,2255.0,471.0,finished,,690.0,12,,
2024-10-27 18:45:13,,,3415,,,client_cancelled,,,14,,
2024-10-27 18:45:33,,,1247,,,client_cancelled,,,12,,
2024-10-31 23:38:52,2024-10-31 23:38:58,2024-10-31 23:59:07,2465,4538.0,662.0,finished,,538.0,8,,
2024-10-31 23:53:01,,,4447,,,client_cancelled,,,16,,
2024-11-01 00:00:36,2024-11-01 00:00:38,2024-11-01 00:11:51,624,1528.0,239.0,finished,,292.0,4,,
2024-11-01 00:12:15,2024-11-01 00:12:20,2024-11-01 00:35:38,574,12832.0,1105.0,finished,,286.0,4,,
2024-11-01 00:43:38,2024-11-01 00:43:42,2024-11-01 00:59:22,3388,3899.0,467.0,finished,,318.0,6,,
2024-11-01 00:53:36,2024-11-01 00:53:41,2024-11-01 01:22:35,356,8706.0,1010.0,finished,,584.0,10,,
2024-11-01 01:14:48,2024-11-01 01:15:03,2024-11-01 01:46:03,1134,8510.0,767.0,finished,,994.0,14,,
2024-11-01 01:48:45,2024-11-01 01:48:58,2024-11-01 02:11:00,4985,4549.0,701.0,finished,,607.0,9,,
2024-11-01 02:16:30,2024-11-01 02:16:35,2024-11-01 02:26:11,162,4820.0,389.0,finished,,107.0,1,,
2024-11-01 02:28:04,2024-11-01 02:28:16,,2479,,,client_did_not_show,client_did_not_show,499.0,7,,
2024-11-01 02:49:26,2024-11-01 02:49:32,2024-11-01 03:09:26,1087,7657.0,813.0,finished,,375.0,5,,
2024-11-01 03:11:41,2024-11-01 03:11:46,2024-11-01 03:30:30,1982,5381.0,737.0,finished,,332.0,5,,
2024-11-01 03:30:59,2024-11-01 03:31:05,2024-11-01 03:43:43,1708,2837.0,398.0,finished,,310.0,5,,
2024-11-01 03:38:21,2024-11-01 03:38:28,2024-11-01 03:58:29,15,4785.0,548.0,finished,,476.0,6,,
2024-11-01 14:28:38,,,2444,,,client_cancelled,,,14,,
2024-11-01 14:46:41,2024-11-01 14:46:46,2024-11-01 15:06:04,568,3130.0,736.0,finished,,395.0,6,,
2024-11-01 15:01:34,2024-11-01 15:01:43,2024-11-01 15:24:06,1676,4416.0,598.0,finished,,725.0,16,,
2024-11-01 15:19:34,2024-11-01 15:19:40,2024-11-01 15:46:50,442,1972.0,861.0,finished,,477.0,14,,
2024-11-01 15:38:17,2024-11-01 15:38:24,2024-11-01 16:10:50,1280,6878.0,933.0,finished,,1001.0,8,,
2024-11-01 16:15:55,2024-11-01 16:16:01,2024-11-01 16:31:32,983,3694.0,555.0,finished,,334.0,5,,
2024-11-01 16:29:08,2024-11-01 16:29:14,2024-11-01 16:48:11,144,6025.0,817.0,finished,,228.0,7,,
2024-11-01 17:43:11,,,4374,,,client_cancelled,,,12,,
2024-11-01 17:45:24,2024-11-01 17:45:38,2024-11-01 18:10:21,1139,6511.0,848.0,finished,,588.0,9,,
2024-11-01 18:02:58,2024-11-01 18:03:08,,546,,,client_did_not_show,do_not_wish_to_serve_this_client,757.0,11,,
2024-11-01 19:39:47,2024-11-01 19:39:55,2024-11-01 19:50:28,380,2046.0,311.0,finished,,300.0,3,,
2024-11-01 19:52:36,2024-11-01 19:52:40,2024-11-01 20:12:02,103,5199.0,871.0,finished,,276.0,2,,
2024-11-01 20:19:42,2024-11-01 20:19:48,2024-11-01 20:28:37,566,1436.0,233.0,finished,,278.0,4,,
2024-11-01 20:32:39,2024-11-01 20:32:44,2024-11-01 20:58:23,156,7847.0,1307.0,finished,,184.0,3,,
2024-11-01 20:56:04,2024-11-01 20:56:10,2024-11-01 21:21:24,1971,4921.0,734.0,finished,,686.0,9,,
2024-11-01 21:31:43,2024-11-01 21:31:47,2024-11-01 21:47:49,382,4943.0,691.0,finished,,211.0,3,,
2024-11-01 21:47:19,2024-11-01 21:47:25,2024-11-01 22:02:01,1305,2505.0,301.0,finished,,333.0,6,,
2024-11-05 15:12:48,2024-11-05 15:12:57,2024-11-05 15:34:10,1202,3648.0,713.0,finished,,462.0,8,,
2024-11-05 15:28:35,2024-11-05 15:28:46,2024-11-05 16:11:59,1409,12903.0,1803.0,finished,,705.0,12,,
2024-11-06 08:43:54,2024-11-06 08:44:01,2024-11-06 09:10:42,1239,5471.0,992.0,finished,,511.0,6,,
2024-11-09 09:34:30,2024-11-09 09:34:39,2024-11-09 09:47:20,513,1257.0,300.0,finished,,418.0,5,,
2024-11-09 10:38:48,,,3019,,,client_cancelled,,,11,,
2024-11-09 15:49:18,2024-11-09 15:49:21,2024-11-09 16:01:19,223,2241.0,563.0,finished,,111.0,2,,
2024-11-09 16:02:06,,,4864,,,client_cancelled,,,11,,
2024-11-10 04:25:12,,,2866,,,driver_rejected,driver_rejected,,10,,
2024-11-10 04:26:21,,,3436,,,driver_rejected,driver_rejected,,10,,
2024-11-10 05:05:49,,,3270,,,client_cancelled,,,13,,
2024-11-10 05:06:24,2024-11-10 05:06:27,2024-11-10 05:27:51,25,6323.0,1076.0,finished,,37.0,3,,
2024-11-10 05:19:15,2024-11-10 05:19:29,2024-11-10 06:06:55,3556,10236.0,1313.0,finished,,1396.0,19,,
2024-11-10 05:57:23,2024-11-10 05:57:39,,4301,,,client_cancelled,,1233.0,20,,
2024-11-10 06:28:42,2024-11-10 06:29:00,,2515,,,client_cancelled,,,10,,
2024-11-10 06:29:16,2024-11-10 06:29:34,2024-11-10 06:47:58,2549,2554.0,385.0,finished,,566.0,9,,
2024-11-10 06:43:33,2024-11-10 06:43:38,2024-11-10 07:06:55,807,4326.0,814.0,finished,,575.0,10,,
2024-11-10 06:59:12,2024-11-10 06:59:19,2024-11-10 07:30:11,1187,10524.0,1113.0,finished,,693.0,12,,
2024-11-10 07:23:54,,,3287,,,client_cancelled,,,18,,
2024-11-10 07:26:26,2024-11-10 07:26:38,2024-11-10 07:45:07,1539,2863.0,310.0,finished,,785.0,10,,
2024-11-10 07:43:41,,,3607,,,driver_did_not_respond,,,12,,
2024-11-10 07:44:52,2024-11-10 07:45:01,2024-11-10 08:17:58,3221,13507.0,1492.0,finished,,459.0,10,,
2024-11-10 08:11:54,2024-11-10 08:12:09,,1306,,,client_cancelled,,,12,,
2024-11-10 08:20:23,,,2748,,,driver_did_not_respond,,,10,,
2024-11-15 15:18:12,,,3926,,,client_cancelled,,,12,,
2024-11-15 18:37:15,2024-11-15 18:37:18,2024-11-15 19:11:23,3,16513.0,1892.0,finished,,58.0,1,,
2024-11-15 21:03:57,2024-11-15 21:04:01,,719,,,client_cancelled,,,3,,
2024-11-16 19:48:06,2024-11-16 19:48:20,2024-11-16 20:04:20,1079,3261.0,578.0,finished,,375.0,5,,
2024-11-16 20:03:55,2024-11-16 20:04:07,2024-11-16 20:31:27,1474,13531.0,1216.0,finished,,324.0,7,,
2024-11-17 05:58:35,,,3594,,,driver_did_not_respond,,,9,,
2024-11-30 06:03:20,2024-11-30 06:03:32,2024-11-30 06:25:27,2758,4285.0,500.0,finished,,534.0,8,,
2024-11-30 06:23:53,2024-11-30 06:24:00,2024-11-30 06:38:00,994,3527.0,370.0,finished,,395.0,5,,
2024-11-30 06:38:30,2024-11-30 06:38:40,2024-11-30 06:58:47,1465,5803.0,601.0,finished,,587.0,6,,
2024-11-30 07:02:40,2024-11-30 07:02:44,2024-11-30 07:23:01,1018,5251.0,827.0,finished,,356.0,7,,
2024-11-30 07:14:43,2024-11-30 07:14:53,,2653,,,client_cancelled,,,15,,
2024-11-30 07:20:43,2024-11-30 07:20:52,2024-11-30 07:52:39,3358,12384.0,1098.0,finished,,788.0,13,,
2024-12-01 05:39:46,2024-12-01 05:39:52,,1529,,,client_cancelled,,,5,,
2024-12-01 06:12:21,2024-12-01 06:12:37,2024-12-01 06:40:18,2341,7510.0,838.0,finished,,578.0,8,,
2024-12-01 06:29:29,,,3086,,,driver_did_not_respond,,,18,,
2024-12-01 06:31:04,2024-12-01 06:31:22,2024-12-01 07:08:02,3746,10215.0,919.0,finished,,1251.0,19,,
2024-12-01 17:11:13,2024-12-01 17:11:17,2024-12-01 17:37:06,639,9759.0,1335.0,finished,,206.0,3,,
2024-12-02 18:04:15,2024-12-02 18:04:26,2024-12-02 18:13:38,443,1813.0,209.0,finished,,336.0,6,,
2024-12-02 18:12:08,2024-12-02 18:12:22,2024-12-02 18:54:16,3059,12878.0,1639.0,finished,,595.0,11,,
2024-12-04 14:55:23,2024-12-04 14:55:32,2024-12-04 15:18:49,1695,5203.0,672.0,finished,,524.0,13,,
2024-12-04 15:11:49,2024-12-04 15:11:56,2024-12-04 15:39:13,39,6758.0,1149.0,finished,,427.0,8,,
2024-12-04 15:34:55,2024-12-04 15:35:01,2024-12-04 15:56:02,300,3211.0,901.0,finished,,309.0,7,,
2024-12-04 15:51:52,2024-12-04 15:51:59,2024-12-04 16:20:07,1861,7368.0,1005.0,finished,,618.0,17,,
2024-12-04 16:39:10,2024-12-04 16:39:13,2024-12-04 17:17:03,553,12879.0,1317.0,finished,,597.0,6,,
2024-12-04 17:07:08,2024-12-04 17:07:13,2024-12-04 17:36:07,163,9028.0,1027.0,finished,,696.0,9,,
2024-12-04 17:32:11,,,4487,,,driver_did_not_respond,,,20,,
2024-12-06 08:10:14,2024-12-06 08:10:32,2024-12-06 08:32:12,1641,4972.0,787.0,finished,,409.0,7,,
2024-12-06 08:36:29,2024-12-06 08:36:41,2024-12-06 08:52:39,917,2157.0,573.0,finished,,371.0,6,,
2024-12-07 04:24:06,,,2601,,,client_cancelled,,,7,,
2024-12-07 06:08:45,2024-12-07 06:08:52,2024-12-07 06:26:38,2106,8421.0,854.0,finished,,195.0,4,,
2024-12-07 19:53:40,2024-12-07 19:53:58,2024-12-07 20:37:30,4615,16416.0,1473.0,finished,,1023.0,13,,
2024-12-07 20:38:00,2024-12-07 20:38:08,2024-12-07 21:03:10,680,4421.0,722.0,finished,,346.0,5,,
2024-12-08 04:29:44,2024-12-08 04:29:49,2024-12-08 04:49:03,361,4151.0,712.0,finished,,190.0,2,,
2024-12-08 04:39:27,2024-12-08 04:39:37,2024-12-08 05:08:52,447,5166.0,724.0,finished,,847.0,10,,
2024-12-08 05:00:00,2024-12-08 05:00:16,2024-12-08 05:40:03,1963,12223.0,1089.0,finished,,1286.0,16,,
2024-12-08 05:31:06,2024-12-08 05:31:19,,3568,,,client_cancelled,,,19,,
2024-12-08 05:32:54,,,3879,,,driver_did_not_respond,,,18,,
2024-12-08 05:33:34,2024-12-08 05:33:55,2024-12-08 05:57:01,2451,3378.0,390.0,finished,,799.0,12,,
2024-12-08 05:55:34,2024-12-08 05:55:43,2024-12-08 06:07:17,308,2918.0,522.0,finished,,162.0,3,,
2024-12-08 07:55:58,2024-12-08 07:56:02,2024-12-08 08:31:13,1687,10505.0,1583.0,finished,,360.0,6,,
2024-12-14 15:59:43,2024-12-14 15:59:47,2024-12-14 16:23:18,481,10318.0,1193.0,finished,,208.0,3,,
2024-12-14 16:18:22,,,2773,,,client_cancelled,,,17,,
2024-12-14 16:19:16,2024-12-14 16:19:31,2024-12-14 16:44:28,1482,5984.0,904.0,finished,,584.0,9,,
2024-12-14 16:39:44,2024-12-14 16:39:56,2024-12-14 17:16:38,1878,4681.0,729.0,finished,,1341.0,16,,
2024-12-15 06:27:27,2024-12-15 06:27:31,2024-12-15 07:08:29,3599,13592.0,1564.0,finished,,760.0,8,,
2024-12-15 07:07:31,2024-12-15 07:07:43,2024-12-15 07:51:52,2960,9616.0,1567.0,finished,,1039.0,10,,
2024-12-15 07:39:01,2024-12-15 07:39:15,2024-12-15 08:18:44,2879,5761.0,786.0,finished,,1571.0,19,,
2024-12-15 08:08:05,,,2283,,,client_cancelled,,,17,,
2024-12-15 08:08:43,,,3151,,,client_cancelled,,,18,,
2024-12-15 08:09:01,,,2350,,,driver_did_not_respond,,,17,,
2024-12-15 08:09:34,2024-12-15 08:09:40,2024-12-15 08:43:00,987,5842.0,1011.0,finished,,782.0,13,,
2024-12-15 08:35:12,2024-12-15 08:35:26,,2923,,,client_cancelled,,,16,,
2024-12-15 08:36:35,2024-12-15 08:36:46,2024-12-15 09:16:01,988,12459.0,1459.0,finished,,702.0,10,,
2024-12-21 06:09:23,2024-12-21 06:09:34,2024-12-21 06:30:01,4754,7755.0,729.0,finished,,491.0,9,,
2024-12-21 06:21:33,2024-12-21 06:21:53,2024-12-21 06:54:32,911,3287.0,625.0,finished,,1250.0,13,,
2024-12-21 06:44:56,,,2430,,,driver_did_not_respond,,,15,,
2024-12-21 06:47:34,,,3564,,,driver_rejected,driver_rejected,,17,,
2024-12-21 08:49:37,2024-12-21 08:49:45,2024-12-21 09:13:45,2583,4114.0,447.0,finished,,634.0,8,,
2024-12-22 06:01:13,2024-12-22 06:01:22,2024-12-22 06:34:47,3355,8131.0,1128.0,finished,,870.0,10,,
2024-12-22 06:26:31,2024-12-22 06:26:49,2024-12-22 07:06:59,3769,5833.0,951.0,finished,,1402.0,21,,
2025-01-02 10:40:58,2025-01-02 10:41:06,2025-01-02 11:04:02,1073,7795.0,946.0,finished,,382.0,5,,
2025-01-02 11:00:53,,,2625,,,driver_did_not_respond,,,13,,
2025-01-02 11:51:30,2025-01-02 11:51:34,2025-01-02 12:11:44,636,6104.0,685.0,finished,,492.0,4,,
2025-01-02 12:06:19,2025-01-02 12:06:29,2025-01-02 12:43:10,3100,8654.0,887.0,finished,,1121.0,18,,
2025-01-02 13:31:10,2025-01-02 13:31:18,2025-01-02 13:57:40,1635,5877.0,1059.0,finished,,501.0,6,,
2025-01-02 13:54:50,2025-01-02 13:55:08,2025-01-02 14:17:14,910,3580.0,924.0,finished,,274.0,7,,
2025-01-02 14:32:54,2025-01-02 14:33:03,2025-01-02 14:49:51,245,2987.0,637.0,finished,,323.0,5,,
2025-01-02 14:50:56,2025-01-02 14:51:05,2025-01-02 15:24:05,149,11412.0,1561.0,finished,,354.0,4,,
2025-01-02 15:58:56,2025-01-02 15:59:02,2025-01-02 16:25:38,861,11845.0,1405.0,finished,,169.0,3,,
2025-01-02 16:38:40,2025-01-02 16:38:54,,2597,,,client_did_not_show,client_did_not_show,627.0,8,,
2025-01-03 06:59:28,2025-01-03 06:59:33,,345,,,client_cancelled,,,3,,
2025-01-03 11:37:02,2025-01-03 11:37:07,2025-01-03 11:51:46,859,3040.0,534.0,finished,,339.0,8,,
2025-01-03 11:48:13,2025-01-03 11:48:28,2025-01-03 12:07:29,1070,2727.0,533.0,finished,,515.0,11,,
2025-01-03 12:06:40,2025-01-03 12:06:46,2025-01-03 12:26:19,438,6501.0,834.0,finished,,307.0,5,,
2025-01-03 12:19:18,2025-01-03 12:19:27,2025-01-03 12:42:43,2188,5171.0,488.0,finished,,772.0,12,,
2025-01-03 12:36:57,2025-01-03 12:37:09,2025-01-03 12:59:33,616,5779.0,697.0,finished,,631.0,12,,
2025-01-03 12:56:52,2025-01-03 12:57:07,2025-01-03 13:22:03,804,2265.0,537.0,finished,,632.0,9,,
2025-01-03 13:17:04,2025-01-03 13:17:08,2025-01-03 13:30:19,152,2673.0,375.0,finished,,354.0,2,,
2025-01-03 17:35:25,2025-01-03 17:35:30,2025-01-03 17:56:59,430,5376.0,871.0,finished,,183.0,3,,
2025-01-04 04:00:08,,,4880,,,driver_rejected,driver_rejected,,13,,
2025-01-04 04:38:35,,,1979,,,client_cancelled,,,6,,
2025-01-04 05:14:40,2025-01-04 05:14:47,2025-01-04 05:35:21,2049,7357.0,680.0,finished,,541.0,7,,
2025-01-04 14:49:01,2025-01-04 14:49:09,2025-01-04 15:00:37,556,1681.0,387.0,finished,,206.0,3,,
2025-01-04 14:56:36,2025-01-04 14:56:40,2025-01-04 15:35:25,2222,13270.0,1330.0,finished,,979.0,12,,
2025-01-04 15:36:35,2025-01-04 15:36:40,2025-01-04 16:12:06,2780,12822.0,1250.0,finished,,843.0,10,,
2025-01-04 17:34:49,2025-01-04 17:35:04,2025-01-04 17:55:07,726,5210.0,845.0,finished,,352.0,5,,
2025-01-04 18:27:27,2025-01-04 18:27:41,,144,,,client_did_not_show,client_asked_to_cancel,67.0,2,,
2025-01-05 05:01:39,2025-01-05 05:01:53,2025-01-05 05:20:46,352,4401.0,868.0,finished,,237.0,3,,
2025-01-05 05:58:13,2025-01-05 05:58:19,2025-01-05 06:12:19,1630,2522.0,399.0,finished,,406.0,5,,
2025-01-05 06:13:59,2025-01-05 06:14:08,2025-01-05 06:37:44,1012,3413.0,860.0,finished,,530.0,5,,
2025-01-05 06:30:34,2025-01-05 06:30:45,,1960,,,client_cancelled,,,11,,
2025-01-05 06:35:22,,,4060,,,client_cancelled,,,12,,
2025-01-05 06:40:08,2025-01-05 06:40:16,2025-01-05 06:59:42,2176,3571.0,587.0,finished,,570.0,9,,
2025-01-05 06:52:49,2025-01-05 06:52:58,2025-01-05 07:17:55,1624,6541.0,744.0,finished,,733.0,11,,
2025-01-07 08:06:41,2025-01-07 08:06:50,2025-01-07 08:24:46,343,5439.0,835.0,finished,,153.0,2,,
2025-01-07 13:36:01,2025-01-07 13:36:07,2025-01-07 13:58:11,1658,4326.0,815.0,finished,,436.0,8,,
2025-01-07 13:51:55,2025-01-07 13:52:06,2025-01-07 14:18:28,1209,3024.0,768.0,finished,,754.0,14,,
2025-01-08 11:58:53,2025-01-08 11:58:59,2025-01-08 12:11:24,393,4578.0,532.0,finished,,187.0,4,,
2025-01-08 12:07:01,2025-01-08 12:07:07,2025-01-08 12:38:24,2425,6394.0,914.0,finished,,955.0,15,,
2025-01-08 15:47:17,2025-01-08 15:47:22,2025-01-08 16:08:57,2161,5396.0,740.0,finished,,525.0,7,,
2025-01-09 15:12:19,2025-01-09 15:12:28,2025-01-09 15:37:18,641,5928.0,1355.0,finished,,125.0,3,,
2025-01-09 15:30:36,2025-01-09 15:30:42,2025-01-09 15:55:34,595,6074.0,783.0,finished,,632.0,13,,
2025-01-09 15:53:27,2025-01-09 15:53:32,2025-01-09 16:15:02,1410,6055.0,806.0,finished,,457.0,8,,
2025-01-09 16:13:44,2025-01-09 16:13:59,2025-01-09 16:45:07,3248,11219.0,1175.0,finished,,677.0,12,,
2025-01-10 13:24:11,2025-01-10 13:24:26,2025-01-10 13:57:03,1120,6519.0,1199.0,finished,,751.0,7,,
2025-01-10 13:53:39,,,2880,,,driver_rejected,driver_rejected,,18,,
2025-01-10 13:54:35,2025-01-10 13:54:41,2025-01-10 14:20:23,1646,4375.0,954.0,finished,,573.0,12,,
2025-01-10 14:20:58,2025-01-10 14:21:15,2025-01-10 14:44:54,1133,3312.0,1075.0,finished,,219.0,5,,
2025-01-10 14:39:10,,,1187,,,client_cancelled,,,12,,
2025-01-10 14:40:07,2025-01-10 14:40:23,2025-01-10 15:09:30,1018,7585.0,1067.0,finished,,587.0,15,,
2025-01-10 15:29:22,,,3011,,,client_cancelled,,,18,,
2025-01-10 16:49:20,2025-01-10 16:49:24,2025-01-10 17:12:22,232,6242.0,995.0,finished,,355.0,4,,
2025-01-10 17:32:21,2025-01-10 17:32:29,2025-01-10 17:54:07,44,6938.0,1189.0,finished,,8.0,1,,
2025-01-10 17:54:31,,,645,,,client_cancelled,,,6,,
2025-01-10 18:44:15,2025-01-10 18:44:20,2025-01-10 19:25:26,694,14438.0,2090.0,finished,,358.0,4,,
2025-01-11 06:11:09,2025-01-11 06:11:15,2025-01-11 06:39:34,791,13554.0,1300.0,finished,,355.0,5,,
2025-01-11 13:06:46,2025-01-11 15:10:53,2025-01-11 15:31:38,1449,1675.0,340.0,finished,,545.0,6,,
2025-01-11 15:30:19,2025-01-11 15:30:33,2025-01-11 15:54:11,1520,4861.0,834.0,finished,,578.0,8,,
2025-01-11 15:50:01,2025-01-11 15:50:10,2025-01-11 16:08:08,364,4578.0,686.0,finished,,369.0,6,,
2025-01-11 16:09:47,2025-01-11 16:09:55,2025-01-11 16:41:37,1567,8498.0,1346.0,finished,,441.0,8,,
2025-01-11 16:32:38,2025-01-11 16:32:51,2025-01-11 17:18:27,2598,9438.0,1569.0,finished,,1132.0,19,,
2025-01-12 05:37:57,,,3840,,,driver_rejected,driver_rejected,,9,,
2025-01-12 08:55:01,2025-01-12 08:55:11,2025-01-12 09:44:45,4484,14844.0,1501.0,finished,,1377.0,11,,
2025-01-12 09:36:02,2025-01-12 09:36:20,2025-01-12 10:05:31,3438,5374.0,488.0,finished,,1245.0,18,,
2025-01-12 10:04:31,,,4849,,,client_cancelled,,,14,,
2025-01-15 16:52:03,2025-01-15 16:52:07,2025-01-15 17:20:45,125,10031.0,1531.0,finished,,165.0,1,,
2025-01-16 06:58:11,2025-01-16 06:58:16,2025-01-16 07:29:21,1249,5422.0,1013.0,finished,,611.0,8,,
2025-01-16 07:34:54,2025-01-16 07:34:58,2025-01-16 08:04:03,492,6009.0,1158.0,finished,,506.0,7,,
2025-01-16 16:36:41,2025-01-16 16:36:53,2025-01-16 17:00:34,3226,6695.0,944.0,finished,,467.0,9,,
2025-01-17 07:27:43,2025-01-17 07:27:54,2025-01-17 07:39:24,414,1568.0,317.0,finished,,362.0,3,,
2025-01-17 07:42:53,2025-01-17 07:43:00,2025-01-17 08:07:43,1146,5784.0,962.0,finished,,321.0,6,,
2025-01-17 08:04:17,2025-01-17 08:04:24,2025-01-17 08:21:38,702,2698.0,543.0,finished,,481.0,7,,
2025-01-17 08:25:46,2025-01-17 08:25:57,2025-01-17 08:45:46,859,4767.0,742.0,finished,,189.0,4,,
2025-01-17 08:35:29,,,4261,,,driver_rejected,driver_rejected,,22,,
2025-01-17 08:35:46,2025-01-17 08:35:58,,1697,,,client_cancelled,,,19,,
2025-01-17 15:05:16,2025-01-17 15:05:24,2025-01-17 15:23:32,1576,6735.0,724.0,finished,,357.0,7,,
2025-01-17 15:21:50,,,687,,,client_cancelled,,,9,,
2025-01-17 15:22:52,2025-01-17 15:22:57,2025-01-17 16:01:53,895,11396.0,1758.0,finished,,564.0,8,,
2025-01-17 15:55:55,2025-01-17 15:56:01,2025-01-17 16:26:11,1402,4463.0,932.0,finished,,872.0,15,,
2025-01-18 15:06:11,2025-01-18 15:06:21,2025-01-18 15:19:52,162,2388.0,715.0,finished,,66.0,2,,
2025-01-18 15:20:56,2025-01-18 15:21:01,2025-01-18 15:28:44,19,2982.0,404.0,finished,,52.0,1,,
2025-01-18 15:29:12,2025-01-18 15:44:16,2025-01-18 16:35:15,3993,19998.0,2671.0,finished,,272.0,4,,
2025-01-18 16:38:38,2025-01-18 16:38:46,2025-01-18 16:55:59,22,3524.0,762.0,finished,,30.0,1,,
2025-01-18 16:53:12,2025-01-18 16:53:19,,31,,,client_cancelled,,222.0,3,,
2025-01-18 16:59:18,2025-01-18 16:59:30,2025-01-18 17:11:35,469,3095.0,416.0,finished,,303.0,4,,
2025-01-18 17:09:50,2025-01-18 17:09:58,2025-01-18 17:21:29,251,1622.0,374.0,finished,,305.0,6,,
2025-01-18 17:27:12,,,250,,,payment_booking_failed,,,3,,
2025-01-18 17:29:06,2025-01-18 17:29:13,2025-01-18 17:45:02,80,4371.0,776.0,finished,,8.0,1,,
2025-01-21 08:04:13,2025-01-21 08:04:22,2025-01-21 08:19:01,133,4103.0,726.0,finished,,40.0,2,,
2025-01-21 08:21:27,2025-01-21 08:21:32,2025-01-21 08:44:48,1599,2320.0,297.0,finished,,768.0,8,,
2025-01-21 08:42:21,2025-01-21 08:42:27,2025-01-21 08:56:40,227,3201.0,575.0,finished,,262.0,4,,
2025-01-21 08:50:38,2025-01-21 08:50:48,2025-01-21 09:20:10,784,6638.0,873.0,finished,,881.0,8,,
2025-01-27 13:19:21,2025-01-27 13:19:28,2025-01-27 13:33:16,987,4232.0,473.0,finished,,297.0,3,,
2025-01-27 13:43:52,2025-01-27 13:43:58,2025-01-27 14:11:26,3226,7550.0,1142.0,finished,,468.0,8,,
2025-02-01 04:29:02,2025-02-01 04:29:09,2025-02-01 04:37:10,485,1349.0,218.0,finished,,161.0,3,,
2025-02-01 04:36:28,2025-02-01 04:36:35,2025-02-01 05:01:43,633,6759.0,1087.0,finished,,202.0,4,,
2025-02-01 04:53:03,2025-02-01 04:53:09,2025-02-01 05:24:05,731,6605.0,996.0,finished,,743.0,12,,
2025-02-01 05:20:17,2025-02-01 05:20:36,2025-02-01 05:47:30,3014,5182.0,684.0,finished,,877.0,15,,
2025-02-01 05:41:32,2025-02-01 05:41:42,,1617,,,client_cancelled,,,14,,
2025-02-01 05:44:49,2025-02-01 05:45:01,2025-02-01 06:04:05,661,6793.0,768.0,finished,,293.0,6,,
2025-02-01 05:54:14,2025-02-01 05:54:24,2025-02-01 06:23:20,1852,2818.0,556.0,finished,,1173.0,17,,
2025-02-01 06:20:32,2025-02-01 06:20:47,2025-02-01 06:43:13,707,6879.0,805.0,finished,,394.0,6,,
2025-02-01 06:36:46,2025-02-01 06:37:05,2025-02-01 07:11:35,3553,11120.0,1117.0,finished,,902.0,15,,
2025-02-02 04:59:58,2025-02-02 05:00:08,2025-02-02 05:14:58,352,2982.0,535.0,finished,,320.0,4,,
2025-02-02 06:32:09,2025-02-02 06:32:22,2025-02-02 06:47:33,2149,4454.0,492.0,finished,,387.0,6,,
2025-02-02 06:42:44,2025-02-02 06:42:55,2025-02-02 07:28:06,2900,12280.0,1650.0,finished,,855.0,15,,
2025-02-02 07:19:12,2025-02-02 07:19:28,2025-02-02 08:12:08,3413,8750.0,1239.0,finished,,1343.0,17,,
2025-02-03 07:51:52,2025-02-03 07:52:00,2025-02-03 08:26:54,4666,14497.0,1355.0,finished,,696.0,9,,
2025-02-03 09:20:40,,,2925,,,driver_did_not_respond,,,8,,
2025-02-03 09:46:18,2025-02-03 09:46:32,2025-02-03 10:14:14,4589,8014.0,968.0,finished,,607.0,10,,
2025-02-06 15:15:06,2025-02-06 15:15:11,,180,,,client_cancelled,,458.0,5,,
2025-02-06 16:47:24,,,415,,,client_cancelled,,,2,,
2025-02-06 17:12:12,2025-02-06 17:12:16,2025-02-06 17:37:46,323,4439.0,1101.0,finished,,415.0,3,,
2025-02-06 17:38:13,2025-02-06 17:38:19,2025-02-06 17:57:58,626,6510.0,901.0,finished,,269.0,4,,
2025-02-06 18:00:31,2025-02-06 18:00:40,2025-02-06 18:19:48,285,4031.0,816.0,finished,,226.0,3,,
2025-02-07 07:45:35,2025-02-07 07:45:44,2025-02-07 08:17:45,2859,8744.0,1208.0,finished,,704.0,8,,
2025-02-08 04:57:14,2025-02-08 04:57:23,2025-02-08 05:11:32,1428,3540.0,557.0,finished,,258.0,4,,
2025-02-08 05:46:04,2025-02-08 05:46:07,,644,,,client_cancelled,,,3,,
2025-02-08 13:50:03,2025-02-08 13:50:15,2025-02-08 14:08:37,914,3118.0,600.0,finished,,468.0,7,,
2025-02-08 14:08:43,2025-02-08 14:08:47,2025-02-08 14:35:17,414,6805.0,1295.0,finished,,247.0,4,,
2025-02-08 14:35:27,2025-02-08 14:35:32,2025-02-08 14:59:48,805,8412.0,1092.0,finished,,346.0,6,,
2025-02-08 14:53:46,2025-02-08 14:54:03,2025-02-08 15:13:31,1459,1784.0,376.0,finished,,786.0,13,,
2025-02-08 15:13:05,2025-02-08 15:13:22,2025-02-08 15:46:36,3912,11174.0,1296.0,finished,,682.0,13,,
2025-02-08 16:10:27,2025-02-08 16:10:30,2025-02-08 16:38:20,623,7237.0,1271.0,finished,,394.0,5,,
2025-02-08 16:38:32,2025-02-08 16:38:45,2025-02-08 16:54:36,634,3441.0,608.0,finished,,270.0,5,,
2025-02-09 05:55:26,2025-02-09 05:55:36,2025-02-09 06:12:39,1306,3893.0,600.0,finished,,374.0,5,,
2025-02-09 06:07:32,2025-02-09 06:07:38,2025-02-09 06:30:54,1712,4279.0,699.0,finished,,603.0,11,,
2025-02-09 06:21:13,,,2559,,,driver_did_not_respond,,,18,,
2025-02-09 06:28:26,2025-02-09 06:28:31,,1757,,,client_cancelled,,,10,,
2025-02-09 06:30:35,2025-02-09 06:30:41,2025-02-09 06:48:17,1971,4591.0,511.0,finished,,430.0,7,,
2025-02-12 17:10:39,2025-02-12 17:11:00,2025-02-12 17:28:48,631,5238.0,799.0,finished,,182.0,5,,
2025-02-12 17:32:54,2025-02-12 17:33:03,2025-02-12 17:51:11,409,4155.0,706.0,finished,,131.0,5,,
2025-02-13 07:15:44,2025-02-13 07:15:48,2025-02-13 07:27:40,593,1903.0,514.0,finished,,173.0,4,,
2025-02-17 08:50:08,2025-02-17 08:50:23,2025-02-17 09:10:45,1681,4718.0,756.0,finished,,411.0,5,,
2025-02-19 16:17:37,2025-02-19 16:17:45,2025-02-19 16:30:02,1831,1954.0,348.0,finished,,379.0,5,,
2025-02-20 06:26:27,2025-02-20 06:26:35,2025-02-20 06:41:30,490,4881.0,578.0,finished,,313.0,3,,
2025-02-20 07:14:29,2025-02-20 07:14:34,2025-02-20 07:34:06,489,8639.0,948.0,finished,,215.0,4,,
2025-02-20 15:31:16,2025-02-20 15:31:22,2025-02-20 15:49:53,643,3429.0,883.0,finished,,217.0,5,,
2025-02-20 15:53:06,2025-02-20 15:53:10,2025-02-20 16:11:26,409,3871.0,667.0,finished,,391.0,5,,
2025-02-21 05:43:28,2025-02-21 05:43:32,2025-02-21 06:00:45,159,4769.0,818.0,finished,,48.0,1,,
2025-02-21 06:00:52,2025-02-21 06:00:58,2025-02-21 06:24:25,3537,6038.0,718.0,finished,,540.0,10,,
2025-02-21 08:35:22,2025-02-21 08:35:29,2025-02-21 08:56:59,1657,5006.0,741.0,finished,,542.0,8,,
2025-02-21 08:52:18,2025-02-21 08:52:25,2025-02-21 09:16:11,1669,3382.0,739.0,finished,,651.0,10,,
2025-02-21 15:07:21,2025-02-21 15:07:24,2025-02-21 15:32:29,570,6201.0,1190.0,finished,,269.0,4,,
2025-02-21 15:33:19,2025-02-21 15:33:24,2025-02-21 15:50:56,914,5937.0,720.0,finished,,240.0,5,,
2025-02-21 15:50:21,2025-02-21 15:50:26,2025-02-21 16:28:00,2727,14585.0,1740.0,finished,,483.0,10,,
2025-02-21 16:26:24,2025-02-21 16:26:30,2025-02-21 16:43:28,264,4152.0,718.0,finished,,194.0,4,,
2025-02-22 06:25:00,2025-02-22 06:25:07,2025-02-22 06:46:44,1475,6460.0,616.0,finished,,521.0,7,,
2025-02-22 06:38:17,2025-02-22 06:38:21,2025-02-22 07:05:40,1819,7445.0,851.0,finished,,757.0,15,,
2025-02-23 05:50:44,2025-02-23 05:50:50,2025-02-23 06:18:00,3471,15319.0,1221.0,finished,,404.0,8,,
2025-02-23 06:12:41,2025-02-23 06:12:50,,1666,,,client_did_not_show,client_did_not_show,683.0,13,,
2025-02-25 07:08:21,2025-02-25 07:08:32,2025-02-25 07:30:29,687,6633.0,1113.0,finished,,163.0,4,,
2025-02-26 05:09:27,2025-02-26 05:09:41,2025-02-26 05:23:37,1085,4588.0,482.0,finished,,349.0,4,,
2025-02-26 05:56:11,2025-02-26 05:56:14,2025-02-26 06:24:47,674,18899.0,1384.0,finished,,320.0,6,,
2025-02-26 08:04:06,2025-02-26 08:04:11,2025-02-26 08:31:30,1937,9242.0,1184.0,finished,,348.0,6,,
2025-02-27 05:29:01,2025-02-27 05:29:12,2025-02-27 05:46:01,1269,2616.0,540.0,finished,,463.0,6,,
2025-02-27 05:39:03,2025-02-27 05:39:09,2025-02-27 06:16:02,910,6618.0,1372.0,finished,,794.0,13,,
2025-03-01 03:42:09,2025-03-01 03:42:17,2025-03-01 03:50:44,476,1266.0,275.0,finished,,122.0,3,,
2025-03-01 03:49:36,2025-03-01 03:49:41,2025-03-01 04:08:44,1242,6089.0,785.0,finished,,345.0,6,,
2025-03-01 03:59:38,2025-03-01 03:59:46,2025-03-01 04:31:58,2599,10274.0,939.0,finished,,988.0,15,,
2025-03-01 04:24:51,2025-03-01 04:25:00,2025-03-01 04:52:16,2117,8230.0,847.0,finished,,775.0,11,,
2025-03-01 04:45:55,2025-03-01 04:46:03,2025-03-01 05:12:21,1822,6231.0,814.0,finished,,755.0,15,,
2025-03-01 06:20:14,2025-03-01 06:20:25,,257,,,client_cancelled,,,4,,
2025-03-02 04:00:18,2025-03-02 04:00:26,2025-03-02 04:12:33,299,5252.0,599.0,finished,,116.0,2,,
2025-03-02 04:08:03,2025-03-02 04:08:09,2025-03-02 04:34:12,3241,5841.0,742.0,finished,,803.0,14,,
2025-03-02 04:24:37,2025-03-02 04:24:48,2025-03-02 05:23:22,4022,8876.0,1540.0,finished,,1422.0,21,,
2025-03-02 05:10:17,,,2874,,,client_cancelled,,,19,,
2025-03-02 05:10:48,2025-03-02 05:10:54,,3479,,,client_did_not_show,client_did_not_show,1576.0,20,,
2025-03-02 06:20:39,2025-03-02 06:20:54,2025-03-02 06:37:53,38,5787.0,764.0,finished,,100.0,2,,
2025-03-02 06:36:54,,,2982,,,client_cancelled,,,10,,
2025-03-02 06:38:59,2025-03-02 06:39:03,2025-03-02 06:52:14,136,7143.0,655.0,finished,,115.0,2,,
2025-03-03 13:01:07,2025-03-03 13:01:22,2025-03-03 13:18:53,1722,2960.0,531.0,finished,,485.0,6,,
2025-03-03 13:14:12,2025-03-03 13:14:27,2025-03-03 13:51:13,1528,6798.0,1516.0,finished,,635.0,12,,
2025-03-03 13:46:15,2025-03-03 13:46:26,2025-03-03 14:06:11,904,1789.0,468.0,finished,,576.0,12,,
2025-03-03 14:06:39,2025-03-03 14:06:52,2025-03-03 14:37:54,1936,5092.0,832.0,finished,,1024.0,9,,
2025-03-04 06:18:33,2025-03-04 06:18:45,,256,,,client_cancelled,,,2,,
2025-03-05 06:21:53,2025-03-05 06:21:59,2025-03-05 06:41:55,1217,3083.0,547.0,finished,,582.0,8,,
2025-03-05 06:42:14,2025-03-05 06:42:21,2025-03-05 07:11:08,567,5199.0,1196.0,finished,,524.0,5,,
2025-03-05 11:50:49,2025-03-05 11:50:52,2025-03-05 12:15:38,1398,7894.0,1130.0,finished,,352.0,6,,
2025-03-05 12:24:55,2025-03-05 12:24:59,2025-03-05 12:49:10,605,7551.0,1149.0,finished,,297.0,4,,
2025-03-05 12:52:15,2025-03-05 12:52:20,2025-03-05 13:04:10,250,2796.0,579.0,finished,,108.0,2,,
2025-03-07 17:23:10,,,2622,,,client_cancelled,,,15,,
2025-03-08 05:44:16,2025-03-08 05:44:24,2025-03-08 06:00:35,1127,4640.0,599.0,finished,,366.0,6,,
2025-03-08 06:16:32,2025-03-08 06:16:40,2025-03-08 06:31:23,1104,1428.0,197.0,finished,,674.0,4,,
2025-03-08 06:30:03,2025-03-08 06:30:11,,1209,,,client_cancelled,,,7,,
2025-03-08 06:30:24,,,1252,,,client_cancelled,,,8,,
2025-03-08 06:31:02,2025-03-08 06:31:08,2025-03-08 06:54:06,1077,5124.0,839.0,finished,,410.0,7,,
2025-03-08 06:49:47,2025-03-08 06:49:53,2025-03-08 07:10:58,339,6345.0,794.0,finished,,465.0,9,,
2025-03-08 14:07:58,2025-03-08 14:08:02,2025-03-08 14:28:25,616,7382.0,766.0,finished,,357.0,3,,
2025-03-08 14:55:22,2025-03-08 14:55:29,2025-03-08 15:07:03,833,872.0,430.0,finished,,257.0,5,,
2025-03-08 15:07:43,2025-03-08 15:07:48,2025-03-08 15:28:25,721,6715.0,982.0,finished,,165.0,3,,
2025-03-08 15:21:14,2025-03-08 15:21:25,2025-03-08 15:45:23,323,3923.0,669.0,finished,,638.0,11,,
2025-03-08 15:42:22,2025-03-08 15:42:29,2025-03-08 16:15:44,1628,9147.0,1366.0,finished,,598.0,11,,
2025-03-08 16:17:18,2025-03-08 16:17:31,2025-03-08 16:45:57,1277,3946.0,1274.0,finished,,401.0,6,,
2025-03-08 17:00:53,2025-03-08 17:00:56,2025-03-08 17:12:03,153,3373.0,607.0,finished,,3.0,1,,
2025-03-08 17:08:31,2025-03-08 17:08:42,2025-03-08 17:30:24,1617,6498.0,959.0,finished,,336.0,5,,
2025-03-08 17:20:31,2025-03-08 17:20:37,2025-03-08 18:13:02,1419,12313.0,1528.0,finished,,1582.0,18,,
2025-03-08 18:05:43,2025-03-08 18:05:52,2025-03-08 18:37:20,433,8498.0,1175.0,finished,,679.0,11,,
2025-03-08 18:26:53,2025-03-08 18:27:08,2025-03-08 19:08:40,208,10211.0,1170.0,finished,,759.0,9,,
2025-03-08 19:01:21,,,4755,,,driver_rejected,driver_rejected,,22,,
2025-03-09 03:58:31,2025-03-09 03:58:35,2025-03-09 04:12:39,882,3093.0,548.0,finished,,201.0,3,,
2025-03-09 04:11:36,2025-03-09 04:11:47,2025-03-09 04:43:56,1842,8429.0,1346.0,finished,,349.0,8,,
2025-03-09 04:30:10,2025-03-09 04:30:15,2025-03-09 05:18:27,6781,5671.0,1054.0,finished,,1448.0,15,,
2025-03-09 05:11:21,2025-03-09 05:11:27,2025-03-09 05:49:41,2402,9603.0,1114.0,finished,,981.0,18,,
2025-03-09 05:46:32,2025-03-09 05:46:38,2025-03-09 06:24:17,1798,17281.0,1553.0,finished,,666.0,11,,
2025-03-10 05:42:26,2025-03-10 05:42:31,2025-03-10 06:17:54,3187,9796.0,1402.0,finished,,685.0,12,,
2025-03-10 06:22:19,2025-03-10 06:22:30,2025-03-10 07:04:09,3042,9916.0,1667.0,finished,,800.0,12,,
2025-03-11 15:18:35,2025-03-11 15:18:49,2025-03-11 16:00:43,2719,9073.0,1822.0,finished,,686.0,11,,
2025-03-11 15:46:09,2025-03-11 15:46:18,,1246,,,client_cancelled,,,15,,
2025-03-11 15:56:03,2025-03-11 15:56:16,2025-03-11 16:49:41,4487,14079.0,1837.0,finished,,1066.0,19,,
2025-03-12 13:04:20,2025-03-12 13:04:24,2025-03-12 13:50:54,1747,10649.0,2240.0,finished,,540.0,6,,
2025-03-12 13:34:55,2025-03-12 13:35:01,2025-03-12 14:04:48,178,5536.0,739.0,finished,,1041.0,7,,
2025-03-15 07:25:28,2025-03-15 07:25:32,2025-03-15 07:52:22,1452,13546.0,1200.0,finished,,384.0,5,,
2025-03-18 13:41:22,2025-03-18 13:41:31,2025-03-18 14:05:14,1282,6642.0,825.0,finished,,474.0,5,,
2025-03-18 16:15:16,2025-03-18 16:15:25,2025-03-18 16:27:30,1560,1373.0,406.0,finished,,288.0,6,,
2025-03-19 12:57:36,2025-03-19 12:57:42,2025-03-19 13:24:44,1673,5219.0,954.0,finished,,663.0,9,,
2025-03-19 13:46:41,2025-03-19 13:46:45,2025-03-19 14:10:32,499,5567.0,1197.0,finished,,139.0,2,,
2025-03-20 16:10:23,2025-03-20 16:10:27,2025-03-20 16:32:15,124,6999.0,1138.0,finished,,108.0,3,,
2025-03-21 05:53:55,2025-03-21 05:54:00,2025-03-21 06:16:59,1134,5781.0,965.0,finished,,294.0,5,,
2025-03-22 05:55:33,2025-03-22 05:55:40,2025-03-22 06:13:51,1581,5406.0,578.0,finished,,453.0,6,,
2025-03-22 06:58:11,2025-03-22 06:58:15,2025-03-22 07:15:30,845,5202.0,727.0,finished,,172.0,5,,
2025-03-22 08:15:00,2025-03-22 08:15:04,2025-03-22 08:26:43,1463,1815.0,346.0,finished,,348.0,6,,
2025-03-22 14:04:14,,,2435,,,client_cancelled,,,7,,
2025-03-22 18:54:16,2025-03-22 18:54:25,2025-03-22 19:20:46,4160,9025.0,944.0,finished,,631.0,9,,
2025-03-24 09:09:34,2025-03-24 09:09:46,2025-03-24 09:22:03,306,3267.0,604.0,finished,,71.0,2,,
2025-03-24 09:23:23,2025-03-24 09:23:29,2025-03-24 09:51:03,1534,6229.0,1173.0,finished,,477.0,6,,
2025-03-24 09:53:14,2025-03-24 09:53:21,2025-03-24 10:20:25,350,4708.0,1468.0,finished,,147.0,3,,
2025-03-25 11:33:26,2025-03-25 11:33:30,2025-03-25 12:04:46,1227,15190.0,1558.0,finished,,312.0,5,,
2025-03-25 14:14:51,2025-03-25 14:14:55,2025-03-25 14:55:40,1469,8568.0,2029.0,finished,,410.0,5,,
2025-03-28 08:01:53,2025-03-28 08:02:00,2025-03-28 08:21:16,1092,7983.0,773.0,finished,,375.0,6,,
2025-03-28 16:27:23,2025-03-28 16:27:26,2025-03-28 16:58:22,2060,9727.0,1305.0,finished,,476.0,8,,
2025-03-28 16:57:05,2025-03-28 16:57:11,2025-03-28 17:11:07,1166,4813.0,616.0,finished,,210.0,5,,
2025-03-29 06:27:00,2025-03-29 06:27:15,,1078,,,client_cancelled,,,4,,
2025-03-29 07:16:38,2025-03-29 07:16:43,2025-03-29 07:51:04,1925,16003.0,1796.0,finished,,235.0,4,,
2025-03-31 15:59:45,2025-03-31 15:59:50,2025-03-31 16:24:03,1332,4848.0,1065.0,finished,,356.0,5,,
2025-04-02 11:20:53,2025-04-02 11:20:59,2025-04-02 11:43:27,1072,6007.0,910.0,finished,,392.0,6,,
2025-04-03 15:50:02,,,576,,,client_cancelled,,,4,,
2025-04-05 05:00:28,2025-04-05 05:00:41,2025-04-05 05:12:33,1304,3609.0,409.0,finished,,297.0,4,,
2025-04-08 15:42:13,2025-04-08 15:42:26,,726,,,client_cancelled,,,3,,
2025-04-09 05:28:52,2025-04-09 05:29:01,2025-04-09 05:54:51,1673,4186.0,1043.0,finished,,458.0,10,,
2025-04-09 05:47:57,2025-04-09 05:48:03,,1146,,,client_cancelled,,,12,,
2025-04-11 06:18:22,2025-04-11 06:18:26,2025-04-11 06:30:35,522,2596.0,506.0,finished,,146.0,4,,
2025-04-11 15:21:43,2025-04-11 15:21:49,2025-04-11 15:35:45,281,2184.0,681.0,finished,,66.0,1,,
2025-04-11 15:35:59,2025-04-11 15:36:06,2025-04-11 15:46:55,886,2811.0,464.0,finished,,179.0,4,,
2025-04-12 04:09:13,2025-04-12 04:09:25,2025-04-12 04:23:58,1326,3689.0,550.0,finished,,279.0,4,,
2025-04-13 04:04:08,2025-04-13 04:04:20,2025-04-13 04:17:07,322,5734.0,613.0,finished,,148.0,3,,
2025-04-13 04:21:29,2025-04-13 04:21:42,2025-04-13 04:41:51,2613,5340.0,693.0,finished,,368.0,7,,
2025-04-14 04:26:34,2025-04-14 04:26:39,,1414,,,client_cancelled,,,6,,
2025-04-14 04:28:51,2025-04-14 04:29:00,2025-04-14 04:42:31,1123,2463.0,502.0,finished,,294.0,4,,
2025-04-15 04:44:39,2025-04-15 04:44:44,2025-04-15 05:14:50,447,12263.0,1542.0,finished,,109.0,2,,
2025-04-17 13:47:38,2025-04-17 13:47:50,2025-04-17 14:24:52,354,7966.0,2033.0,finished,,174.0,2,,
2025-04-17 14:16:33,2025-04-17 14:16:49,2025-04-17 14:54:41,1477,2898.0,997.0,finished,,1202.0,19,,
2025-04-17 14:48:17,2025-04-17 14:48:33,2025-04-17 15:03:44,1181,5149.0,455.0,finished,,451.0,7,,
2025-04-17 15:04:58,,,1279,,,client_cancelled,,,4,,
2025-04-17 15:07:14,2025-04-17 15:07:19,2025-04-17 15:44:31,1289,12437.0,1562.0,finished,,601.0,5,,
2025-04-18 05:55:16,2025-04-18 05:55:22,2025-04-18 06:11:46,1216,3564.0,575.0,finished,,379.0,6,,
2025-04-18 07:07:55,2025-04-18 07:08:01,2025-04-18 07:17:30,545,2916.0,346.0,finished,,178.0,2,,
2025-04-18 11:32:48,2025-04-18 11:33:04,2025-04-18 11:59:41,983,7946.0,1206.0,finished,,318.0,5,,
2025-04-18 11:55:10,2025-04-18 11:55:21,2025-04-18 12:17:45,1947,5339.0,597.0,finished,,729.0,13,,
2025-04-19 04:15:21,2025-04-19 04:15:28,2025-04-19 04:47:07,592,9619.0,1366.0,finished,,220.0,3,,
2025-04-25 05:32:12,,,4675,,,driver_rejected,driver_rejected,,14,,
2025-04-25 05:35:19,2025-04-25 05:35:23,2025-04-25 05:57:59,1236,3511.0,851.0,finished,,382.0,6,,
2025-04-25 05:49:33,,,3113,,,client_cancelled,,,19,,
2025-04-25 05:54:40,2025-04-25 05:54:49,2025-04-25 06:22:23,2071,2132.0,1213.0,finished,,347.0,6,,
2025-04-25 07:13:37,2025-04-25 07:13:43,2025-04-25 07:32:44,1521,7234.0,880.0,finished,,254.0,4,,
2025-04-25 07:30:38,2025-04-25 07:30:52,2025-04-25 08:02:51,1843,5455.0,850.0,finished,,689.0,12,,
2025-04-26 04:02:09,2025-04-26 04:02:12,2025-04-26 04:20:42,546,9241.0,871.0,finished,,227.0,3,,
2025-04-26 04:28:20,2025-04-26 04:28:24,2025-04-26 04:56:09,1737,13832.0,1356.0,finished,,302.0,4,,
2025-04-26 04:57:44,2025-04-26 04:57:49,2025-04-26 05:29:28,1039,15012.0,1387.0,finished,,480.0,6,,
2025-04-26 07:12:51,2025-04-26 07:12:58,2025-04-26 07:50:11,4466,9592.0,1477.0,finished,,681.0,10,,
2025-04-26 07:42:42,2025-04-26 07:42:55,2025-04-26 08:10:28,1675,8964.0,942.0,finished,,704.0,12,,
2025-04-26 13:15:52,2025-04-26 13:16:04,2025-04-26 13:31:09,946,1997.0,422.0,finished,,446.0,5,,
2025-04-26 22:18:17,,,794,,,client_cancelled,,,4,,
2025-04-26 22:19:35,2025-04-26 22:19:50,2025-04-26 22:44:55,3784,7841.0,802.0,finished,,697.0,9,,
2025-04-26 22:37:24,2025-04-26 22:37:27,,4709,,,driver_rejected,driver_rejected_b2b,,18,,
2025-04-26 22:45:40,,,1299,,,client_cancelled,,,6,,
2025-04-27 05:12:00,2025-04-27 05:12:15,2025-04-27 05:32:48,2660,5338.0,658.0,finished,,542.0,8,,
2025-04-27 05:31:11,2025-04-27 05:31:20,2025-04-27 05:55:12,2075,6104.0,983.0,finished,,405.0,6,,
2025-04-28 07:35:34,2025-04-28 07:35:47,2025-04-28 07:51:06,566,3547.0,701.0,finished,,116.0,3,,
2025-04-28 14:47:11,2025-04-28 14:47:18,2025-04-28 15:08:44,1900,4065.0,776.0,finished,,502.0,8,,
2025-04-28 15:11:36,2025-04-28 15:11:42,2025-04-28 15:38:08,30,12161.0,1506.0,finished,,17.0,2,,
2025-04-29 13:52:33,2025-04-29 13:52:40,2025-04-29 14:13:22,1868,3297.0,613.0,finished,,597.0,6,,
2025-04-29 14:14:01,2025-04-29 14:14:05,2025-04-29 14:44:18,1849,6204.0,1220.0,finished,,575.0,10,,
2025-04-29 14:46:58,2025-04-29 14:47:02,2025-04-29 15:01:21,1657,2405.0,559.0,finished,,277.0,5,,
2025-04-30 06:21:10,2025-04-30 06:21:15,2025-04-30 06:46:22,728,3972.0,1165.0,finished,,322.0,3,,
2025-04-30 06:54:30,2025-04-30 06:54:35,2025-04-30 07:18:28,982,3081.0,876.0,finished,,551.0,4,,
2025-05-02 07:15:14,2025-05-02 07:15:18,2025-05-02 07:34:47,882,7647.0,1036.0,finished,,123.0,2,,
2025-05-02 07:32:11,2025-05-02 07:32:16,,705,,,client_cancelled,,,8,,
2025-05-02 10:51:47,2025-05-02 10:51:54,2025-05-02 11:06:04,1189,2135.0,296.0,finished,,387.0,6,,
2025-05-02 11:07:00,2025-05-02 11:07:06,2025-05-02 11:17:42,6,2644.0,446.0,finished,,20.0,1,,
2025-05-03 03:58:49,,,1734,,,client_cancelled,,,5,,
2025-05-03 04:33:12,2025-05-03 04:33:16,2025-05-03 04:46:56,1140,4355.0,627.0,finished,,176.0,4,,
2025-05-03 04:51:28,2025-05-03 04:51:38,2025-05-03 04:59:37,741,1868.0,243.0,finished,,230.0,4,,
2025-05-03 05:04:09,2025-05-03 05:04:15,2025-05-03 05:28:09,901,8175.0,1067.0,finished,,340.0,3,,
2025-05-04 07:44:57,2025-05-04 07:45:04,2025-05-04 08:02:55,1398,5698.0,578.0,finished,,258.0,4,,
2025-05-04 08:04:56,2025-05-04 08:05:01,2025-05-04 08:39:42,1514,11936.0,1228.0,finished,,249.0,6,,
2025-05-05 14:24:42,2025-05-05 14:24:48,2025-05-05 14:42:08,2005,3860.0,634.0,finished,,373.0,12,,
2025-05-05 15:12:00,2025-05-05 15:12:04,2025-05-05 15:33:03,1125,5647.0,957.0,finished,,294.0,6,,
2025-05-06 05:28:21,2025-05-06 05:28:25,2025-05-06 05:59:37,1318,6309.0,1273.0,finished,,387.0,6,,
2025-05-06 05:54:46,2025-05-06 05:54:54,2025-05-06 06:34:09,1780,12525.0,1705.0,finished,,613.0,5,,
2025-05-06 06:34:44,2025-05-06 06:35:03,2025-05-06 06:50:54,1430,4045.0,560.0,finished,,348.0,7,,
2025-05-07 06:25:53,2025-05-07 06:25:59,2025-05-07 06:46:37,1323,3169.0,801.0,finished,,415.0,6,,
2025-05-07 15:30:43,2025-05-07 15:30:47,2025-05-07 15:54:25,1275,5759.0,715.0,finished,,698.0,8,,
2025-05-08 13:18:54,2025-05-08 13:19:00,2025-05-08 13:41:39,1513,2403.0,787.0,finished,,434.0,8,,
2025-05-08 13:42:30,,,830,,,client_cancelled,,,5,,
2025-05-08 13:43:44,2025-05-08 13:43:49,2025-05-08 13:58:51,1273,2056.0,647.0,finished,,243.0,4,,
2025-05-08 15:02:08,2025-05-08 15:02:21,2025-05-08 15:29:02,1206,9692.0,1309.0,finished,,276.0,5,,
2025-05-08 15:36:23,2025-05-08 15:36:27,2025-05-08 16:14:16,1100,13114.0,1461.0,finished,,792.0,6,,
2025-05-09 11:53:19,2025-05-09 11:53:22,2025-05-09 12:21:52,1521,5849.0,1055.0,finished,,649.0,9,,
2025-05-09 12:22:46,2025-05-09 12:22:55,2025-05-09 12:48:36,1210,3268.0,1266.0,finished,,245.0,6,,
2025-05-09 13:17:32,2025-05-09 13:17:42,2025-05-09 13:43:03,1095,3967.0,827.0,finished,,668.0,9,,
2025-05-09 14:48:21,2025-05-09 14:48:30,,4994,,,client_cancelled,,,10,,
2025-05-09 14:51:38,2025-05-09 14:51:46,2025-05-09 15:11:17,2173,7651.0,818.0,finished,,284.0,6,,
2025-05-09 16:18:32,2025-05-09 16:18:38,2025-05-09 16:45:39,1621,8985.0,1258.0,finished,,357.0,5,,
2025-05-10 04:05:36,2025-05-10 04:05:40,,482,,,client_did_not_show,client_did_not_show,185.0,3,,
2025-05-10 04:16:29,2025-05-10 04:16:44,2025-05-10 04:38:58,3826,8575.0,718.0,finished,,602.0,10,,
2025-05-10 04:33:46,2025-05-10 04:33:53,2025-05-10 04:55:26,967,6247.0,737.0,finished,,436.0,9,,
2025-05-10 04:51:53,2025-05-10 04:51:58,2025-05-10 05:11:33,296,6435.0,783.0,finished,,384.0,8,,
2025-05-10 05:17:48,2025-05-10 05:17:52,2025-05-10 05:32:02,1081,5257.0,629.0,finished,,211.0,4,,
2025-05-10 07:12:49,2025-05-10 07:12:57,2025-05-10 07:25:45,1464,2368.0,471.0,finished,,292.0,3,,
2025-05-10 16:48:03,2025-05-10 16:48:10,2025-05-10 17:12:05,1197,6767.0,1048.0,finished,,266.0,4,,
2025-05-11 04:07:52,2025-05-11 04:07:58,2025-05-11 04:21:52,403,5440.0,678.0,finished,,115.0,2,,
2025-05-11 04:20:33,2025-05-11 04:20:43,2025-05-11 04:39:39,1990,4558.0,532.0,finished,,472.0,9,,
2025-05-11 04:36:28,2025-05-11 04:36:40,2025-05-11 05:10:07,4937,8752.0,917.0,finished,,1051.0,15,,
2025-05-11 05:18:06,2025-05-11 05:18:10,2025-05-11 05:30:29,1160,3335.0,458.0,finished,,275.0,3,,
2025-05-11 05:30:41,2025-05-11 05:30:48,2025-05-11 06:01:35,3559,7320.0,1064.0,finished,,773.0,12,,
2025-05-11 05:54:53,2025-05-11 05:54:59,2025-05-11 06:19:16,416,8573.0,908.0,finished,,529.0,8,,
2025-05-17 04:21:11,2025-05-17 04:21:15,2025-05-17 04:36:19,1013,6610.0,630.0,finished,,236.0,3,,
2025-05-17 13:27:14,2025-05-17 13:27:17,2025-05-17 13:50:55,1260,6660.0,1147.0,finished,,253.0,4,,
2025-05-17 14:08:26,2025-05-17 14:08:37,2025-05-17 14:24:02,1158,5739.0,496.0,finished,,424.0,3,,
2025-05-18 04:56:17,2025-05-18 04:56:28,,4966,,,client_cancelled,,,12,,
2025-05-18 07:13:52,2025-05-18 07:14:09,2025-05-18 07:38:49,1954,5497.0,730.0,finished,,311.0,6,,
2025-05-18 07:40:08,2025-05-18 07:40:15,2025-05-18 08:02:01,1693,7993.0,863.0,finished,,434.0,6,,
2025-05-18 14:58:07,2025-05-18 14:58:13,2025-05-18 15:12:43,1086,3257.0,534.0,finished,,245.0,5,,
2025-05-19 05:51:16,2025-05-19 05:51:35,2025-05-19 06:18:16,1686,8194.0,1261.0,finished,,333.0,7,,
2025-05-19 06:33:59,2025-05-19 06:34:15,2025-05-19 06:51:53,1358,3250.0,820.0,finished,,209.0,5,,
2025-05-19 06:40:09,2025-05-19 06:40:16,,393,,,client_cancelled,,,10,,
2025-05-19 06:49:06,2025-05-19 06:49:13,2025-05-19 07:11:35,1714,5864.0,794.0,finished,,536.0,8,,
2025-05-20 07:09:38,2025-05-20 07:09:42,2025-05-20 07:30:05,973,9304.0,996.0,finished,,220.0,4,,
2025-05-20 13:48:23,,,4445,,,client_cancelled,,,24,,
2025-05-20 13:58:27,2025-05-20 13:58:32,2025-05-20 14:38:12,1034,7051.0,1740.0,finished,,630.0,9,,
2025-05-20 14:37:50,2025-05-20 14:37:56,2025-05-20 14:55:25,1710,5703.0,535.0,finished,,297.0,7,,
2025-05-20 14:57:36,2025-05-20 14:57:39,2025-05-20 15:18:46,1304,3888.0,784.0,finished,,447.0,8,,
2025-05-20 15:19:46,2025-05-20 15:19:50,2025-05-20 15:42:03,714,9241.0,1182.0,finished,,146.0,3,,
2025-05-20 15:39:10,2025-05-20 15:39:22,,1745,,,client_cancelled,,,14,,
2025-05-20 15:40:25,2025-05-20 15:40:30,2025-05-20 16:13:25,1398,14246.0,1591.0,finished,,297.0,6,,
2025-05-20 16:12:45,2025-05-20 16:12:53,2025-05-20 16:37:53,1611,7129.0,1097.0,finished,,398.0,7,,
2025-05-21 13:07:53,2025-05-21 13:08:00,2025-05-21 13:27:00,1252,5454.0,722.0,finished,,412.0,8,,
2025-05-21 13:33:31,2025-05-21 13:33:45,2025-05-21 14:05:07,1871,4021.0,1279.0,finished,,530.0,11,,
2025-05-21 14:04:30,2025-05-21 14:04:40,2025-05-21 14:30:15,1076,1799.0,484.0,finished,,1034.0,9,,
2025-05-21 14:24:08,2025-05-21 14:24:13,,833,,,client_cancelled,,,15,,
2025-05-21 14:27:55,2025-05-21 14:27:59,,1151,,,client_cancelled,,,12,,
2025-05-21 15:51:54,2025-05-21 15:52:00,2025-05-21 16:05:18,516,1366.0,572.0,finished,,193.0,3,,
2025-05-21 16:09:17,2025-05-21 16:09:22,2025-05-21 16:18:27,544,2025.0,366.0,finished,,129.0,4,,
2025-05-21 16:16:15,2025-05-21 16:16:19,2025-05-21 16:39:23,1675,6766.0,1123.0,finished,,227.0,7,,
2025-05-24 18:59:03,2025-05-24 18:59:09,2025-05-24 19:17:14,1942,7450.0,850.0,finished,,207.0,4,,
2025-05-24 19:30:53,2025-05-24 19:31:00,2025-05-24 19:48:49,847,4567.0,704.0,finished,,149.0,4,,
2025-05-24 20:12:50,2025-05-24 20:12:54,2025-05-24 20:33:16,1901,5155.0,789.0,finished,,425.0,8,,
2025-05-24 20:32:52,2025-05-24 20:32:58,2025-05-24 20:53:07,70,6448.0,1020.0,finished,,68.0,2,,
2025-05-24 20:44:59,2025-05-24 20:45:18,,1447,,,client_cancelled,,,14,,
2025-05-24 20:51:43,2025-05-24 20:51:51,2025-05-24 21:06:11,1516,2655.0,392.0,finished,,461.0,6,,
2025-05-24 21:01:59,2025-05-24 21:02:16,2025-05-24 21:22:15,2628,5003.0,653.0,finished,,541.0,9,,
2025-05-24 21:25:33,2025-05-24 21:25:37,2025-05-24 21:37:23,1421,2472.0,328.0,finished,,370.0,2,,
2025-05-24 21:48:13,,,104,,,client_cancelled,,,1,,
2025-05-24 21:48:21,2025-05-24 21:48:24,2025-05-24 22:03:50,1322,3271.0,591.0,finished,,272.0,4,,
2025-05-24 21:59:11,2025-05-24 21:59:28,2025-05-24 22:28:59,1812,9501.0,910.0,finished,,801.0,10,,
2025-05-24 22:39:57,2025-05-24 22:40:15,2025-05-24 23:21:55,3656,14050.0,1857.0,finished,,612.0,11,,
2025-05-24 23:19:19,2025-05-24 23:19:24,2025-05-24 23:29:19,782,2841.0,309.0,finished,,270.0,4,,
2025-05-25 00:10:17,2025-05-25 00:10:25,2025-05-25 00:30:51,2975,8237.0,661.0,finished,,518.0,8,,
2025-05-25 00:23:17,2025-05-25 00:23:36,2025-05-25 00:49:12,939,11446.0,874.0,finished,,652.0,12,,
2025-05-25 00:50:18,2025-05-25 00:50:22,2025-05-25 01:00:50,1169,4789.0,369.0,finished,,251.0,4,,
2025-05-26 07:57:35,2025-05-26 07:57:52,2025-05-26 08:17:55,1872,6078.0,761.0,finished,,436.0,9,,
2025-05-26 08:10:16,2025-05-26 08:10:34,2025-05-26 08:27:39,1957,2523.0,258.0,finished,,761.0,15,,
2025-05-26 08:25:21,,,3944,,,driver_did_not_respond,,,15,,
2025-05-26 08:28:35,2025-05-26 08:28:40,2025-05-26 08:47:30,2628,6474.0,693.0,finished,,432.0,9,,
2025-05-26 08:40:24,2025-05-26 08:40:34,2025-05-26 09:21:09,3375,11559.0,1303.0,finished,,1102.0,17,,
2025-05-26 09:24:28,2025-05-26 09:24:47,2025-05-26 09:42:50,1477,3139.0,610.0,finished,,408.0,9,,
2025-05-30 13:32:16,2025-05-30 13:32:27,2025-05-30 13:49:47,2837,5637.0,682.0,finished,,302.0,5,,
2025-05-30 13:44:36,,,4325,,,client_cancelled,,,17,,
2025-05-30 14:28:43,2025-05-30 14:28:49,2025-05-30 14:50:21,949,8015.0,986.0,finished,,254.0,5,,
2025-05-30 16:12:49,2025-05-30 16:12:53,2025-05-30 16:41:17,629,15495.0,1571.0,finished,,126.0,3,,
2025-05-30 19:59:57,2025-05-30 20:00:02,2025-05-30 20:19:50,719,6168.0,1025.0,finished,,108.0,2,,
2025-05-30 20:21:28,2025-05-30 20:21:33,2025-05-30 20:37:21,1037,6793.0,697.0,finished,,246.0,4,,
2025-05-30 20:44:14,2025-05-30 20:44:19,,1392,,,client_cancelled,,,5,,
2025-05-30 20:49:57,2025-05-30 20:50:01,2025-05-30 21:03:52,676,6919.0,618.0,finished,,205.0,3,,
2025-05-31 04:13:36,2025-05-31 04:13:40,2025-05-31 04:34:24,1610,4584.0,719.0,finished,,488.0,6,,
2025-05-31 04:25:56,2025-05-31 04:26:04,,776,,,client_cancelled,,,12,,
2025-05-31 04:26:19,2025-05-31 04:26:24,,378,,,client_cancelled,,,10,,
2025-05-31 04:26:53,2025-05-31 04:26:59,2025-05-31 04:44:13,466,4138.0,479.0,finished,,533.0,11,,
2025-05-31 04:38:10,2025-05-31 04:38:23,2025-05-31 05:04:40,3872,8731.0,778.0,finished,,772.0,17,,
2025-05-31 04:58:49,2025-05-31 04:59:01,2025-05-31 05:14:12,1188,2930.0,315.0,finished,,588.0,13,,
2025-05-31 05:36:28,2025-05-31 05:36:33,2025-05-31 05:55:26,2646,3591.0,615.0,finished,,513.0,8,,
2025-05-31 05:52:50,2025-05-31 05:52:57,2025-05-31 06:11:59,456,4222.0,830.0,finished,,307.0,6,,
2025-05-31 06:03:44,2025-05-31 06:03:51,2025-05-31 06:26:43,426,5339.0,751.0,finished,,575.0,10,,
2025-05-31 06:16:53,2025-05-31 06:17:04,2025-05-31 06:55:16,1331,7799.0,876.0,finished,,920.0,15,,
2025-05-31 14:16:16,2025-05-31 14:16:21,2025-05-31 14:26:29,1348,1364.0,289.0,finished,,255.0,4,,
2025-05-31 14:23:42,2025-05-31 14:23:51,2025-05-31 14:52:13,2692,6660.0,841.0,finished,,841.0,13,,
2025-05-31 14:53:10,2025-05-31 14:53:17,2025-05-31 15:24:41,1555,8393.0,1120.0,finished,,472.0,8,,
2025-05-31 16:40:09,2025-05-31 16:40:14,2025-05-31 16:53:11,1458,3114.0,378.0,finished,,343.0,5,,
2025-05-31 16:54:40,2025-05-31 16:54:47,2025-05-31 17:06:41,1081,2387.0,357.0,finished,,352.0,6,,
2025-05-31 17:10:34,2025-05-31 17:10:39,2025-05-31 17:23:07,274,2826.0,551.0,finished,,59.0,2,,
2025-05-31 17:28:28,2025-05-31 17:28:35,2025-05-31 18:09:04,4075,8068.0,1257.0,finished,,881.0,13,,
2025-06-01 04:25:28,2025-06-01 04:25:34,2025-06-01 04:45:15,1681,3481.0,581.0,finished,,574.0,4,,
2025-06-01 04:39:44,2025-06-01 04:40:02,,4894,,,client_cancelled,,,22,,
2025-06-01 04:40:18,2025-06-01 04:40:24,2025-06-01 05:21:20,3840,10131.0,1153.0,finished,,1100.0,15,,
2025-06-01 05:30:08,2025-06-01 05:30:16,2025-06-01 05:52:46,3309,4640.0,491.0,finished,,797.0,8,,
2025-06-01 05:46:06,2025-06-01 05:46:23,,4824,,,client_cancelled,,,22,,
2025-06-01 05:48:32,2025-06-01 05:48:39,2025-06-01 06:15:26,1633,8773.0,930.0,finished,,653.0,10,,
2025-06-01 06:19:24,2025-06-01 06:19:36,2025-06-01 06:31:10,1920,3062.0,363.0,finished,,325.0,6,,
2025-06-01 06:27:06,2025-06-01 06:27:13,2025-06-01 06:52:21,530,7502.0,929.0,finished,,574.0,9,,
2025-06-01 06:44:03,2025-06-01 06:44:09,2025-06-01 07:10:58,4056,8130.0,1102.0,finished,,499.0,8,,
2025-06-01 07:01:19,,,3191,,,client_cancelled,,,19,,
2025-06-01 07:02:45,2025-06-01 07:02:50,2025-06-01 07:34:30,1601,7941.0,944.0,finished,,906.0,12,,
2025-06-01 07:27:46,2025-06-01 07:27:54,,639,,,client_cancelled,,,10,,
2025-06-01 07:29:22,2025-06-01 07:29:32,2025-06-01 07:50:37,639,3678.0,575.0,finished,,680.0,8,,
2025-06-01 07:43:56,,,3194,,,driver_rejected,driver_rejected,,18,,
2025-06-01 07:45:52,2025-06-01 07:46:11,,2343,,,client_cancelled,,,14,,
2025-06-01 07:46:43,2025-06-01 07:46:55,,1574,,,client_cancelled,,,10,,
2025-06-01 07:48:38,2025-06-01 07:48:49,2025-06-01 08:05:56,313,4252.0,716.0,finished,,155.0,4,,
2025-06-01 08:02:08,2025-06-01 08:02:18,,2206,,,client_cancelled,,,17,,
2025-06-01 08:02:49,2025-06-01 08:03:07,2025-06-01 08:41:39,4916,8519.0,979.0,finished,,1233.0,19,,
2025-06-01 08:34:30,2025-06-01 08:34:37,2025-06-01 08:53:29,423,1797.0,474.0,finished,,572.0,11,,
2025-06-01 08:47:24,2025-06-01 08:47:27,2025-06-01 09:09:25,2764,3517.0,548.0,finished,,712.0,8,,
2025-06-12 15:19:34,2025-06-12 15:19:40,2025-06-12 15:32:00,2,2077.0,647.0,finished,,6.0,1,,
2025-06-13 05:49:20,2025-06-13 05:49:25,,3999,,,client_cancelled,,,11,,
2025-06-14 04:28:55,2025-06-14 04:29:04,2025-06-14 04:46:47,509,3763.0,820.0,finished,,141.0,4,,
2025-06-14 13:01:49,2025-06-14 13:01:55,2025-06-14 13:30:16,1617,8800.0,1450.0,finished,,208.0,3,,
2025-06-15 06:36:55,2025-06-15 06:37:04,2025-06-15 06:59:56,1539,10140.0,945.0,finished,,413.0,6,,
2025-06-15 06:54:58,2025-06-15 06:55:09,2025-06-15 07:12:44,555,7357.0,571.0,finished,,458.0,8,,
2025-06-19 00:51:01,,,4704,,,driver_did_not_respond,,,11,,
2025-06-19 01:02:29,2025-06-19 01:02:33,,62,,,client_cancelled,,,2,,
2025-06-19 01:02:46,2025-06-19 01:03:02,2025-06-19 01:16:02,1262,1816.0,222.0,finished,,312.0,6,,
2025-06-19 01:19:39,2025-06-19 01:19:43,2025-06-19 01:25:27,29,1444.0,263.0,finished,,8.0,1,,
2025-06-19 01:24:40,2025-06-19 01:24:45,2025-06-19 01:39:20,1762,6633.0,527.0,finished,,336.0,7,,
2025-06-19 01:32:33,2025-06-19 01:32:49,2025-06-19 01:55:50,11174,3149.0,297.0,finished,,973.0,17,,
2025-06-19 01:54:45,,,2725,,,client_cancelled,,,8,,
2025-06-19 01:55:36,2025-06-19 01:55:40,2025-06-19 02:12:49,1835,5678.0,700.0,finished,,289.0,3,,
2025-06-19 02:04:56,2025-06-19 02:05:11,,3659,,,client_cancelled,,,16,,
2025-06-19 02:36:35,2025-06-19 02:36:44,2025-06-19 02:51:34,2082,5415.0,449.0,finished,,349.0,6,,
2025-06-19 02:46:26,2025-06-19 02:46:33,2025-06-19 03:03:29,920,4305.0,533.0,finished,,477.0,8,,
2025-06-19 02:56:35,2025-06-19 02:56:45,2025-06-19 03:32:26,3426,12071.0,1260.0,finished,,858.0,16,,
2025-06-19 03:25:22,,,4093,,,driver_did_not_respond,,,18,,
2025-06-19 03:26:21,,,3137,,,driver_did_not_respond,,,15,,
2025-06-19 03:27:09,2025-06-19 03:27:24,2025-06-19 04:04:54,3363,6122.0,577.0,finished,,916.0,18,,
2025-06-20 06:09:54,2025-06-20 06:10:01,2025-06-20 06:33:16,1994,8548.0,1016.0,finished,,374.0,7,,
2025-06-20 06:56:31,2025-06-20 06:56:34,2025-06-20 07:21:21,780,6440.0,1161.0,finished,,317.0,4,,
2025-06-23 15:19:43,2025-06-23 15:19:48,2025-06-23 15:41:20,1272,4859.0,943.0,finished,,311.0,7,,
2025-06-23 15:41:08,2025-06-23 15:41:12,2025-06-23 15:57:33,400,5422.0,740.0,finished,,213.0,5,,
2025-06-23 15:53:04,2025-06-23 15:53:12,2025-06-23 16:22:55,2118,8273.0,1351.0,finished,,428.0,9,,
2025-06-24 13:31:14,2025-06-24 13:31:20,,403,,,client_cancelled,,,5,,
2025-06-24 15:27:31,2025-06-24 15:27:37,2025-06-24 16:03:04,525,12923.0,1959.0,finished,,116.0,3,,
2025-06-24 16:02:18,2025-06-24 16:02:24,2025-06-24 16:24:52,1179,4229.0,902.0,finished,,342.0,6,,
2025-06-24 16:29:10,2025-06-24 16:29:16,2025-06-24 16:56:47,1332,6349.0,1042.0,finished,,598.0,10,,
2025-06-25 16:26:46,2025-06-25 16:26:50,2025-06-25 16:43:08,1172,4878.0,615.0,finished,,352.0,6,,
2025-06-26 05:29:59,2025-06-26 05:30:02,2025-06-26 05:40:42,316,4576.0,498.0,finished,,136.0,2,,
2025-06-26 06:08:17,2025-06-26 06:08:20,2025-06-26 06:38:40,407,10384.0,1574.0,finished,,141.0,2,,
2025-06-26 06:40:35,2025-06-26 06:40:39,2025-06-26 07:10:53,3185,9044.0,1156.0,finished,,616.0,10,,
2025-06-26 07:11:33,2025-06-26 07:11:37,2025-06-26 07:46:41,3672,8832.0,1278.0,finished,,755.0,9,,
2025-06-26 14:17:40,2025-06-26 14:17:42,2025-06-26 14:51:36,2688,5845.0,1345.0,finished,,682.0,13,,
2025-06-27 06:44:30,2025-06-27 06:44:35,2025-06-27 07:04:33,1353,5127.0,788.0,finished,,389.0,5,,
2025-06-27 13:20:34,2025-06-27 13:20:37,2025-06-27 13:50:37,218,6428.0,1579.0,finished,,42.0,1,,
2025-06-27 16:27:58,2025-06-27 16:28:05,2025-06-27 16:44:57,1811,1752.0,243.0,finished,,628.0,9,,
2025-06-27 16:44:21,2025-06-27 16:44:30,2025-06-27 17:09:41,1956,2477.0,824.0,finished,,622.0,11,,
2025-06-27 17:03:30,2025-06-27 17:03:44,2025-06-27 17:52:34,1642,9177.0,1899.0,finished,,904.0,10,,
2025-06-27 18:01:47,2025-06-27 18:02:03,2025-06-27 18:28:07,1112,3242.0,812.0,finished,,744.0,5,,
2025-06-27 18:51:23,2025-06-27 18:51:35,2025-06-27 19:16:25,1858,7739.0,1072.0,finished,,413.0,6,,
2025-06-27 19:42:04,2025-06-27 19:42:10,2025-06-27 20:00:41,1306,3790.0,688.0,finished,,416.0,5,,
2025-06-27 19:58:11,2025-06-27 19:58:17,2025-06-27 20:15:31,396,6802.0,873.0,finished,,155.0,3,,
2025-06-27 20:12:50,2025-06-27 20:13:01,2025-06-27 20:58:15,1373,12186.0,2130.0,finished,,328.0,5,,
2025-06-27 20:58:49,2025-06-27 20:59:07,2025-06-27 21:23:56,1448,8563.0,1076.0,finished,,397.0,5,,
2025-06-27 21:27:03,2025-06-27 21:27:11,2025-06-27 21:44:02,879,4596.0,751.0,finished,,207.0,2,,
2025-06-27 22:23:43,,,646,,,client_cancelled,,,3,,
2025-06-27 22:25:03,2025-06-27 22:25:17,2025-06-27 22:42:19,737,4571.0,699.0,finished,,170.0,2,,
2025-06-28 04:24:03,2025-06-28 04:24:09,2025-06-28 04:40:11,1121,4766.0,650.0,finished,,305.0,5,,
2025-06-28 04:38:04,2025-06-28 04:38:16,2025-06-28 04:52:40,908,3113.0,569.0,finished,,234.0,7,,
2025-06-28 05:11:28,2025-06-28 05:11:37,2025-06-28 05:27:01,1008,2875.0,437.0,finished,,482.0,7,,
2025-06-28 05:22:30,2025-06-28 05:22:42,2025-06-28 05:41:19,832,3389.0,600.0,finished,,476.0,9,,
2025-06-28 05:37:50,2025-06-28 05:37:56,2025-06-28 05:55:46,2341,4756.0,526.0,finished,,532.0,7,,
2025-06-28 12:39:58,2025-06-28 12:40:02,2025-06-28 13:01:04,151,6638.0,1149.0,finished,,106.0,2,,
2025-06-28 13:01:40,2025-06-28 13:01:44,2025-06-28 13:27:55,1680,10858.0,1280.0,finished,,286.0,6,,
2025-06-28 13:29:48,2025-06-28 13:29:52,2025-06-28 14:13:43,4087,11802.0,1525.0,finished,,985.0,10,,
2025-06-28 19:43:09,,,746,,,client_cancelled,,,4,,
2025-06-28 22:40:03,2025-06-28 22:40:07,2025-06-28 23:02:25,437,12429.0,1096.0,finished,,122.0,2,,
2025-07-01 15:36:49,2025-07-01 15:36:53,2025-07-01 15:59:29,1960,7432.0,960.0,finished,,375.0,6,,
2025-07-01 16:05:10,2025-07-01 16:05:12,2025-07-01 16:23:56,311,10633.0,919.0,finished,,126.0,2,,
2025-07-01 16:20:50,2025-07-01 16:20:58,2025-07-01 16:33:33,208,2668.0,484.0,finished,,264.0,6,,
2025-07-01 16:34:13,2025-07-01 16:34:20,2025-07-01 17:03:42,1075,11736.0,1304.0,finished,,365.0,4,,
2025-07-02 10:44:24,2025-07-02 10:44:30,2025-07-02 11:05:50,1607,4827.0,892.0,finished,,341.0,4,,
2025-07-02 11:03:07,2025-07-02 11:03:14,2025-07-02 11:21:19,772,5825.0,801.0,finished,,267.0,5,,
2025-07-02 11:14:57,2025-07-02 11:15:03,2025-07-02 12:00:36,919,9429.0,2075.0,finished,,652.0,11,,
2025-07-02 14:41:33,2025-07-02 14:41:41,2025-07-02 14:56:26,745,2110.0,342.0,finished,,309.0,4,,
2025-07-02 17:19:20,2025-07-02 17:19:27,,1234,,,client_cancelled,,249.0,4,,
2025-07-03 11:49:37,2025-07-03 11:49:48,2025-07-03 12:10:46,1812,5135.0,866.0,finished,,384.0,7,,
2025-07-03 12:28:38,2025-07-03 12:28:41,2025-07-03 12:47:28,1479,2825.0,709.0,finished,,410.0,6,,
2025-07-03 14:57:46,2025-07-03 14:57:58,2025-07-03 15:21:36,1883,5781.0,834.0,finished,,549.0,8,,
2025-07-04 05:14:46,2025-07-04 05:14:51,2025-07-04 05:43:02,1602,11399.0,1343.0,finished,,340.0,6,,
2025-07-07 10:37:50,2025-07-07 10:37:54,2025-07-07 11:06:07,1027,9690.0,1142.0,finished,,544.0,5,,
2025-07-07 12:02:42,2025-07-07 12:02:46,2025-07-07 12:23:38,1506,7060.0,930.0,finished,,279.0,3,,
2025-07-07 12:23:28,2025-07-07 12:23:34,2025-07-07 12:40:14,1111,4284.0,658.0,finished,,317.0,5,,
2025-07-07 13:01:10,2025-07-07 13:01:17,2025-07-07 13:22:08,1306,4163.0,929.0,finished,,288.0,7,,
2025-07-07 14:44:58,2025-07-07 14:45:03,2025-07-07 15:14:19,1509,11481.0,1334.0,finished,,396.0,4,,
2025-07-07 16:36:10,2025-07-07 16:36:18,2025-07-07 17:01:07,2490,7592.0,1056.0,finished,,425.0,9,,
2025-07-08 10:15:42,2025-07-08 10:15:45,2025-07-08 10:34:34,217,5937.0,918.0,finished,,206.0,3,,
2025-07-08 11:36:25,2025-07-08 11:36:41,2025-07-08 11:55:39,1042,2956.0,751.0,finished,,344.0,4,,
2025-07-08 14:41:30,2025-07-08 14:41:34,2025-07-08 14:50:28,96,2412.0,327.0,finished,,46.0,2,,
2025-07-08 16:52:57,2025-07-08 16:53:01,2025-07-08 17:12:07,671,3950.0,953.0,finished,,72.0,2,,
2025-07-08 17:02:00,2025-07-08 17:02:06,2025-07-08 17:41:15,226,5841.0,1214.0,finished,,861.0,11,,
2025-07-08 17:34:43,2025-07-08 17:34:52,2025-07-08 17:59:07,1132,4177.0,771.0,finished,,678.0,7,,
2025-07-09 10:33:49,2025-07-09 10:33:53,2025-07-09 10:55:21,963,4295.0,758.0,finished,,333.0,2,,
2025-07-09 10:49:59,2025-07-09 10:50:07,2025-07-09 11:25:26,1270,7719.0,1790.0,finished,,323.0,9,,
2025-07-09 11:25:37,2025-07-09 11:25:41,2025-07-09 11:42:59,17,7644.0,772.0,finished,,24.0,1,,
2025-07-09 11:38:41,2025-07-09 11:38:53,,1976,,,client_cancelled,,,12,,
2025-07-09 11:39:31,2025-07-09 11:39:38,2025-07-09 12:04:12,373,3256.0,695.0,finished,,762.0,10,,
2025-07-09 11:58:41,2025-07-09 11:58:50,2025-07-09 12:20:47,2745,4275.0,685.0,finished,,623.0,9,,
2025-07-09 12:14:36,2025-07-09 12:14:43,2025-07-09 12:43:54,66,6002.0,1311.0,finished,,411.0,9,,
2025-07-09 12:42:55,2025-07-09 12:43:04,2025-07-09 12:55:11,1274,1362.0,151.0,finished,,564.0,9,,
2025-07-09 12:56:02,2025-07-09 12:56:10,2025-07-09 13:28:56,1610,4660.0,1331.0,finished,,627.0,9,,
2025-07-09 13:28:02,2025-07-09 13:28:15,2025-07-09 13:40:26,1296,1122.0,248.0,finished,,467.0,8,,
2025-07-09 13:38:06,,,4910,,,driver_did_not_respond,,,22,,
2025-07-09 13:38:55,2025-07-09 13:39:07,2025-07-09 14:29:55,2929,6432.0,1923.0,finished,,784.0,14,,
2025-07-09 14:35:15,2025-07-09 14:35:30,,1714,,,client_cancelled,,,11,,
2025-07-10 14:51:13,2025-07-10 14:51:16,2025-07-10 15:00:47,93,2460.0,527.0,finished,,32.0,1,,
2025-07-10 15:07:01,2025-07-10 15:07:07,2025-07-10 15:32:07,904,4030.0,1261.0,finished,,232.0,4,,
2025-07-10 16:00:52,2025-07-10 16:00:57,2025-07-10 16:20:12,1251,3259.0,667.0,finished,,403.0,4,,
2025-07-10 16:16:10,2025-07-10 16:16:16,,3210,,,client_cancelled,,,16,,
2025-07-10 16:23:44,2025-07-10 16:23:50,2025-07-10 16:46:24,1070,6267.0,837.0,finished,,326.0,5,,
2025-07-10 16:44:11,2025-07-10 16:44:19,2025-07-10 17:22:56,2778,10063.0,1327.0,finished,,984.0,16,,
2025-07-10 17:19:20,2025-07-10 17:19:39,2025-07-10 17:53:18,4779,7572.0,886.0,finished,,1090.0,17,,
2025-07-10 20:22:31,2025-07-10 20:22:42,2025-07-10 20:40:54,1649,4612.0,564.0,finished,,482.0,6,,
2025-07-10 20:40:11,2025-07-10 20:40:20,2025-07-10 20:51:56,603,5022.0,520.0,finished,,117.0,4,,
2025-07-11 10:19:44,2025-07-11 10:19:48,2025-07-11 10:43:29,1849,4761.0,925.0,finished,,486.0,6,,
2025-07-11 10:36:17,2025-07-11 10:36:22,2025-07-11 11:00:08,285,5000.0,862.0,finished,,557.0,11,,
2025-07-11 10:51:17,2025-07-11 10:51:37,,1242,,,client_cancelled,,,12,,
2025-07-11 10:53:47,2025-07-11 10:53:56,2025-07-11 11:22:38,498,6195.0,1075.0,finished,,642.0,9,,
2025-07-11 11:17:06,2025-07-11 11:17:11,2025-07-11 11:40:06,407,3754.0,880.0,finished,,440.0,10,,
2025-07-11 11:36:02,2025-07-11 11:36:09,,924,,,client_cancelled,,,12,,
2025-07-11 11:36:51,2025-07-11 11:36:58,2025-07-11 11:48:05,927,1129.0,316.0,finished,,258.0,5,,
2025-07-11 11:45:37,2025-07-11 11:45:48,,1360,,,client_cancelled,,,13,,
2025-07-11 11:55:31,2025-07-11 11:55:34,2025-07-11 12:11:34,1256,2272.0,562.0,finished,,278.0,6,,
2025-07-11 12:17:24,2025-07-11 12:17:27,2025-07-11 12:45:19,1464,6137.0,1170.0,finished,,381.0,8,,
2025-07-11 12:44:25,2025-07-11 12:44:44,,4005,,,client_cancelled,,,19,,
2025-07-11 13:09:59,2025-07-11 13:10:03,2025-07-11 13:38:12,1398,4989.0,870.0,finished,,761.0,8,,
2025-07-11 13:31:05,2025-07-11 13:31:21,2025-07-11 14:14:20,2759,8098.0,1229.0,finished,,1344.0,22,,
2025-07-11 14:07:44,2025-07-11 14:07:56,2025-07-11 14:36:03,3102,6947.0,662.0,finished,,677.0,13,,
2025-07-11 14:32:32,2025-07-11 14:32:38,2025-07-11 15:05:34,3845,9012.0,1294.0,finished,,624.0,10,,
2025-07-11 15:03:28,2025-07-11 15:03:35,2025-07-11 15:36:01,1919,4863.0,1370.0,finished,,503.0,9,,
2025-07-11 15:47:15,2025-07-11 15:47:18,2025-07-11 16:14:04,121,5789.0,1441.0,finished,,15.0,1,,
2025-07-11 16:00:30,2025-07-11 16:00:41,,869,,,client_cancelled,,,12,,
2025-07-11 16:50:55,2025-07-11 16:50:59,2025-07-11 17:07:53,4,6116.0,936.0,finished,,10.0,1,,
2025-07-11 17:07:58,2025-07-11 17:08:03,2025-07-11 17:25:22,1284,5022.0,713.0,finished,,292.0,6,,
2025-07-11 17:21:25,2025-07-11 17:21:34,2025-07-11 17:46:25,1452,6015.0,855.0,finished,,607.0,10,,
2025-07-11 17:39:51,,,3080,,,driver_did_not_respond,,,18,,
2025-07-11 17:40:14,2025-07-11 17:40:24,2025-07-11 17:57:57,1287,3708.0,460.0,finished,,540.0,13,,
2025-07-11 17:55:40,,,4733,,,driver_did_not_respond,,,16,,
2025-07-11 17:56:32,2025-07-11 17:56:43,2025-07-11 18:16:53,2671,4949.0,624.0,finished,,580.0,10,,
2025-07-11 18:10:24,2025-07-11 18:10:31,2025-07-11 18:34:53,1179,6855.0,841.0,finished,,606.0,14,,
2025-07-11 18:43:32,2025-07-11 18:43:37,2025-07-11 18:57:38,792,3064.0,590.0,finished,,193.0,3,,
2025-07-11 19:00:10,,,3639,,,client_cancelled,,,12,,
2025-07-11 19:01:04,2025-07-11 19:01:08,2025-07-11 19:34:50,1851,10589.0,1399.0,finished,,617.0,9,,
2025-07-11 19:31:36,2025-07-11 19:31:43,2025-07-11 19:46:00,1537,3886.0,443.0,finished,,282.0,6,,
2025-07-11 19:46:04,,,3772,,,driver_rejected,driver_rejected,,11,,
2025-07-11 19:46:12,2025-07-11 19:46:20,2025-07-11 20:07:55,1275,8608.0,932.0,finished,,351.0,6,,
2025-07-11 20:28:49,2025-07-11 20:29:02,2025-07-11 20:45:23,993,4026.0,551.0,finished,,423.0,6,,
2025-07-12 02:09:59,2025-07-12 02:10:07,,4629,,,client_did_not_show,client_asked_to_cancel,833.0,11,,
2025-07-12 02:24:24,2025-07-12 02:24:28,2025-07-12 02:35:55,300,5709.0,546.0,finished,,17.0,2,,
2025-07-12 02:35:56,2025-07-12 02:36:06,2025-07-12 02:45:47,1660,3577.0,312.0,finished,,233.0,7,,
2025-07-12 02:45:49,,,3609,,,driver_rejected,driver_rejected,,9,,
2025-07-12 02:45:57,,,4874,,,driver_rejected,driver_rejected,,9,,
2025-07-12 02:46:13,,,4098,,,driver_rejected,driver_rejected,,8,,
2025-07-12 02:47:42,2025-07-12 02:47:46,2025-07-12 03:00:12,1398,3790.0,544.0,finished,,94.0,5,,
2025-07-12 02:53:00,,,1842,,,driver_rejected,driver_rejected,,14,,
2025-07-12 02:53:23,,,4578,,,driver_did_not_respond,,,18,,
2025-07-12 02:53:44,2025-07-12 02:53:47,,1953,,,client_cancelled,,,13,,
2025-07-12 02:54:31,,,4757,,,driver_rejected,driver_rejected,,17,,
2025-07-12 02:54:42,,,4651,,,driver_did_not_respond,,,17,,
2025-07-12 02:55:03,2025-07-12 02:55:20,2025-07-12 03:15:51,2021,2189.0,430.0,finished,,743.0,12,,
2025-07-12 03:15:52,2025-07-12 03:16:05,2025-07-12 03:38:43,2200,6862.0,872.0,finished,,371.0,7,,
2025-07-12 03:38:45,2025-07-12 03:39:01,2025-07-12 04:00:53,4440,4896.0,510.0,finished,,791.0,12,,
2025-07-12 04:07:59,,,1233,,,client_cancelled,,,7,,
2025-07-12 04:08:06,2025-07-12 04:08:17,2025-07-12 04:32:19,2679,9155.0,975.0,finished,,415.0,7,,
2025-07-12 04:49:28,2025-07-12 04:49:45,2025-07-12 05:09:28,2599,3657.0,533.0,finished,,570.0,8,,
2025-07-12 12:31:31,2025-07-12 12:31:35,2025-07-12 12:44:24,413,2149.0,481.0,finished,,184.0,5,,
2025-07-12 12:39:18,2025-07-12 12:39:28,2025-07-12 12:59:13,1221,4529.0,876.0,finished,,303.0,6,,
2025-07-12 13:04:35,2025-07-12 13:04:38,2025-07-12 13:09:20,468,1240.0,174.0,finished,,103.0,2,,
2025-07-12 13:08:34,2025-07-12 13:08:39,2025-07-12 13:29:37,2229,4017.0,676.0,finished,,568.0,7,,
2025-07-12 13:29:22,2025-07-12 13:29:25,2025-07-12 13:42:42,2,5157.0,752.0,finished,,34.0,1,,
2025-07-12 13:37:46,2025-07-12 13:38:03,2025-07-12 13:53:29,2690,1243.0,165.0,finished,,756.0,11,,
2025-07-12 13:55:03,2025-07-12 13:55:07,2025-07-12 14:08:11,627,5681.0,666.0,finished,,100.0,3,,
2025-07-12 14:10:29,2025-07-12 14:10:36,,981,,,client_did_not_show,client_did_not_show,355.0,6,,
2025-07-12 14:35:59,2025-07-12 14:36:04,2025-07-12 15:03:05,2980,6578.0,1041.0,finished,,574.0,10,,
2025-07-12 14:55:00,2025-07-12 14:55:15,2025-07-12 15:35:26,2107,12913.0,1355.0,finished,,1049.0,13,,
2025-07-12 15:36:45,2025-07-12 15:36:51,2025-07-12 16:05:44,2512,8591.0,1079.0,finished,,639.0,10,,
2025-07-12 16:37:03,,,4304,,,driver_rejected,driver_rejected,,13,,
2025-07-12 16:43:29,2025-07-12 16:43:36,2025-07-12 16:55:14,1071,2688.0,450.0,finished,,187.0,4,,
2025-07-12 16:53:42,2025-07-12 16:53:51,2025-07-12 17:09:05,1544,2253.0,348.0,finished,,536.0,9,,
2025-07-12 17:08:55,2025-07-12 17:08:59,2025-07-12 17:24:44,826,3641.0,748.0,finished,,191.0,3,,
2025-07-12 18:04:09,2025-07-12 18:04:15,2025-07-12 18:13:55,325,1086.0,232.0,finished,,298.0,3,,
2025-07-12 18:55:20,2025-07-12 18:55:25,2025-07-12 19:15:39,240,5018.0,804.0,finished,,306.0,3,,
2025-07-12 20:11:26,,,4939,,,client_cancelled,,,12,,
2025-07-13 02:00:49,2025-07-13 02:00:55,2025-07-13 02:13:58,2450,1913.0,373.0,finished,,399.0,4,,
2025-07-13 02:26:53,2025-07-13 02:27:08,,958,,,client_did_not_show,client_did_not_show,439.0,6,,
2025-07-13 02:41:33,2025-07-13 02:41:37,2025-07-13 03:02:34,36,13677.0,1081.0,finished,,25.0,2,,
2025-07-13 03:17:21,2025-07-13 03:17:27,,615,,,client_cancelled,,,3,,
2025-07-13 03:17:55,2025-07-13 03:17:57,2025-07-13 03:27:33,272,4335.0,470.0,finished,,26.0,3,,
2025-07-13 03:35:16,2025-07-13 03:35:25,2025-07-13 03:56:10,1692,7539.0,838.0,finished,,342.0,8,,
2025-07-13 04:01:42,,,4802,,,driver_rejected,driver_rejected,,12,,
2025-07-13 04:04:35,,,4676,,,client_cancelled,,,12,,
2025-07-13 04:05:01,2025-07-13 04:05:20,2025-07-13 04:23:00,310,5245.0,846.0,finished,,132.0,2,,
2025-07-13 04:33:50,2025-07-13 04:33:58,2025-07-13 04:52:04,1619,5267.0,726.0,finished,,262.0,6,,
2025-07-13 04:52:06,2025-07-13 04:52:12,2025-07-13 05:18:32,3257,5729.0,928.0,finished,,593.0,10,,
2025-07-13 05:21:59,2025-07-13 05:22:04,2025-07-13 05:41:11,3652,5169.0,676.0,finished,,300.0,7,,
2025-07-13 15:07:01,2025-07-13 15:07:12,2025-07-13 15:54:51,2108,17715.0,1882.0,finished,,615.0,7,,
2025-07-13 15:46:36,2025-07-13 15:46:45,2025-07-13 16:12:56,955,5250.0,748.0,finished,,785.0,13,,
2025-07-13 16:10:21,2025-07-13 16:10:30,2025-07-13 16:38:49,1300,5249.0,689.0,finished,,735.0,9,,
2025-07-13 16:42:01,2025-07-13 16:42:11,2025-07-13 17:05:15,1173,12596.0,1146.0,finished,,158.0,4,,
2025-07-13 16:57:56,2025-07-13 16:58:04,2025-07-13 17:34:26,8711,7895.0,863.0,finished,,1074.0,15,,
2025-07-13 18:14:21,2025-07-13 18:14:28,2025-07-13 18:42:28,1976,7565.0,1191.0,finished,,482.0,7,,
2025-07-13 18:35:26,2025-07-13 18:35:37,2025-07-13 18:55:43,406,3658.0,584.0,finished,,546.0,8,,
2025-07-13 19:01:48,2025-07-13 19:01:57,2025-07-13 19:14:05,952,4242.0,570.0,finished,,128.0,4,,
2025-07-14 05:55:02,2025-07-14 05:55:11,2025-07-14 06:12:41,285,5044.0,883.0,finished,,140.0,2,,
2025-07-14 06:15:48,2025-07-14 06:15:51,2025-07-14 06:36:19,1749,4350.0,733.0,finished,,414.0,8,,
2025-07-14 06:36:40,2025-07-14 06:36:53,2025-07-14 07:05:46,1880,2715.0,560.0,finished,,1126.0,10,,
2025-07-14 06:57:48,2025-07-14 06:57:56,2025-07-14 07:32:14,1479,4730.0,1035.0,finished,,1017.0,14,,
2025-07-14 07:33:13,2025-07-14 07:33:24,2025-07-14 07:47:09,1522,2429.0,491.0,finished,,224.0,5,,
2025-07-14 07:42:44,2025-07-14 07:42:53,2025-07-14 07:57:49,1565,2024.0,250.0,finished,,633.0,11,,
2025-07-14 14:38:52,2025-07-14 14:38:55,2025-07-14 15:15:09,1457,8561.0,1475.0,finished,,568.0,8,,
2025-07-14 15:16:22,2025-07-14 15:16:27,2025-07-14 15:44:54,1785,8775.0,1153.0,finished,,498.0,7,,
2025-07-14 15:43:54,2025-07-14 15:43:59,2025-07-14 16:05:52,805,5964.0,809.0,finished,,233.0,5,,
2025-07-14 16:05:01,2025-07-14 16:05:06,2025-07-14 16:35:12,1804,5508.0,1253.0,finished,,544.0,10,,
2025-07-14 16:23:28,2025-07-14 16:23:34,2025-07-14 17:10:08,109,13259.0,1699.0,finished,,950.0,13,,
2025-07-14 17:12:19,2025-07-14 17:12:36,2025-07-14 17:57:20,3527,15777.0,1877.0,finished,,756.0,10,,
2025-07-15 09:44:46,2025-07-15 09:44:49,2025-07-15 10:08:20,875,6813.0,1033.0,finished,,307.0,4,,
2025-07-15 09:59:21,2025-07-15 09:59:28,2025-07-15 10:28:36,730,9224.0,1051.0,finished,,690.0,11,,
2025-07-15 10:27:08,2025-07-15 10:27:13,2025-07-15 10:53:55,985,5591.0,870.0,finished,,722.0,8,,
2025-07-15 10:50:04,2025-07-15 10:50:10,2025-07-15 11:08:04,2808,2680.0,447.0,finished,,613.0,10,,
2025-07-15 11:06:20,2025-07-15 11:06:24,2025-07-15 11:35:52,2005,11029.0,1307.0,finished,,314.0,9,,
2025-07-15 11:32:14,,,3490,,,client_cancelled,,,16,,
2025-07-15 11:35:03,2025-07-15 11:35:09,2025-07-15 12:13:38,3782,12001.0,1451.0,finished,,767.0,13,,
2025-07-15 12:06:32,2025-07-15 12:06:47,2025-07-15 12:44:40,1331,7197.0,1235.0,finished,,920.0,16,,
2025-07-15 12:38:29,2025-07-15 12:38:34,2025-07-15 12:54:05,1539,2523.0,554.0,finished,,371.0,4,,
2025-07-15 13:08:48,2025-07-15 13:08:55,2025-07-15 13:21:56,110,4165.0,518.0,finished,,93.0,1,,
2025-07-15 13:23:48,2025-07-15 13:23:53,,1132,,,client_cancelled,,,9,,
2025-07-15 13:25:16,2025-07-15 13:25:22,,1541,,,client_cancelled,,,7,,
2025-07-15 13:25:46,2025-07-15 13:25:50,2025-07-15 13:44:56,907,4177.0,980.0,finished,,159.0,3,,
2025-07-15 13:38:08,2025-07-15 13:38:17,,1970,,,client_cancelled,,,17,,
2025-07-15 13:39:47,2025-07-15 13:39:52,2025-07-15 13:58:13,335,2333.0,489.0,finished,,570.0,8,,
2025-07-15 14:34:18,2025-07-15 14:34:33,2025-07-15 14:52:53,1964,1028.0,220.0,finished,,739.0,12,,
2025-07-15 14:51:24,2025-07-15 14:51:28,2025-07-15 15:17:43,1109,9947.0,1244.0,finished,,276.0,6,,
2025-07-15 15:17:49,2025-07-15 15:18:04,2025-07-15 15:43:26,2444,6134.0,815.0,finished,,701.0,13,,
2025-07-15 15:35:54,2025-07-15 15:36:00,2025-07-15 16:14:44,831,12156.0,1460.0,finished,,853.0,13,,
2025-07-15 16:14:28,2025-07-15 16:14:35,2025-07-15 16:34:24,1062,6337.0,795.0,finished,,340.0,5,,
2025-07-15 16:38:26,2025-07-15 16:38:29,2025-07-15 16:50:34,189,8574.0,644.0,finished,,73.0,2,,
2025-07-15 17:13:06,2025-07-15 17:13:11,2025-07-15 17:37:19,1145,7577.0,1097.0,finished,,344.0,5,,
2025-07-15 17:31:19,2025-07-15 17:31:36,2025-07-15 18:06:20,1713,5799.0,1155.0,finished,,866.0,13,,
2025-07-15 18:07:01,2025-07-15 18:07:09,2025-07-15 18:30:06,1252,5355.0,1041.0,finished,,198.0,5,,
2025-07-15 20:16:49,,,3969,,,driver_rejected,driver_rejected,,9,,
2025-07-16 11:04:47,2025-07-16 11:04:51,2025-07-16 11:29:56,870,6843.0,859.0,finished,,618.0,4,,
2025-07-16 12:43:18,2025-07-16 12:43:25,2025-07-16 13:07:04,2739,9969.0,934.0,finished,,419.0,9,,
2025-07-16 13:19:49,2025-07-16 13:19:54,2025-07-16 13:44:59,1115,7645.0,1261.0,finished,,197.0,4,,
2025-07-16 13:44:26,2025-07-16 13:44:30,2025-07-16 14:04:05,605,2831.0,806.0,finished,,351.0,8,,
2025-07-16 14:02:00,2025-07-16 14:02:07,2025-07-16 14:33:57,2506,8390.0,1110.0,finished,,650.0,11,,
2025-07-16 14:29:35,2025-07-16 14:29:49,,3924,,,client_cancelled,,,17,,
2025-07-16 14:36:23,2025-07-16 14:36:27,2025-07-16 14:56:26,1295,6924.0,964.0,finished,,227.0,4,,
2025-07-16 14:59:44,2025-07-16 14:59:48,2025-07-16 15:45:15,2091,9460.0,1901.0,finished,,722.0,10,,
2025-07-16 15:44:34,2025-07-16 15:44:41,2025-07-16 16:09:24,1393,5327.0,1056.0,finished,,346.0,6,,
2025-07-16 16:35:31,2025-07-16 16:35:36,2025-07-16 17:00:24,687,5646.0,1264.0,finished,,214.0,3,,
2025-07-16 17:02:19,2025-07-16 17:02:24,2025-07-16 17:30:25,1010,6187.0,1073.0,finished,,564.0,7,,
2025-07-16 17:22:34,2025-07-16 17:22:41,2025-07-16 17:47:12,1057,4007.0,488.0,finished,,974.0,14,,
2025-07-17 11:10:45,2025-07-17 11:10:49,2025-07-17 11:35:01,1253,6314.0,1116.0,finished,,315.0,4,,
2025-07-17 11:28:10,2025-07-17 11:28:16,2025-07-17 12:08:58,55,12364.0,1635.0,finished,,602.0,9,,
2025-07-17 12:40:38,2025-07-17 12:40:48,2025-07-17 13:07:47,1379,6651.0,1266.0,finished,,348.0,6,,
2025-07-17 12:57:32,,,4720,,,driver_rejected,driver_rejected,,27,,
2025-07-17 12:59:02,,,4722,,,driver_did_not_respond,,,22,,
2025-07-17 13:01:55,2025-07-17 13:02:01,2025-07-17 13:46:40,1274,11661.0,1687.0,finished,,932.0,12,,
2025-07-17 14:11:32,2025-07-17 14:11:38,2025-07-17 14:41:44,1542,6870.0,1305.0,finished,,320.0,7,,
2025-07-17 14:41:50,2025-07-17 14:41:53,,801,,,client_cancelled,,,5,,
2025-07-17 14:43:16,2025-07-17 14:43:22,2025-07-17 14:58:49,1154,2603.0,477.0,finished,,334.0,7,,
2025-07-17 14:58:59,2025-07-17 14:59:06,2025-07-17 15:16:37,1459,3066.0,664.0,finished,,381.0,7,,
2025-07-17 15:16:13,2025-07-17 15:16:19,2025-07-17 15:28:17,1274,2117.0,449.0,finished,,202.0,4,,
2025-07-17 15:25:57,2025-07-17 15:26:03,2025-07-17 16:10:21,1771,14424.0,1749.0,finished,,739.0,11,,
2025-07-17 16:18:25,2025-07-17 16:18:35,2025-07-17 16:48:18,3853,10185.0,1197.0,finished,,578.0,8,,
2025-07-17 16:42:44,2025-07-17 16:42:51,,1467,,,client_cancelled,,,14,,
2025-07-17 16:45:08,2025-07-17 16:45:22,2025-07-17 17:07:21,1041,4341.0,732.0,finished,,459.0,10,,
2025-07-17 17:06:50,2025-07-17 17:07:02,2025-07-17 17:27:06,1180,8650.0,986.0,finished,,213.0,6,,
2025-07-17 17:26:08,2025-07-17 17:26:15,2025-07-17 17:44:27,1885,3436.0,457.0,finished,,515.0,10,,
2025-07-17 17:39:04,2025-07-17 17:39:14,2025-07-17 18:16:10,1734,7313.0,1122.0,finished,,1064.0,14,,
2025-07-18 11:42:29,2025-07-18 11:42:33,2025-07-18 12:16:35,1496,13069.0,1750.0,finished,,281.0,5,,
2025-07-18 14:23:26,2025-07-18 14:23:35,2025-07-18 14:47:08,1578,3274.0,716.0,finished,,641.0,8,,
2025-07-18 14:48:51,2025-07-18 14:48:57,2025-07-18 15:10:52,1057,7597.0,1038.0,finished,,136.0,3,,
2025-07-18 15:17:13,2025-07-18 15:17:17,2025-07-18 15:30:05,567,3782.0,524.0,finished,,166.0,2,,
2025-07-18 15:33:30,2025-07-18 15:33:44,2025-07-18 16:24:08,1715,18660.0,2417.0,finished,,516.0,6,,
2025-07-18 16:47:44,2025-07-18 16:47:50,2025-07-18 17:30:04,4164,13052.0,1348.0,finished,,1145.0,13,,
2025-07-18 17:34:26,2025-07-18 17:34:43,,3185,,,client_cancelled,,,9,,
2025-07-18 17:35:33,2025-07-18 17:35:41,2025-07-18 18:10:10,3575,10709.0,1390.0,finished,,563.0,10,,
2025-07-18 18:41:17,2025-07-18 18:41:20,2025-07-18 18:52:50,2159,3341.0,410.0,finished,,273.0,6,,
2025-07-18 18:49:37,2025-07-18 18:49:43,2025-07-18 19:15:06,1731,8994.0,1091.0,finished,,426.0,10,,
2025-07-18 19:27:17,2025-07-18 19:27:25,2025-07-18 19:44:39,1251,4949.0,552.0,finished,,387.0,5,,
2025-07-18 19:43:14,2025-07-18 19:43:20,2025-07-18 20:00:25,1184,6228.0,738.0,finished,,280.0,6,,
2025-07-18 20:01:00,2025-07-18 20:01:09,2025-07-18 20:15:47,929,3950.0,686.0,finished,,187.0,3,,
2025-07-18 20:29:19,,,513,,,client_cancelled,,,4,,
2025-07-18 20:30:33,,,298,,,client_cancelled,,,4,,
2025-07-19 02:26:50,2025-07-19 02:26:56,2025-07-19 02:46:21,1266,6059.0,737.0,finished,,417.0,5,,
2025-07-19 02:37:05,2025-07-19 02:37:11,2025-07-19 03:07:49,1629,7015.0,702.0,finished,,813.0,14,,
2025-07-19 03:05:39,2025-07-19 03:05:54,,4438,,,client_cancelled,,,16,,
2025-07-19 03:07:49,2025-07-19 03:07:56,,3646,,,client_did_not_show,client_did_not_show,846.0,12,,
2025-07-19 03:29:11,2025-07-19 03:29:19,,1989,,,client_cancelled,,,8,,
2025-07-19 03:29:53,2025-07-19 03:29:56,,140,,,client_did_not_show,client_did_not_show,29.0,1,,
2025-07-19 03:37:40,2025-07-19 03:37:59,2025-07-19 03:51:16,1172,2724.0,454.0,finished,,330.0,6,,
2025-07-19 03:45:38,2025-07-19 03:45:46,,1490,,,client_cancelled,,,9,,
2025-07-19 03:46:33,2025-07-19 03:46:40,2025-07-19 04:09:40,1660,5170.0,713.0,finished,,594.0,11,,
2025-07-19 04:02:59,,,364,,,client_cancelled,,,10,,
2025-07-19 04:03:43,2025-07-19 04:03:49,2025-07-19 04:40:36,3634,13351.0,1379.0,finished,,544.0,11,,
2025-07-19 04:39:14,2025-07-19 04:39:22,2025-07-19 04:59:52,2505,7340.0,682.0,finished,,515.0,7,,
2025-07-19 04:57:53,2025-07-19 04:58:05,2025-07-19 05:09:15,739,3399.0,336.0,finished,,300.0,5,,
2025-07-19 06:27:12,2025-07-19 06:27:20,2025-07-19 06:42:19,1533,2081.0,246.0,finished,,646.0,6,,
2025-07-19 06:40:50,2025-07-19 06:40:59,2025-07-19 07:00:57,1803,6921.0,852.0,finished,,305.0,5,,
2025-07-19 06:59:34,2025-07-19 06:59:49,2025-07-19 07:16:58,111,6386.0,799.0,finished,,79.0,1,,
2025-07-19 07:15:15,2025-07-19 07:15:31,2025-07-19 07:40:13,3189,7535.0,694.0,finished,,636.0,11,,
2025-07-21 14:46:39,2025-07-21 14:46:56,2025-07-21 15:10:27,2903,5649.0,759.0,finished,,644.0,9,,
2025-07-21 15:03:16,2025-07-21 15:03:27,2025-07-21 15:25:18,1882,1711.0,329.0,finished,,977.0,15,,
2025-07-21 15:26:14,2025-07-21 15:26:19,,1665,,,client_cancelled,,215.0,6,,
2025-07-21 15:35:17,2025-07-21 15:35:23,2025-07-21 15:53:07,1202,5056.0,858.0,finished,,174.0,5,,
2025-07-21 15:58:02,2025-07-21 15:58:12,2025-07-21 16:10:40,737,4492.0,493.0,finished,,185.0,3,,
2025-07-21 16:14:00,2025-07-21 16:14:04,2025-07-21 16:58:50,1236,12520.0,2330.0,finished,,341.0,5,,
2025-07-21 17:16:33,2025-07-21 17:16:38,2025-07-21 17:36:54,1362,6654.0,911.0,finished,,299.0,4,,
2025-07-21 17:36:59,2025-07-21 17:37:03,,920,,,client_did_not_show,client_did_not_show,235.0,5,,
2025-07-21 17:48:08,2025-07-21 17:48:10,2025-07-21 18:21:48,1129,9239.0,1485.0,finished,,443.0,7,,
2025-07-21 18:17:47,2025-07-21 18:17:59,2025-07-21 18:53:03,1476,15339.0,1535.0,finished,,474.0,9,,
2025-07-22 10:58:10,2025-07-22 10:58:21,2025-07-22 11:15:12,1328,6829.0,794.0,finished,,182.0,4,,
2025-07-22 11:21:03,2025-07-22 11:21:08,2025-07-22 11:41:35,367,7694.0,933.0,finished,,100.0,3,,
2025-07-22 11:48:08,2025-07-22 11:48:12,2025-07-22 12:04:36,909,4716.0,769.0,finished,,194.0,3,,
2025-07-22 12:14:19,2025-07-22 12:14:22,2025-07-22 12:32:27,85,4411.0,913.0,finished,,120.0,2,,
2025-07-22 12:32:49,2025-07-22 12:32:53,2025-07-22 13:00:11,1284,9972.0,1107.0,finished,,525.0,8,,
2025-07-22 12:51:58,2025-07-22 12:52:05,2025-07-22 13:33:48,1411,15707.0,1763.0,finished,,719.0,13,,
2025-07-22 14:40:13,2025-07-22 14:40:17,2025-07-22 14:54:34,1103,3007.0,486.0,finished,,243.0,5,,
2025-07-22 15:03:16,2025-07-22 15:03:19,2025-07-22 15:31:20,1133,8120.0,1277.0,finished,,339.0,5,,
2025-07-22 16:20:42,2025-07-22 16:20:46,2025-07-22 16:45:38,1626,6995.0,1195.0,finished,,285.0,5,,
2025-07-22 16:45:34,2025-07-22 16:45:35,2025-07-22 17:06:50,869,3720.0,1001.0,finished,,196.0,6,,
2025-07-22 17:00:03,2025-07-22 17:00:10,2025-07-22 17:32:30,1095,9891.0,1148.0,finished,,717.0,11,,
2025-07-22 17:31:22,2025-07-22 17:31:28,2025-07-22 18:00:55,1150,11419.0,1356.0,finished,,312.0,7,,
2025-07-23 12:09:33,2025-07-23 12:09:37,2025-07-23 12:38:11,1427,12036.0,1413.0,finished,,268.0,5,,
2025-07-23 13:52:16,2025-07-23 13:52:26,2025-07-23 14:14:38,2569,5083.0,662.0,finished,,507.0,9,,
2025-07-23 14:14:22,2025-07-23 14:14:29,2025-07-23 14:45:33,3845,7263.0,838.0,finished,,983.0,20,,
2025-07-23 15:59:33,2025-07-23 15:59:37,2025-07-23 16:19:29,1356,3346.0,800.0,finished,,233.0,4,,
2025-07-23 16:20:22,2025-07-23 16:20:27,2025-07-23 16:34:40,1419,3077.0,573.0,finished,,247.0,5,,
2025-07-23 16:36:35,2025-07-23 16:36:42,2025-07-23 16:59:20,209,9175.0,1190.0,finished,,102.0,2,,
2025-07-23 16:51:48,2025-07-23 16:51:54,2025-07-23 17:29:55,1423,14448.0,1450.0,finished,,825.0,12,,
2025-07-23 17:50:25,2025-07-23 17:50:30,2025-07-23 18:12:22,2,8080.0,1086.0,finished,,4.0,1,,
2025-07-24 13:26:54,2025-07-24 13:27:01,2025-07-24 13:48:27,1007,3603.0,952.0,finished,,310.0,6,,
2025-07-24 13:50:13,2025-07-24 13:50:18,2025-07-24 14:11:08,253,5364.0,1080.0,finished,,163.0,4,,
2025-07-24 15:25:17,2025-07-24 15:25:22,2025-07-24 15:38:23,34,5255.0,633.0,finished,,48.0,1,,
2025-07-24 15:37:13,2025-07-24 15:37:17,2025-07-24 16:00:40,1799,5989.0,1049.0,finished,,307.0,6,,
2025-07-24 16:00:57,2025-07-24 16:01:01,2025-07-24 16:19:23,1044,5089.0,694.0,finished,,403.0,5,,
2025-07-24 16:14:27,2025-07-24 16:14:44,2025-07-24 16:55:39,3429,12220.0,1416.0,finished,,965.0,18,,
2025-07-24 17:12:47,2025-07-24 17:13:00,2025-07-24 17:39:03,2206,6732.0,919.0,finished,,638.0,8,,
2025-07-25 11:41:45,2025-07-25 11:41:50,2025-07-25 12:08:28,547,8661.0,1325.0,finished,,201.0,3,,
2025-07-25 12:54:31,2025-07-25 12:54:40,2025-07-25 13:31:17,321,11950.0,1945.0,finished,,104.0,3,,
2025-07-25 13:32:12,2025-07-25 13:32:18,2025-07-25 14:11:28,2468,10275.0,1534.0,finished,,806.0,11,,
2025-07-25 16:40:26,2025-07-25 16:40:29,,2119,,,client_cancelled,,,9,,
2025-07-25 16:46:23,2025-07-25 16:46:28,2025-07-25 17:11:57,1075,5978.0,1222.0,finished,,301.0,4,,
2025-07-25 17:14:39,2025-07-25 17:14:54,2025-07-25 17:56:00,4438,7265.0,1540.0,finished,,734.0,12,,
2025-07-25 18:50:56,2025-07-25 18:51:03,2025-07-25 19:18:18,4608,4056.0,612.0,finished,,805.0,11,,
2025-07-25 19:14:46,2025-07-25 19:14:53,2025-07-25 19:35:24,884,4993.0,801.0,finished,,423.0,5,,
2025-07-25 19:25:55,2025-07-25 19:26:04,2025-07-25 19:50:18,953,3180.0,699.0,finished,,746.0,10,,
2025-07-25 19:50:49,2025-07-25 19:50:58,2025-07-25 20:08:30,1779,5602.0,720.0,finished,,326.0,5,,
2025-07-25 20:30:38,2025-07-25 20:30:46,2025-07-25 20:42:55,1688,3658.0,492.0,finished,,205.0,4,,
2025-07-25 20:51:17,2025-07-25 20:51:20,2025-07-25 21:06:30,628,8873.0,803.0,finished,,78.0,2,,
2025-07-25 20:58:56,,,511,,,client_cancelled,,,12,,
2025-07-25 20:59:28,2025-07-25 20:59:42,2025-07-25 21:28:04,1044,8278.0,978.0,finished,,560.0,12,,
2025-07-25 22:20:54,2025-07-25 22:21:04,2025-07-25 22:55:58,872,16689.0,1746.0,finished,,327.0,3,,
2025-07-25 22:57:37,2025-07-25 22:57:53,2025-07-25 23:21:07,3406,7826.0,849.0,finished,,539.0,7,,
2025-07-25 23:25:47,2025-07-25 23:25:53,2025-07-25 23:38:53,1469,5239.0,537.0,finished,,201.0,3,,
2025-07-25 23:38:32,2025-07-25 23:38:43,2025-07-25 23:52:54,244,7091.0,708.0,finished,,77.0,3,,
2025-07-25 23:52:55,2025-07-25 23:53:00,2025-07-26 00:02:23,848,2939.0,358.0,finished,,160.0,3,,
2025-07-26 00:02:25,2025-07-26 00:02:45,,1537,,,client_cancelled,,,7,,
2025-07-26 00:02:53,2025-07-26 00:03:06,2025-07-26 00:21:53,1750,4601.0,630.0,finished,,469.0,7,,
2025-07-26 00:22:07,2025-07-26 00:22:18,2025-07-26 00:58:07,4262,9980.0,782.0,finished,,1268.0,11,,
2025-07-26 12:14:36,2025-07-26 12:14:41,2025-07-26 12:26:59,37,3307.0,628.0,finished,,103.0,1,,
2025-07-26 12:27:05,2025-07-26 12:27:15,,1369,,,client_cancelled,,,9,,
2025-07-26 12:28:47,2025-07-26 12:28:52,2025-07-26 12:50:44,1569,6984.0,806.0,finished,,448.0,6,,
2025-07-26 12:42:16,2025-07-26 12:42:26,2025-07-26 13:23:02,4232,8004.0,1043.0,finished,,1387.0,20,,
2025-07-26 13:22:47,2025-07-26 13:22:53,2025-07-26 13:36:09,850,1856.0,391.0,finished,,358.0,5,,
2025-07-26 13:38:22,2025-07-26 13:38:28,2025-07-26 13:54:10,1485,2748.0,361.0,finished,,576.0,7,,
2025-07-26 13:51:24,2025-07-26 13:51:32,2025-07-26 14:16:15,1486,4914.0,877.0,finished,,583.0,10,,
2025-07-26 14:16:23,2025-07-26 14:16:28,2025-07-26 14:39:58,1004,6852.0,1029.0,finished,,336.0,3,,
2025-07-26 14:48:44,2025-07-26 14:49:00,2025-07-26 15:04:55,480,6327.0,645.0,finished,,175.0,3,,
2025-07-26 15:04:12,2025-07-26 15:04:20,2025-07-26 15:14:09,1077,1396.0,243.0,finished,,335.0,5,,
2025-07-26 15:17:31,2025-07-26 15:17:36,2025-07-26 15:42:26,1450,3583.0,1251.0,finished,,194.0,4,,
2025-07-26 15:47:55,2025-07-26 15:47:59,2025-07-26 15:58:32,642,1774.0,412.0,finished,,156.0,3,,
2025-07-26 18:08:54,2025-07-26 18:08:57,2025-07-26 18:24:41,832,3119.0,752.0,finished,,179.0,4,,
2025-07-26 18:14:58,,,4683,,,driver_rejected,driver_rejected,,19,,
2025-07-26 18:17:01,2025-07-26 18:17:11,2025-07-26 18:45:29,1613,3228.0,638.0,finished,,1053.0,13,,
2025-07-26 18:37:21,2025-07-26 18:37:27,2025-07-26 19:04:12,389,3732.0,829.0,finished,,735.0,12,,
2025-07-26 19:33:16,2025-07-26 19:33:33,2025-07-26 20:03:38,224,9150.0,1090.0,finished,,21.0,2,,
2025-07-26 19:50:44,2025-07-26 19:50:52,2025-07-26 20:27:28,2146,8428.0,1076.0,finished,,1099.0,12,,
2025-07-26 20:29:26,2025-07-26 20:29:36,2025-07-26 20:55:47,1019,14519.0,1093.0,finished,,417.0,5,,
2025-07-26 20:47:26,2025-07-26 20:47:38,2025-07-26 21:13:09,627,6894.0,887.0,finished,,632.0,12,,
2025-07-26 21:13:15,2025-07-26 21:13:19,2025-07-26 21:24:21,224,3749.0,499.0,finished,,8.0,1,,
2025-07-26 21:23:08,2025-07-26 21:23:25,2025-07-26 21:39:08,2759,2788.0,337.0,finished,,482.0,9,,
2025-07-26 21:36:14,,,4607,,,driver_rejected,driver_rejected,,15,,
2025-07-26 21:39:10,2025-07-26 21:39:20,2025-07-26 22:02:36,3087,6873.0,809.0,finished,,520.0,8,,
2025-07-26 22:09:32,2025-07-26 22:09:43,2025-07-26 22:36:06,1540,5372.0,969.0,finished,,489.0,6,,
2025-07-26 22:24:07,2025-07-26 22:24:17,2025-07-26 23:11:00,4302,5909.0,1021.0,finished,,1741.0,18,,
2025-07-26 22:59:41,2025-07-26 23:00:01,,2155,,,client_cancelled,,,17,,
2025-07-26 23:05:04,,,3720,,,driver_rejected,driver_rejected,,16,,
2025-07-26 23:05:36,2025-07-26 23:05:48,,1543,,,client_cancelled,,,10,,
2025-07-26 23:09:18,2025-07-26 23:09:33,2025-07-26 23:33:22,1736,7163.0,731.0,finished,,640.0,8,,
2025-07-26 23:24:13,2025-07-26 23:24:30,2025-07-27 00:17:49,4852,6270.0,1295.0,finished,,1698.0,22,,
2025-07-27 00:03:00,2025-07-27 00:03:18,2025-07-27 00:35:12,3388,3507.0,440.0,finished,,1383.0,19,,
2025-07-27 00:28:57,2025-07-27 00:29:11,2025-07-27 00:54:20,6424,4533.0,555.0,finished,,948.0,11,,
2025-07-27 00:47:02,2025-07-27 00:47:16,2025-07-27 01:10:34,1574,3471.0,502.0,finished,,811.0,11,,
2025-07-27 01:03:46,2025-07-27 01:03:53,2025-07-27 01:21:04,1021,3822.0,374.0,finished,,581.0,8,,
2025-07-27 01:30:28,2025-07-27 01:30:31,2025-07-27 01:42:16,1043,3680.0,435.0,finished,,233.0,3,,
2025-07-27 01:55:29,2025-07-27 01:55:34,2025-07-27 02:15:39,1241,5885.0,767.0,finished,,401.0,6,,
2025-07-27 14:28:37,2025-07-27 14:28:40,2025-07-27 14:56:16,2091,8876.0,840.0,finished,,690.0,5,,
2025-07-27 14:54:00,2025-07-27 14:54:06,2025-07-27 15:15:50,1779,5389.0,742.0,finished,,556.0,7,,
2025-07-27 15:16:01,2025-07-27 15:16:20,2025-07-27 15:44:24,2333,6452.0,1178.0,finished,,462.0,7,,
2025-07-27 15:36:38,2025-07-27 15:36:50,2025-07-27 16:21:33,1016,8407.0,1479.0,finished,,1135.0,11,,
2025-07-27 16:25:37,,,4996,,,driver_rejected,driver_rejected,,12,,
2025-07-27 16:39:09,,,3754,,,driver_did_not_respond,,,14,,
2025-07-27 16:40:21,2025-07-27 16:40:29,2025-07-27 17:03:27,2617,5561.0,788.0,finished,,576.0,9,,
2025-07-27 16:57:08,,,4737,,,driver_rejected,driver_rejected,,20,,
2025-07-27 17:00:20,2025-07-27 17:00:26,2025-07-27 17:19:50,872,3602.0,671.0,finished,,480.0,7,,
2025-07-27 17:49:32,2025-07-27 17:49:43,,3472,,,client_cancelled,,,13,,
2025-07-27 17:52:33,2025-07-27 17:52:44,2025-07-27 18:17:32,1843,5130.0,906.0,finished,,475.0,4,,
2025-07-27 18:26:16,2025-07-27 18:26:31,,1378,,,client_cancelled,,291.0,4,,
2025-07-27 18:40:56,2025-07-27 18:41:07,2025-07-27 18:57:07,1418,3343.0,635.0,finished,,319.0,5,,
2025-07-27 19:20:55,2025-07-27 19:21:08,,3349,,,client_cancelled,,,11,,
2025-07-27 19:25:46,2025-07-27 19:25:55,2025-07-27 19:42:34,998,2829.0,512.0,finished,,443.0,6,,
2025-07-27 19:37:54,2025-07-27 19:38:12,2025-07-27 19:50:43,588,1652.0,212.0,finished,,534.0,9,,
2025-07-27 19:49:26,2025-07-27 19:49:41,2025-07-27 20:04:10,814,4106.0,663.0,finished,,199.0,5,,
2025-07-27 20:06:50,2025-07-27 20:06:54,2025-07-27 20:23:04,529,4252.0,747.0,finished,,133.0,3,,
2025-07-27 20:12:56,2025-07-27 20:13:09,2025-07-27 20:45:20,351,6911.0,1041.0,finished,,876.0,10,,
2025-07-27 20:55:59,2025-07-27 20:56:03,2025-07-27 21:27:04,1049,13436.0,1498.0,finished,,151.0,3,,
2025-07-27 21:26:40,,,3140,,,driver_rejected,driver_rejected,,9,,
2025-07-27 21:43:06,2025-07-27 21:43:17,2025-07-27 22:28:47,2034,5753.0,1827.0,finished,,832.0,7,,
2025-07-27 22:21:12,,,2372,,,client_cancelled,,,16,,
2025-07-27 22:21:26,2025-07-27 22:21:46,2025-07-27 22:46:53,1034,4918.0,593.0,finished,,909.0,13,,
2025-07-27 22:39:15,2025-07-27 22:39:25,,2376,,,client_cancelled,,,12,,
2025-07-27 22:46:02,,,3843,,,driver_did_not_respond,,,10,,
2025-07-27 22:46:23,,,2702,,,driver_rejected,driver_rejected,,7,,
2025-07-27 22:46:33,2025-07-27 22:46:44,2025-07-27 23:14:19,2276,5090.0,652.0,finished,,375.0,5,,
2025-07-27 22:55:34,,,2710,,,driver_rejected,driver_rejected,,19,,
2025-07-27 22:56:34,2025-07-27 22:56:42,,2626,,,client_cancelled,,,16,,
2025-07-27 23:12:35,,,3792,,,client_cancelled,,,11,,
2025-07-27 23:21:24,2025-07-27 23:21:31,2025-07-27 23:36:49,2344,3091.0,499.0,finished,,407.0,6,,
2025-07-28 06:40:27,2025-07-28 06:40:37,2025-07-28 07:04:11,1693,4882.0,634.0,finished,,700.0,8,,
2025-07-28 06:56:26,2025-07-28 06:56:39,,1146,,,client_cancelled,,,13,,
2025-07-28 07:01:44,2025-07-28 07:01:55,2025-07-28 07:21:46,2847,3968.0,432.0,finished,,634.0,8,,
2025-07-28 07:21:55,,,4572,,,driver_rejected,driver_rejected,,12,,
2025-07-28 07:22:17,2025-07-28 07:22:22,2025-07-28 07:40:15,1436,5866.0,708.0,finished,,225.0,5,,
2025-07-28 07:33:33,2025-07-28 07:33:51,2025-07-28 08:07:59,3400,2567.0,499.0,finished,,1531.0,22,,
2025-07-28 08:06:25,2025-07-28 08:06:39,2025-07-28 08:39:22,2218,4350.0,997.0,finished,,857.0,10,,
2025-07-28 08:31:28,2025-07-28 08:31:35,2025-07-28 09:01:58,1195,3470.0,901.0,finished,,892.0,15,,
2025-07-28 08:58:21,2025-07-28 08:58:36,2025-07-28 09:23:07,1752,3424.0,669.0,finished,,790.0,12,,
2025-07-28 09:19:39,2025-07-28 09:19:43,,1011,,,client_cancelled,,353.0,8,,
2025-07-28 09:28:52,2025-07-28 09:29:02,,1509,,,client_cancelled,,,8,,
2025-07-28 09:31:56,2025-07-28 09:32:02,2025-07-28 09:52:01,1743,3237.0,670.0,finished,,425.0,8,,
2025-07-28 09:43:44,2025-07-28 09:44:03,,2909,,,client_cancelled,,,17,,
2025-07-28 09:45:31,2025-07-28 09:45:33,2025-07-28 10:11:28,1673,1544.0,240.0,finished,,1291.0,14,,
2025-07-28 10:13:52,2025-07-28 10:14:01,2025-07-28 10:31:45,1545,3131.0,654.0,finished,,379.0,5,,
2025-07-28 10:56:06,2025-07-28 10:56:18,2025-07-28 11:11:09,2260,3104.0,351.0,finished,,477.0,7,,
2025-07-28 13:43:56,2025-07-28 13:44:00,2025-07-28 13:57:30,937,2526.0,333.0,finished,,468.0,5,,
2025-07-28 13:56:14,2025-07-28 13:56:26,2025-07-28 14:15:56,1566,3232.0,727.0,finished,,231.0,6,,
2025-07-28 14:07:26,2025-07-28 14:07:41,,1227,,,client_cancelled,,,12,,
2025-07-28 14:35:02,2025-07-28 14:35:10,2025-07-28 15:00:29,990,3742.0,1019.0,finished,,416.0,4,,
2025-07-28 14:57:44,2025-07-28 14:57:51,2025-07-28 15:34:51,1017,9316.0,1392.0,finished,,552.0,6,,
2025-07-28 16:27:31,2025-07-28 16:27:36,2025-07-28 16:40:56,1026,3252.0,574.0,finished,,219.0,4,,
2025-07-29 11:49:13,2025-07-29 11:49:17,2025-07-29 12:15:06,1744,5644.0,1016.0,finished,,499.0,6,,
2025-07-29 12:15:23,2025-07-29 12:15:35,2025-07-29 12:31:41,1842,3627.0,527.0,finished,,411.0,6,,
2025-07-29 14:03:58,2025-07-29 14:04:04,2025-07-29 14:43:04,3303,12644.0,1670.0,finished,,523.0,11,,
2025-07-29 15:13:27,2025-07-29 15:13:32,2025-07-29 15:45:25,1279,10385.0,1394.0,finished,,513.0,6,,
2025-07-29 15:55:20,2025-07-29 15:55:27,2025-07-29 16:29:58,1647,11113.0,1486.0,finished,,540.0,5,,
2025-07-29 16:25:42,2025-07-29 16:25:51,2025-07-29 17:03:01,1859,7319.0,1574.0,finished,,651.0,12,,
2025-07-29 16:58:09,2025-07-29 16:58:14,2025-07-29 17:20:36,1304,3111.0,506.0,finished,,830.0,13,,
2025-07-30 12:09:19,2025-07-30 12:09:25,2025-07-30 12:29:36,907,3609.0,788.0,finished,,412.0,4,,
2025-07-30 12:28:38,2025-07-30 12:28:43,2025-07-30 12:44:13,690,1536.0,593.0,finished,,277.0,6,,
2025-07-30 12:42:44,2025-07-30 12:42:49,,651,,,client_cancelled,,,6,,
2025-07-30 12:47:34,2025-07-30 12:47:40,2025-07-30 13:04:03,1296,3741.0,520.0,finished,,425.0,5,,
2025-07-30 13:05:06,2025-07-30 13:05:12,2025-07-30 13:35:45,743,8121.0,1522.0,finished,,269.0,5,,
2025-08-01 11:09:35,2025-08-01 11:09:40,,190,,,client_cancelled,,,4,,
2025-08-01 11:58:58,2025-08-01 11:59:03,2025-08-01 12:21:42,1167,6632.0,1026.0,finished,,263.0,5,,
2025-08-01 16:16:24,2025-08-01 16:16:28,2025-08-01 16:31:04,1223,3331.0,620.0,finished,,249.0,5,,
2025-08-01 16:40:37,2025-08-01 16:40:46,2025-08-01 17:02:50,1528,5344.0,855.0,finished,,326.0,6,,
2025-08-01 17:43:41,2025-08-01 17:43:47,2025-08-01 18:04:33,2548,5672.0,707.0,finished,,531.0,10,,
2025-08-02 03:42:57,2025-08-02 03:43:05,2025-08-02 04:01:01,1684,3657.0,482.0,finished,,389.0,4,,
2025-08-02 03:57:09,2025-08-02 03:57:18,2025-08-02 04:14:07,2282,1442.0,205.0,finished,,760.0,12,,
2025-08-02 05:00:08,2025-08-02 05:00:13,2025-08-02 05:27:01,1123,9529.0,1339.0,finished,,141.0,4,,
2025-08-02 05:27:34,2025-08-02 05:27:42,2025-08-02 05:52:16,1845,9491.0,1051.0,finished,,407.0,5,,
2025-08-02 12:38:41,2025-08-02 12:38:46,2025-08-02 12:54:11,1351,2541.0,420.0,finished,,475.0,5,,
2025-08-02 13:08:44,2025-08-02 13:08:53,2025-08-02 13:20:51,115,3367.0,537.0,finished,,48.0,1,,
2025-08-02 13:17:24,2025-08-02 13:17:29,2025-08-02 13:36:11,808,4162.0,907.0,finished,,209.0,3,,
2025-08-02 13:36:22,2025-08-02 13:36:25,2025-08-02 13:48:29,971,2947.0,485.0,finished,,229.0,4,,
2025-08-02 13:44:02,2025-08-02 13:44:08,2025-08-02 14:02:54,1204,2565.0,615.0,finished,,504.0,10,,
2025-08-02 14:41:59,2025-08-02 14:42:02,2025-08-02 14:57:21,1928,6178.0,577.0,finished,,308.0,7,,
2025-08-02 15:02:17,2025-08-02 15:02:24,2025-08-02 15:40:13,2494,17198.0,1829.0,finished,,415.0,8,,
2025-08-03 03:38:42,2025-08-03 03:38:46,2025-08-03 03:59:21,2486,10006.0,825.0,finished,,397.0,4,,
2025-08-03 03:49:40,,,2541,,,driver_did_not_respond,,,17,,
2025-08-03 04:42:27,2025-08-03 04:42:35,2025-08-03 04:58:26,2733,3334.0,503.0,finished,,402.0,3,,
2025-08-03 04:52:06,2025-08-03 04:52:14,2025-08-03 05:16:32,1212,9858.0,776.0,finished,,653.0,7,,
2025-08-03 05:36:09,2025-08-03 05:36:20,2025-08-03 05:49:42,1873,4908.0,623.0,finished,,174.0,4,,
2025-08-04 14:09:06,2025-08-04 14:09:13,2025-08-04 14:47:03,2815,8988.0,1134.0,finished,,872.0,14,,
2025-08-04 14:47:26,2025-08-04 14:47:45,2025-08-04 15:35:05,3476,4960.0,843.0,finished,,1942.0,16,,
2025-08-04 15:39:12,2025-08-04 15:39:17,2025-08-04 16:19:52,3939,10950.0,1874.0,finished,,526.0,4,,
2025-08-04 16:32:15,2025-08-04 16:32:19,2025-08-04 16:56:28,152,9715.0,1024.0,finished,,52.0,2,,
2025-08-04 16:52:59,2025-08-04 16:53:08,2025-08-04 17:15:53,702,3867.0,859.0,finished,,450.0,4,,
2025-08-05 11:46:54,2025-08-05 11:47:01,2025-08-05 11:59:35,391,2710.0,534.0,finished,,198.0,4,,
2025-08-05 12:06:52,2025-08-05 12:06:58,2025-08-05 12:34:52,2014,6593.0,1011.0,finished,,654.0,5,,
2025-08-05 12:34:56,2025-08-05 12:35:04,2025-08-05 13:09:18,673,9352.0,1725.0,finished,,321.0,4,,
2025-08-05 15:03:03,2025-08-05 15:03:08,2025-08-05 15:22:06,1417,4560.0,500.0,finished,,624.0,7,,
2025-08-05 15:21:05,2025-08-05 15:21:09,,661,,,client_cancelled,,,6,,
2025-08-05 15:27:04,2025-08-05 15:27:08,2025-08-05 15:42:08,1095,3214.0,459.0,finished,,324.0,4,,
2025-08-05 16:09:31,2025-08-05 16:09:34,2025-08-05 16:33:20,1925,7798.0,925.0,finished,,475.0,6,,
2025-08-05 16:56:50,2025-08-05 16:56:54,2025-08-05 17:23:07,1901,7037.0,954.0,finished,,569.0,7,,
2025-08-05 18:29:15,2025-08-05 18:29:20,2025-08-05 18:43:08,147,2611.0,623.0,finished,,137.0,1,,
2025-08-05 18:42:50,2025-08-05 18:42:59,2025-08-05 18:56:41,1137,2032.0,445.0,finished,,322.0,6,,
2025-08-05 18:57:18,2025-08-05 18:57:32,2025-08-05 19:22:31,1316,5431.0,1066.0,finished,,404.0,6,,
2025-08-06 12:09:35,2025-08-06 12:09:40,2025-08-06 12:23:27,140,3319.0,567.0,finished,,218.0,2,,
2025-08-06 13:19:49,2025-08-06 13:19:55,2025-08-06 13:38:31,1044,2208.0,742.0,finished,,366.0,6,,
2025-08-06 14:22:41,2025-08-06 14:22:45,2025-08-06 14:46:51,180,6494.0,1334.0,finished,,106.0,2,,
2025-08-06 15:38:40,2025-08-06 15:38:48,2025-08-06 15:48:20,1008,865.0,380.0,finished,,187.0,4,,
2025-08-07 15:15:07,2025-08-07 15:15:12,2025-08-07 15:56:09,2876,16330.0,1741.0,finished,,707.0,5,,
2025-08-07 16:04:14,2025-08-07 16:04:28,2025-08-07 16:32:45,1338,8937.0,1236.0,finished,,120.0,4,,
2025-08-07 16:31:17,2025-08-07 16:31:23,2025-08-07 16:50:44,308,4986.0,988.0,finished,,162.0,4,,
2025-08-08 15:49:17,2025-08-08 15:49:24,,1161,,,client_did_not_show,client_did_not_show,263.0,6,,
2025-08-08 16:02:26,2025-08-08 16:02:31,2025-08-08 16:24:10,1025,4942.0,777.0,finished,,498.0,5,,
2025-08-08 16:21:32,2025-08-08 16:21:36,2025-08-08 16:43:26,1042,6898.0,894.0,finished,,212.0,5,,
2025-08-08 16:44:21,2025-08-08 16:44:24,2025-08-08 17:01:40,476,6127.0,795.0,finished,,236.0,3,,
2025-08-08 17:07:56,2025-08-08 17:08:06,2025-08-08 17:21:55,958,3562.0,495.0,finished,,225.0,4,,
2025-08-08 17:21:55,2025-08-08 17:22:00,2025-08-08 17:42:15,3121,3355.0,579.0,finished,,630.0,6,,
2025-08-08 17:46:44,2025-08-08 17:46:49,2025-08-08 18:04:21,565,5767.0,848.0,finished,,181.0,3,,
2025-08-09 03:24:39,2025-08-09 03:24:48,2025-08-09 03:41:41,2014,3374.0,531.0,finished,,434.0,5,,
2025-08-09 03:34:47,2025-08-09 03:34:55,2025-08-09 04:01:50,5631,5635.0,568.0,finished,,1036.0,15,,
2025-08-09 06:55:15,2025-08-09 06:55:27,2025-08-09 07:09:26,1671,2251.0,388.0,finished,,446.0,7,,
2025-08-09 13:12:04,2025-08-09 13:12:08,2025-08-09 13:33:22,672,11869.0,1109.0,finished,,132.0,2,,
2025-08-09 13:46:07,2025-08-09 13:46:11,2025-08-09 14:04:01,1455,4843.0,667.0,finished,,353.0,4,,
2025-08-09 15:37:57,2025-08-09 15:38:11,2025-08-09 16:23:23,2465,15813.0,2186.0,finished,,498.0,9,,
2025-08-09 16:24:22,2025-08-09 16:24:27,2025-08-09 16:50:45,1695,3447.0,937.0,finished,,614.0,8,,
2025-08-09 16:40:16,2025-08-09 16:40:25,2025-08-09 17:09:27,611,4254.0,797.0,finished,,914.0,10,,
2025-08-09 17:09:36,2025-08-09 17:09:41,2025-08-09 17:26:31,1037,3297.0,617.0,finished,,364.0,4,,
2025-08-09 17:27:46,,,4969,,,client_cancelled,,,13,,
2025-08-09 17:27:51,,,4958,,,driver_rejected,driver_rejected,,14,,
2025-08-09 17:43:42,2025-08-09 17:43:50,2025-08-09 18:14:07,2873,6326.0,1261.0,finished,,521.0,11,,
2025-08-09 18:10:43,2025-08-09 18:10:53,2025-08-09 18:49:18,4769,7641.0,1048.0,finished,,1226.0,20,,
2025-08-09 22:30:57,2025-08-09 22:31:07,2025-08-09 22:49:12,1141,2899.0,418.0,finished,,651.0,5,,
2025-08-09 22:46:27,2025-08-09 22:46:35,2025-08-09 23:21:43,2606,11928.0,1467.0,finished,,617.0,11,,
2025-08-12 11:04:39,2025-08-12 11:04:46,2025-08-12 11:29:52,999,4700.0,1037.0,finished,,440.0,5,,
2025-08-12 11:25:20,2025-08-12 11:25:28,2025-08-12 11:43:43,12,5482.0,816.0,finished,,273.0,4,,
2025-08-12 11:40:47,2025-08-12 11:40:55,2025-08-12 12:16:34,669,7062.0,1488.0,finished,,646.0,8,,
2025-08-12 12:22:47,2025-08-12 12:22:51,2025-08-12 12:33:18,1238,1457.0,312.0,finished,,310.0,5,,
2025-08-12 12:32:58,2025-08-12 12:33:06,2025-08-12 12:59:22,803,4206.0,1022.0,finished,,294.0,8,,
2025-08-12 13:00:25,2025-08-12 13:00:30,2025-08-12 13:21:08,584,3891.0,892.0,finished,,283.0,4,,
2025-08-12 13:15:58,2025-08-12 13:16:04,2025-08-12 13:48:11,1177,3359.0,727.0,finished,,1192.0,10,,
2025-08-12 16:19:34,2025-08-12 16:19:47,2025-08-12 16:32:34,710,2175.0,442.0,finished,,316.0,4,,
2025-08-12 16:32:43,2025-08-12 16:32:49,2025-08-12 17:04:14,1002,9540.0,1551.0,finished,,322.0,5,,
2025-08-12 16:51:24,2025-08-12 16:51:36,,666,,,client_cancelled,,,12,,
2025-08-12 16:54:15,2025-08-12 16:54:22,,609,,,client_cancelled,,,12,,
2025-08-15 09:54:09,2025-08-15 09:54:14,2025-08-15 10:14:20,1034,4080.0,716.0,finished,,373.0,5,,
2025-08-15 10:45:38,2025-08-15 10:45:53,2025-08-15 11:01:22,1652,3041.0,585.0,finished,,331.0,6,,
2025-08-15 17:14:51,,,4904,,,driver_did_not_respond,,,14,,
2025-08-15 19:37:22,2025-08-15 19:37:29,2025-08-15 20:09:46,1311,7791.0,1590.0,finished,,312.0,5,,
2025-08-15 20:00:26,2025-08-15 20:00:35,2025-08-15 20:31:00,1545,9278.0,935.0,finished,,807.0,12,,
2025-08-16 04:07:22,2025-08-16 04:07:25,2025-08-16 04:21:40,1572,3587.0,603.0,finished,,239.0,4,,
2025-08-16 04:14:50,2025-08-16 04:14:55,2025-08-16 04:51:59,924,10221.0,1229.0,finished,,802.0,12,,
2025-08-16 14:36:23,2025-08-16 14:36:27,2025-08-16 15:04:28,3712,7281.0,1180.0,finished,,496.0,9,,
2025-08-16 15:44:48,2025-08-16 15:44:54,2025-08-16 16:16:56,3402,7769.0,1062.0,finished,,825.0,13,,
2025-08-17 03:44:51,2025-08-17 03:45:01,2025-08-17 04:19:15,2462,6259.0,1213.0,finished,,443.0,8,,
2025-08-17 04:47:02,2025-08-17 04:47:13,2025-08-17 05:07:55,2408,5502.0,744.0,finished,,485.0,8,,
2025-08-21 15:13:05,2025-08-21 15:13:09,2025-08-21 15:31:46,191,5502.0,874.0,finished,,82.0,2,,
2025-08-21 15:26:21,2025-08-21 15:26:28,2025-08-21 16:02:54,436,8803.0,1121.0,finished,,950.0,11,,
2025-08-21 16:11:41,2025-08-21 16:11:50,2025-08-21 16:50:29,1303,6795.0,988.0,finished,,1319.0,6,,
2025-08-22 17:21:10,2025-08-22 17:21:14,2025-08-22 17:44:43,1022,3828.0,1027.0,finished,,346.0,4,,
2025-08-22 18:06:49,,,4186,,,driver_did_not_respond,,,12,,
2025-08-22 18:07:18,2025-08-22 18:07:26,2025-08-22 18:23:32,1269,4384.0,643.0,finished,,264.0,4,,
2025-08-22 18:18:56,2025-08-22 18:19:02,2025-08-22 18:38:04,1494,5970.0,752.0,finished,,383.0,7,,
2025-08-23 03:57:00,2025-08-23 03:57:06,2025-08-23 04:24:39,1502,6870.0,1110.0,finished,,378.0,5,,
2025-08-23 04:27:29,2025-08-23 04:27:33,,3805,,,client_did_not_show,client_did_not_show,459.0,9,,
2025-08-23 04:40:17,2025-08-23 04:40:23,2025-08-23 05:11:49,1307,10904.0,1350.0,finished,,158.0,4,,
2025-08-23 06:34:58,2025-08-23 06:35:03,,304,,,client_cancelled,,,5,,
2025-08-23 06:36:42,2025-08-23 06:36:52,2025-08-23 06:50:11,1113,4265.0,509.0,finished,,258.0,6,,
2025-08-23 07:49:28,2025-08-23 07:49:32,2025-08-23 08:04:11,884,6830.0,711.0,finished,,152.0,3,,
2025-08-23 08:02:20,2025-08-23 08:02:27,2025-08-23 08:53:48,1574,17341.0,2588.0,finished,,475.0,8,,
2025-08-24 03:34:46,,,3853,,,client_cancelled,,,9,,
2025-08-24 03:34:53,2025-08-24 03:34:57,2025-08-24 03:47:40,1397,3442.0,485.0,finished,,273.0,5,,
2025-08-24 03:41:34,2025-08-24 03:41:40,2025-08-24 03:59:37,1238,1543.0,278.0,finished,,630.0,10,,
2025-08-24 03:56:58,,,2544,,,driver_rejected,driver_rejected,,10,,
2025-08-24 04:05:01,2025-08-24 04:05:07,,1039,,,client_cancelled,,,4,,
2025-08-24 04:06:43,2025-08-24 04:06:52,2025-08-24 04:19:01,1466,2791.0,473.0,finished,,234.0,4,,
2025-08-24 04:13:56,2025-08-24 04:14:08,2025-08-24 04:38:42,1452,4932.0,685.0,finished,,721.0,10,,
2025-08-24 04:29:11,2025-08-24 04:29:18,2025-08-24 04:52:18,792,3976.0,533.0,finished,,808.0,13,,
2025-08-24 04:54:33,2025-08-24 05:03:25,2025-08-24 05:37:32,8076,6703.0,760.0,finished,,1281.0,17,,
2025-08-25 11:15:14,2025-08-25 11:15:18,2025-08-25 11:34:27,1020,5369.0,746.0,finished,,398.0,4,,
2025-08-25 11:32:25,2025-08-25 11:32:30,2025-08-25 11:55:03,1517,7619.0,883.0,finished,,463.0,6,,
2025-08-25 12:27:49,2025-08-25 12:27:56,2025-08-25 12:58:08,2909,8466.0,1214.0,finished,,592.0,10,,
2025-08-25 12:58:22,2025-08-25 12:58:33,2025-08-25 13:13:39,1131,3112.0,515.0,finished,,337.0,5,,
2025-08-25 16:43:07,2025-08-25 16:43:11,2025-08-25 17:06:20,1499,6922.0,845.0,finished,,506.0,5,,
2025-08-25 17:24:19,,,2581,,,client_cancelled,,,7,,
2025-08-25 17:29:57,2025-08-25 17:30:01,2025-08-25 17:51:00,1141,7197.0,966.0,finished,,253.0,4,,
2025-08-26 11:30:02,2025-08-26 11:30:06,2025-08-26 11:47:57,1058,4885.0,704.0,finished,,360.0,5,,
2025-08-26 11:50:12,2025-08-26 11:50:15,2025-08-26 12:10:37,860,4531.0,911.0,finished,,259.0,3,,
2025-08-26 12:08:22,2025-08-26 12:08:27,,225,,,client_did_not_show,client_did_not_show,318.0,4,,
2025-08-26 14:27:41,2025-08-26 14:27:44,2025-08-26 15:01:31,1757,22610.0,1462.0,finished,,544.0,10,,
2025-08-26 14:59:59,2025-08-26 15:00:04,2025-08-26 15:18:27,545,4984.0,795.0,finished,,279.0,8,,
2025-08-26 15:10:10,2025-08-26 15:10:15,2025-08-26 15:40:02,4863,4630.0,909.0,finished,,872.0,14,,
2025-08-26 15:42:21,2025-08-26 15:42:25,2025-08-26 16:02:42,1196,6033.0,838.0,finished,,272.0,5,,
2025-08-26 16:16:34,2025-08-26 16:16:41,2025-08-26 16:35:44,943,5542.0,883.0,finished,,204.0,3,,
2025-08-26 16:44:21,2025-08-26 16:44:30,2025-08-26 17:15:11,1973,6601.0,1160.0,finished,,499.0,5,,
2025-08-28 12:23:20,2025-08-28 12:23:26,2025-08-28 12:48:17,938,5555.0,926.0,finished,,553.0,5,,
2025-08-28 12:51:00,2025-08-28 12:51:05,2025-08-28 13:19:06,1763,6194.0,1158.0,finished,,350.0,7,,
2025-08-28 13:29:33,2025-08-28 13:29:43,2025-08-28 13:56:57,87,4791.0,1322.0,finished,,90.0,3,,
2025-08-28 13:51:40,2025-08-28 13:51:45,2025-08-28 14:23:37,608,3478.0,941.0,finished,,962.0,9,,
2025-08-28 14:19:42,2025-08-28 14:19:50,2025-08-28 14:55:08,1481,5902.0,1009.0,finished,,1101.0,16,,
2025-08-28 14:54:23,2025-08-28 14:54:31,2025-08-28 15:21:15,1601,7063.0,1075.0,finished,,522.0,7,,
2025-08-28 15:21:03,2025-08-28 15:21:09,,1077,,,client_did_not_show,client_did_not_show,312.0,7,,
2025-08-28 15:34:08,2025-08-28 15:34:13,2025-08-28 15:58:46,1062,10345.0,1233.0,finished,,229.0,5,,
2025-08-28 15:59:12,2025-08-28 15:59:17,2025-08-28 16:31:35,1282,9220.0,1687.0,finished,,233.0,6,,
2025-08-28 16:34:16,2025-08-28 16:34:25,2025-08-28 16:53:51,873,7571.0,747.0,finished,,406.0,4,,
2025-08-28 17:18:22,2025-08-28 17:18:28,2025-08-28 17:41:55,1777,6617.0,1050.0,finished,,271.0,7,,
2025-08-29 13:16:43,2025-08-29 13:16:57,2025-08-29 13:42:50,1544,4549.0,1264.0,finished,,253.0,5,,
2025-08-29 13:43:49,2025-08-29 13:43:52,2025-08-29 13:56:32,1496,1711.0,330.0,finished,,321.0,6,,
2025-08-29 14:28:47,2025-08-29 14:28:53,2025-08-29 14:49:11,1652,3646.0,769.0,finished,,350.0,4,,
2025-08-29 15:01:14,2025-08-29 15:01:19,2025-08-29 15:20:55,1376,3708.0,694.0,finished,,335.0,8,,
2025-09-12 13:16:59,2025-09-12 13:17:07,2025-09-12 13:41:29,1056,2746.0,768.0,finished,,678.0,5,,
2025-09-12 13:45:31,2025-09-12 13:45:42,2025-09-12 14:09:12,868,3535.0,975.0,finished,,325.0,3,,
2025-09-12 14:09:39,2025-09-12 14:09:42,2025-09-12 14:39:33,1136,4536.0,1430.0,finished,,280.0,5,,
2025-09-12 14:40:15,2025-09-12 14:40:19,2025-09-12 15:09:49,1392,5718.0,1217.0,finished,,505.0,9,,
2025-09-12 15:06:47,2025-09-12 15:06:52,2025-09-12 15:44:45,4676,11755.0,1455.0,finished,,813.0,12,,
2025-09-12 15:43:28,2025-09-12 15:43:38,2025-09-12 15:57:56,1226,1838.0,324.0,finished,,459.0,7,,
2025-09-12 16:00:32,2025-09-12 16:00:36,2025-09-12 16:19:03,1216,3901.0,735.0,finished,,365.0,5,,
2025-09-12 16:19:27,2025-09-12 16:19:35,2025-09-12 16:34:05,1028,3467.0,526.0,finished,,327.0,6,,
2025-09-12 16:31:42,2025-09-12 16:31:48,2025-09-12 16:49:41,1609,2879.0,454.0,finished,,606.0,10,,
2025-09-12 16:44:05,2025-09-12 16:44:13,,1487,,,client_cancelled,,,11,,
2025-09-12 16:52:43,2025-09-12 16:52:54,2025-09-12 17:22:10,3001,11648.0,1218.0,finished,,530.0,10,,
2025-09-12 17:19:48,2025-09-12 17:19:55,2025-09-12 17:58:30,2217,11225.0,1813.0,finished,,497.0,10,,
2025-09-12 17:52:38,2025-09-12 17:52:43,2025-09-12 18:11:03,1195,3390.0,710.0,finished,,354.0,4,,
2025-09-13 04:16:15,2025-09-13 04:16:21,2025-09-13 04:24:46,195,2937.0,319.0,finished,,167.0,1,,
2025-09-13 04:21:22,2025-09-13 04:21:27,2025-09-13 04:46:38,1645,6615.0,711.0,finished,,552.0,10,,
2025-09-13 04:41:37,2025-09-13 04:41:44,2025-09-13 05:08:59,1620,3824.0,623.0,finished,,975.0,11,,
2025-09-13 05:10:29,2025-09-13 05:10:36,2025-09-13 05:28:25,723,5425.0,780.0,finished,,164.0,3,,
2025-09-13 05:28:35,2025-09-13 05:28:39,2025-09-13 05:55:03,1477,10209.0,1077.0,finished,,393.0,7,,
2025-09-13 16:19:12,2025-09-13 16:19:16,2025-09-13 16:30:53,1126,1378.0,307.0,finished,,247.0,4,,
2025-09-14 04:20:57,2025-09-14 04:21:03,2025-09-14 04:42:57,1261,6119.0,982.0,finished,,308.0,4,,
2025-09-14 04:39:57,2025-09-14 04:40:02,2025-09-14 05:01:36,786,5500.0,647.0,finished,,604.0,9,,
2025-09-14 04:53:58,2025-09-14 04:54:04,,2353,,,client_cancelled,,,15,,
2025-09-14 04:55:15,2025-09-14 04:55:24,,2766,,,client_cancelled,,,15,,
2025-09-14 07:16:10,2025-09-14 07:16:16,2025-09-14 07:36:18,1750,7124.0,749.0,finished,,447.0,4,,
2025-09-14 07:41:06,2025-09-14 07:41:11,2025-09-14 08:05:19,2294,8829.0,1040.0,finished,,400.0,8,,
2025-09-14 08:14:38,2025-09-14 08:14:45,2025-09-14 08:39:16,1190,9413.0,1102.0,finished,,276.0,6,,
2025-09-14 08:35:19,2025-09-14 08:35:26,2025-09-14 09:09:50,2216,10091.0,1185.0,finished,,796.0,13,,
2025-09-14 09:20:50,2025-09-14 09:20:54,2025-09-14 09:37:14,19,7808.0,873.0,finished,,8.0,1,,
2025-09-14 09:38:56,2025-09-14 09:39:02,2025-09-14 09:58:56,1501,5591.0,730.0,finished,,272.0,4,,
2025-09-15 16:08:43,2025-09-15 16:08:47,2025-09-15 16:43:16,2047,8671.0,1289.0,finished,,568.0,8,,
2025-09-15 16:35:54,,,1681,,,client_cancelled,,,16,,
2025-09-15 16:36:12,2025-09-15 16:36:18,,1681,,,client_cancelled,,,15,,
2025-09-16 13:20:22,2025-09-16 13:20:26,2025-09-16 13:47:43,2895,10511.0,1229.0,finished,,376.0,6,,
2025-09-16 13:38:03,2025-09-16 13:38:10,,4934,,,client_cancelled,,,25,,
2025-09-16 13:41:21,2025-09-16 13:41:26,,3544,,,client_cancelled,,,16,,
2025-09-16 13:52:30,2025-09-16 13:52:45,,3402,,,client_cancelled,,,13,,
2025-09-16 14:07:23,2025-09-16 14:07:27,2025-09-16 14:34:37,1314,3270.0,1079.0,finished,,544.0,9,,
2025-09-16 14:31:08,2025-09-16 14:31:15,,157,,,client_cancelled,,,6,,
2025-09-16 14:43:43,2025-09-16 14:43:48,,174,,,client_cancelled,,,2,,
2025-09-16 14:46:09,2025-09-16 14:46:16,2025-09-16 15:30:19,115,4858.0,2425.0,finished,,199.0,1,,
2025-09-16 15:27:44,2025-09-16 15:27:54,2025-09-16 15:49:22,940,3002.0,767.0,finished,,489.0,7,,
2025-09-16 15:53:27,2025-09-16 15:53:37,2025-09-16 16:20:53,1606,7903.0,1027.0,finished,,603.0,6,,
2025-09-16 16:24:05,2025-09-16 16:24:10,2025-09-16 16:46:13,1139,3251.0,902.0,finished,,348.0,4,,
2025-09-17 13:04:17,2025-09-17 13:04:21,,3199,,,client_cancelled,,,8,,
2025-09-17 13:09:35,2025-09-17 13:09:40,2025-09-17 13:43:19,417,6192.0,1793.0,finished,,194.0,2,,
2025-09-17 13:41:26,2025-09-17 13:41:31,2025-09-17 13:57:47,1748,3364.0,522.0,finished,,391.0,7,,
2025-09-17 14:44:02,2025-09-17 14:44:09,,715,,,client_cancelled,,,6,,
2025-09-17 14:57:06,2025-09-17 14:57:15,2025-09-17 15:28:18,1660,3146.0,1097.0,finished,,745.0,6,,
2025-09-22 13:24:26,2025-09-22 13:24:29,2025-09-22 13:57:23,1416,5347.0,1288.0,finished,,592.0,10,,
2025-09-22 13:57:05,2025-09-22 13:57:13,2025-09-22 14:26:49,1298,3482.0,1188.0,finished,,582.0,8,,
2025-09-22 14:18:34,2025-09-22 14:18:44,2025-09-22 14:38:52,379,2490.0,616.0,finished,,567.0,12,,
2025-09-22 15:56:51,2025-09-22 15:56:56,2025-09-22 16:24:27,1082,10282.0,1363.0,finished,,278.0,4,,
2025-09-22 16:37:50,2025-09-22 16:38:05,2025-09-22 16:58:40,1404,2704.0,713.0,finished,,483.0,6,,
2025-09-23 12:20:38,2025-09-23 12:20:43,2025-09-23 12:49:16,924,4349.0,1014.0,finished,,558.0,5,,
2025-09-23 12:50:16,2025-09-23 12:50:20,2025-09-23 13:16:36,1463,4095.0,884.0,finished,,572.0,7,,
2025-09-23 13:13:01,2025-09-23 13:13:06,2025-09-23 13:41:01,1619,3682.0,860.0,finished,,771.0,12,,
2025-09-23 13:41:53,2025-09-23 13:41:58,2025-09-23 14:21:40,1564,5920.0,1584.0,finished,,558.0,11,,
2025-09-23 14:14:08,2025-09-23 14:14:13,2025-09-23 14:27:47,457,1038.0,244.0,finished,,550.0,8,,
2025-09-23 14:28:42,2025-09-23 14:28:47,2025-09-23 14:54:23,682,5817.0,1228.0,finished,,197.0,3,,
2025-09-23 14:54:31,2025-09-23 14:54:39,2025-09-23 15:13:39,1153,2410.0,652.0,finished,,468.0,6,,
2025-09-24 15:18:38,2025-09-24 15:18:43,2025-09-24 15:36:54,1031,5064.0,755.0,finished,,282.0,4,,
2025-09-24 15:37:08,2025-09-24 15:37:11,2025-09-24 15:58:07,898,5131.0,1061.0,finished,,189.0,4,,
2025-09-25 15:03:52,2025-09-25 15:03:57,2025-09-25 15:15:14,1482,2262.0,389.0,finished,,209.0,4,,
2025-09-25 16:59:47,,,783,,,client_cancelled,,,5,,
2025-09-26 16:34:42,2025-09-26 16:34:56,2025-09-26 17:08:00,3416,13742.0,1590.0,finished,,380.0,6,,
2025-09-26 17:05:25,,,4235,,,client_cancelled,,,16,,
2025-09-26 17:05:51,2025-09-26 17:05:57,2025-09-26 17:21:56,691,4591.0,550.0,finished,,272.0,7,,
2025-09-26 17:14:47,2025-09-26 17:14:55,,860,,,client_cancelled,,,12,,
2025-09-26 17:16:54,2025-09-26 17:17:03,,2205,,,client_cancelled,,,15,,
2025-09-26 17:18:23,2025-09-26 17:18:36,2025-09-26 17:57:43,2358,11306.0,1487.0,finished,,694.0,11,,
2025-09-26 17:51:57,2025-09-26 17:52:05,,1729,,,client_cancelled,,,12,,
2025-09-26 17:55:20,2025-09-26 17:55:30,2025-09-26 18:20:44,2090,3147.0,669.0,finished,,809.0,9,,
2025-09-26 18:11:43,2025-09-26 18:11:51,,794,,,client_cancelled,,,12,,
2025-09-26 18:32:33,2025-09-26 18:32:38,2025-09-26 18:57:33,937,8257.0,1009.0,finished,,175.0,6,,
2025-09-26 18:49:58,2025-09-26 18:50:04,2025-09-26 19:33:10,1683,5270.0,1708.0,finished,,871.0,12,,
2025-09-26 20:31:15,2025-09-26 20:31:24,2025-09-26 20:46:03,497,5541.0,732.0,finished,,138.0,2,,
2025-09-26 20:45:43,2025-09-26 20:45:52,2025-09-26 20:59:14,1103,4698.0,480.0,finished,,257.0,5,,
2025-09-26 20:57:16,2025-09-26 20:57:22,2025-09-26 21:15:14,1757,6058.0,599.0,finished,,388.0,6,,
2025-09-26 21:13:20,2025-09-26 21:13:30,,1899,,,client_cancelled,,,7,,
2025-09-26 21:15:45,2025-09-26 21:15:52,2025-09-26 21:30:53,1506,4809.0,503.0,finished,,231.0,5,,
2025-09-26 23:02:47,2025-09-26 23:02:50,2025-09-26 23:22:18,1549,12391.0,930.0,finished,,232.0,4,,
2025-09-27 13:24:31,2025-09-27 13:24:35,2025-09-27 13:45:51,653,2659.0,774.0,finished,,489.0,4,,
2025-09-27 13:46:41,2025-09-27 13:46:45,2025-09-27 13:55:19,1058,1159.0,298.0,finished,,210.0,4,,
2025-09-27 13:55:27,2025-09-27 13:55:30,2025-09-27 14:17:39,846,6407.0,989.0,finished,,214.0,3,,
2025-09-27 14:30:19,2025-09-27 14:30:33,2025-09-27 14:57:27,2986,4744.0,668.0,finished,,941.0,11,,
2025-09-27 14:56:44,2025-09-27 14:56:48,2025-09-27 15:10:06,49,2567.0,568.0,finished,,56.0,4,,
2025-09-27 17:40:14,2025-09-27 17:40:30,2025-09-27 18:13:17,1722,3427.0,1267.0,finished,,688.0,8,,
2025-09-27 17:59:46,2025-09-27 17:59:55,,1978,,,client_cancelled,,,18,,
2025-09-27 18:05:40,,,4508,,,client_cancelled,,,22,,
2025-09-27 18:10:21,2025-09-27 18:10:35,2025-09-27 18:37:54,1866,3343.0,514.0,finished,,943.0,18,,
2025-09-27 18:29:14,,,3795,,,driver_did_not_respond,,,15,,
2025-09-27 18:30:05,,,4502,,,client_cancelled,,,15,,
2025-09-27 18:30:23,2025-09-27 18:30:37,2025-09-27 19:10:14,3583,10980.0,1334.0,finished,,988.0,13,,
2025-09-27 19:09:30,2025-09-27 19:09:39,2025-09-27 19:30:40,1269,6001.0,1010.0,finished,,237.0,5,,
2025-09-27 20:03:42,2025-09-27 20:03:53,2025-09-27 20:25:12,1417,5195.0,944.0,finished,,330.0,6,,
2025-09-28 03:38:04,2025-09-28 03:38:15,2025-09-28 04:17:21,1672,13797.0,1418.0,finished,,605.0,4,,
2025-09-28 05:59:52,2025-09-28 06:00:01,,2448,,,client_cancelled,,,9,,
2025-09-28 06:17:01,2025-09-28 06:17:06,,1182,,,client_cancelled,,,8,,
2025-09-28 06:19:14,2025-09-28 06:19:19,2025-09-28 06:38:06,1005,7089.0,768.0,finished,,291.0,4,,
2025-09-29 11:32:35,2025-09-29 11:32:40,2025-09-29 11:46:00,1466,1506.0,352.0,finished,,416.0,5,,
2025-09-29 11:46:04,2025-09-29 11:46:08,2025-09-29 12:00:28,1129,2616.0,560.0,finished,,292.0,5,,
2025-09-29 13:07:48,2025-09-29 13:07:51,2025-09-29 13:29:01,1079,4759.0,1026.0,finished,,239.0,5,,
2025-09-29 14:20:31,2025-09-29 14:20:36,2025-09-29 14:44:00,1884,5665.0,782.0,finished,,406.0,11,,
2025-09-29 14:38:57,2025-09-29 14:39:02,2025-09-29 14:52:43,1941,2719.0,368.0,finished,,448.0,10,,
2025-09-29 15:00:40,2025-09-29 15:00:44,2025-09-29 15:25:30,265,6443.0,1162.0,finished,,205.0,3,,
2025-09-29 15:17:41,2025-09-29 15:17:48,2025-09-29 15:55:27,2514,8543.0,1285.0,finished,,886.0,17,,
2025-09-29 15:55:41,2025-09-29 15:55:45,2025-09-29 16:12:11,1231,4232.0,592.0,finished,,263.0,5,,
2025-09-29 16:04:17,2025-09-29 16:04:23,2025-09-29 16:43:50,2707,8484.0,1013.0,finished,,1260.0,17,,
2025-09-29 16:41:03,2025-09-29 16:41:12,2025-09-29 17:03:08,1753,3732.0,761.0,finished,,550.0,9,,
2025-10-02 06:28:53,2025-10-02 06:28:57,2025-10-02 07:04:30,966,10296.0,1721.0,finished,,403.0,2,,
2025-10-02 07:06:02,2025-10-02 07:06:07,2025-10-02 07:31:46,4520,6997.0,988.0,finished,,547.0,12,,
2025-10-02 07:31:01,2025-10-02 07:31:05,2025-10-02 07:50:01,1168,4058.0,866.0,finished,,240.0,4,,
2025-10-02 07:49:49,2025-10-02 07:49:53,2025-10-02 08:28:13,2851,10317.0,1477.0,finished,,743.0,10,,
2025-10-03 07:04:46,,,3691,,,driver_did_not_respond,,,11,,
2025-10-03 12:25:12,2025-10-03 12:25:16,2025-10-03 13:00:55,1975,9796.0,1695.0,finished,,439.0,6,,
2025-10-03 13:00:08,2025-10-03 13:00:14,2025-10-03 13:32:37,2627,6143.0,1189.0,finished,,606.0,15,,
2025-10-03 13:22:06,,,2409,,,client_cancelled,,,21,,
2025-10-03 13:23:41,2025-10-03 13:23:46,2025-10-03 14:28:38,768,10652.0,2452.0,finished,,911.0,15,,
2025-10-03 14:28:25,2025-10-03 14:28:30,,1157,,,client_cancelled,,,9,,
2025-10-03 14:34:06,2025-10-03 14:34:16,2025-10-03 14:53:42,1761,3001.0,708.0,finished,,418.0,8,,
2025-10-04 03:08:51,2025-10-04 03:08:56,2025-10-04 03:19:06,1560,1468.0,291.0,finished,,289.0,4,,
2025-10-04 03:16:20,2025-10-04 03:16:25,2025-10-04 03:32:49,935,5572.0,755.0,finished,,182.0,7,,
2025-10-04 03:23:59,2025-10-04 03:24:13,,3748,,,client_did_not_show,client_did_not_show,1180.0,16,,
2025-10-04 05:15:31,2025-10-04 05:15:35,2025-10-04 05:30:57,1264,4618.0,645.0,finished,,270.0,3,,
2025-10-04 05:56:26,2025-10-04 05:56:29,2025-10-04 06:15:59,1493,1947.0,529.0,finished,,629.0,3,,
2025-10-04 07:22:19,2025-10-04 07:22:23,2025-10-04 07:46:48,1524,7618.0,1025.0,finished,,269.0,5,,
2025-10-04 13:40:13,2025-10-04 13:40:17,2025-10-04 14:08:26,1126,8808.0,1297.0,finished,,364.0,5,,
2025-10-04 15:14:48,2025-10-04 15:14:55,2025-10-04 15:45:05,1868,8479.0,1191.0,finished,,479.0,6,,
2025-10-04 15:39:35,2025-10-04 15:39:49,2025-10-04 16:06:37,2771,6968.0,820.0,finished,,776.0,10,,
2025-10-04 16:06:20,2025-10-04 16:06:28,2025-10-04 16:38:15,1675,6850.0,1214.0,finished,,466.0,8,,
2025-10-04 16:36:40,2025-10-04 16:36:53,2025-10-04 16:57:51,2210,6895.0,768.0,finished,,462.0,10,,
2025-10-04 16:59:26,2025-10-04 16:59:37,2025-10-04 17:22:05,1015,7146.0,925.0,finished,,386.0,4,,
2025-10-04 17:17:40,2025-10-04 17:17:47,2025-10-04 17:39:36,1240,3478.0,624.0,finished,,656.0,10,,
2025-10-04 21:01:35,,,2595,,,driver_rejected,driver_rejected,,9,,
2025-10-04 21:03:47,,,1567,,,driver_rejected,driver_rejected,,6,,
2025-10-04 21:10:38,2025-10-04 21:10:45,2025-10-04 21:33:20,1907,3955.0,624.0,finished,,593.0,8,,
2025-10-06 07:32:34,2025-10-06 07:32:43,2025-10-06 07:54:38,1321,3928.0,905.0,finished,,387.0,7,,
2025-10-06 07:54:42,2025-10-06 07:54:46,2025-10-06 08:19:54,1867,3743.0,788.0,finished,,710.0,2,,
2025-10-06 14:28:38,2025-10-06 14:28:54,2025-10-06 14:52:36,1801,3759.0,745.0,finished,,616.0,10,,
2025-10-06 14:47:38,2025-10-06 14:47:49,,3967,,,client_cancelled,,,20,,
2025-10-06 14:48:24,,,4142,,,driver_did_not_respond,,,22,,
2025-10-06 14:51:27,2025-10-06 14:51:36,2025-10-06 15:24:57,1936,7594.0,1474.0,finished,,521.0,9,,
2025-10-06 15:13:52,2025-10-06 15:14:04,,4612,,,client_cancelled,,,23,,
2025-10-06 15:21:38,2025-10-06 15:21:53,2025-10-06 16:04:08,3267,5613.0,1455.0,finished,,1018.0,11,,
2025-10-06 16:22:20,2025-10-06 16:22:26,2025-10-06 17:09:59,3790,9751.0,1904.0,finished,,757.0,14,,
2025-10-06 17:11:18,2025-10-06 17:11:29,2025-10-06 17:35:33,1562,5852.0,980.0,finished,,326.0,6,,
2025-10-07 14:28:46,,,4488,,,client_cancelled,,,20,,
2025-10-07 14:56:19,2025-10-07 14:56:24,2025-10-07 15:25:09,2826,7874.0,1253.0,finished,,456.0,8,,
2025-10-07 15:21:22,2025-10-07 15:21:28,2025-10-07 16:03:17,1560,10065.0,2106.0,finished,,347.0,6,,
2025-10-07 16:03:30,2025-10-07 16:03:35,2025-10-07 16:23:05,1532,8252.0,905.0,finished,,258.0,5,,
2025-10-09 05:28:37,2025-10-09 05:28:43,2025-10-09 06:20:50,1246,4325.0,2179.0,finished,,943.0,8,,
2025-10-09 07:24:49,2025-10-09 07:25:03,2025-10-09 07:48:50,1257,3598.0,1034.0,finished,,387.0,5,,
2025-10-10 06:27:17,2025-10-10 06:27:21,2025-10-10 06:53:31,696,5087.0,1133.0,finished,,363.0,4,,
2025-10-10 06:48:16,2025-10-10 06:48:22,,231,,,client_did_not_show,do_not_wish_to_serve_this_client,655.0,11,,
2025-10-10 07:13:06,2025-10-10 07:13:13,2025-10-10 07:34:22,418,5317.0,1026.0,finished,,152.0,3,,
2025-10-10 12:10:40,2025-10-10 12:10:47,2025-10-10 12:22:47,990,1481.0,322.0,finished,,391.0,6,,
2025-10-10 12:19:23,2025-10-10 12:19:34,2025-10-10 12:48:52,2836,5920.0,1125.0,finished,,564.0,13,,
2025-10-10 12:45:00,2025-10-10 12:45:07,2025-10-10 13:39:13,2254,10073.0,2156.0,finished,,958.0,15,,
2025-10-10 13:33:54,,,2734,,,driver_did_not_respond,,,19,,
2025-10-10 13:36:41,2025-10-10 13:36:49,2025-10-10 14:05:00,1476,3271.0,792.0,finished,,783.0,9,,
2025-10-10 14:01:57,,,4201,,,client_cancelled,,,22,,
2025-10-10 14:02:27,2025-10-10 14:02:35,2025-10-10 14:41:11,1080,7870.0,2044.0,finished,,236.0,6,,
2025-10-10 14:51:36,2025-10-10 14:51:41,2025-10-10 15:07:59,228,5792.0,785.0,finished,,114.0,2,,
2025-10-10 15:00:35,2025-10-10 15:00:42,,1844,,,client_cancelled,,,17,,
2025-10-10 15:02:12,2025-10-10 15:02:17,2025-10-10 15:33:26,713,6795.0,1116.0,finished,,670.0,11,,
2025-10-10 15:34:05,2025-10-10 15:34:17,2025-10-10 16:02:45,1786,6398.0,1220.0,finished,,474.0,6,,
2025-10-10 16:03:32,2025-10-10 16:03:38,2025-10-10 16:29:15,2134,5444.0,818.0,finished,,404.0,6,,
2025-10-10 16:28:02,2025-10-10 16:28:07,2025-10-10 16:54:05,2064,3525.0,773.0,finished,,763.0,10,,
2025-10-10 17:10:28,2025-10-10 17:10:34,2025-10-10 17:35:47,1246,4471.0,946.0,finished,,558.0,6,,
2025-10-10 17:27:17,2025-10-10 17:27:24,2025-10-10 17:47:25,1353,1814.0,298.0,finished,,852.0,12,,
2025-10-10 17:45:06,2025-10-10 17:45:12,2025-10-10 18:00:41,704,4930.0,641.0,finished,,269.0,6,,
2025-10-10 17:59:56,2025-10-10 18:00:07,2025-10-10 18:37:07,2093,16033.0,1651.0,finished,,564.0,10,,
2025-10-11 03:28:14,2025-10-11 03:28:19,,1191,,,client_cancelled,,,5,,
2025-10-11 03:28:52,,,4362,,,driver_rejected,driver_rejected,,10,,
2025-10-11 03:30:03,2025-10-11 03:30:12,2025-10-11 04:00:29,1620,8299.0,1264.0,finished,,538.0,7,,
2025-10-11 03:53:25,2025-10-11 03:53:30,2025-10-11 04:32:06,266,13106.0,1322.0,finished,,647.0,12,,
2025-10-11 04:26:24,2025-10-11 04:26:30,2025-10-11 05:05:31,1045,16054.0,1464.0,finished,,662.0,12,,
2025-10-11 05:24:50,2025-10-11 05:24:57,2025-10-11 05:41:50,2575,5902.0,652.0,finished,,339.0,6,,
2025-10-11 05:37:14,2025-10-11 05:37:19,2025-10-11 05:51:59,499,3261.0,440.0,finished,,400.0,10,,
2025-10-11 05:46:38,2025-10-11 05:46:42,2025-10-11 06:19:38,2645,8030.0,843.0,finished,,881.0,17,,
2025-10-11 06:21:54,2025-10-11 06:22:02,2025-10-11 06:36:33,1940,2552.0,362.0,finished,,503.0,7,,
2025-10-11 06:34:45,2025-10-11 06:34:50,2025-10-11 06:56:26,1431,10133.0,861.0,finished,,368.0,7,,
2025-10-11 06:51:46,2025-10-11 06:51:51,2025-10-11 07:19:40,7714,5178.0,913.0,finished,,734.0,14,,
2025-10-11 07:17:30,2025-10-11 07:17:37,,1286,,,client_cancelled,,,9,,
2025-10-11 07:31:47,2025-10-11 07:32:01,2025-10-11 07:57:29,1649,7109.0,1085.0,finished,,375.0,5,,
2025-10-11 16:11:34,2025-10-11 16:11:43,2025-10-11 16:32:30,848,5265.0,960.0,finished,,254.0,4,,
2025-10-11 18:48:36,2025-10-11 18:48:40,2025-10-11 19:09:22,1440,8049.0,846.0,finished,,392.0,7,,
2025-10-11 19:05:56,2025-10-11 19:06:04,2025-10-11 19:30:09,288,8163.0,927.0,finished,,333.0,7,,
2025-10-12 03:37:40,,,4019,,,driver_rejected,driver_rejected,,13,,
2025-10-12 03:37:59,2025-10-12 03:38:04,2025-10-12 03:59:06,1780,8439.0,959.0,finished,,283.0,4,,
2025-10-12 03:56:42,2025-10-12 03:56:50,2025-10-12 04:26:59,2798,8009.0,896.0,finished,,728.0,11,,
2025-10-12 04:22:50,2025-10-12 04:23:06,2025-10-12 04:46:34,2349,5588.0,646.0,finished,,749.0,10,,
2025-10-12 04:43:25,2025-10-12 04:43:32,2025-10-12 05:05:48,2291,1784.0,648.0,finished,,594.0,9,,
2025-10-12 07:45:54,2025-10-12 07:46:00,2025-10-12 08:03:39,1898,6192.0,588.0,finished,,441.0,7,,
2025-10-14 14:09:46,,,4723,,,client_cancelled,,,25,,
2025-10-14 15:49:23,2025-10-14 15:49:30,2025-10-14 16:27:21,1337,13457.0,1551.0,finished,,596.0,8,,
2025-10-14 16:46:08,2025-10-14 16:46:15,2025-10-14 17:05:28,1454,4885.0,886.0,finished,,263.0,5,,
2025-10-14 17:00:40,2025-10-14 17:00:46,2025-10-14 17:28:41,1358,5449.0,1079.0,finished,,591.0,11,,
2025-10-16 05:19:39,2025-10-16 05:19:48,2025-10-16 06:28:23,4758,7529.0,2649.0,finished,,1177.0,16,,
2025-10-17 05:20:58,2025-10-17 05:21:08,2025-10-17 05:49:10,1221,6206.0,980.0,finished,,687.0,8,,
2025-10-17 18:12:06,2025-10-17 18:12:10,2025-10-17 18:47:36,4247,12141.0,1345.0,finished,,700.0,12,,
2025-10-18 03:28:47,2025-10-18 03:28:53,2025-10-18 03:54:04,2509,5571.0,790.0,finished,,524.0,10,,
2025-10-18 03:44:20,2025-10-18 03:44:30,2025-10-18 04:22:59,2852,8375.0,1116.0,finished,,1188.0,18,,
2025-10-18 04:13:23,2025-10-18 04:13:30,,4661,,,client_cancelled,,,21,,
2025-10-18 04:45:22,2025-10-18 04:45:36,2025-10-18 05:18:34,1898,16899.0,1544.0,finished,,429.0,8,,
2025-10-18 05:17:00,2025-10-18 05:17:05,,4163,,,client_cancelled,,,10,,
2025-10-18 06:51:34,2025-10-18 06:51:41,2025-10-18 07:25:56,2436,9697.0,1641.0,finished,,408.0,7,,
2025-10-18 07:24:31,2025-10-18 07:24:39,2025-10-18 07:43:40,687,4997.0,692.0,finished,,205.0,7,,
2025-10-18 12:57:15,,,4542,,,client_cancelled,,,14,,
2025-10-18 12:58:53,2025-10-18 12:59:06,2025-10-18 13:15:39,1461,6185.0,682.0,finished,,254.0,5,,
2025-10-18 13:09:00,2025-10-18 13:09:05,2025-10-18 13:45:06,4172,9375.0,944.0,finished,,1093.0,18,,
2025-10-18 13:38:36,2025-10-18 13:38:44,2025-10-18 14:09:39,7097,7014.0,901.0,finished,,922.0,18,,
2025-10-18 15:26:20,2025-10-18 15:26:26,2025-10-18 15:54:00,2370,6901.0,981.0,finished,,659.0,9,,
2025-10-18 15:51:23,2025-10-18 15:51:28,2025-10-18 16:13:12,1686,6272.0,759.0,finished,,483.0,11,,
2025-10-18 16:08:08,2025-10-18 16:08:12,2025-10-18 16:28:54,1237,5211.0,563.0,finished,,672.0,11,,
2025-10-18 16:21:47,2025-10-18 16:21:54,2025-10-18 16:49:49,856,8184.0,1012.0,finished,,656.0,12,,
2025-10-18 22:16:37,2025-10-18 22:16:41,2025-10-18 22:42:35,1239,9981.0,891.0,finished,,487.0,5,,
2025-10-18 22:32:48,2025-10-18 22:32:57,2025-10-18 23:03:33,1614,7275.0,891.0,finished,,935.0,15,,
2025-10-18 22:57:44,2025-10-18 22:57:53,2025-10-18 23:19:40,503,7353.0,772.0,finished,,506.0,9,,
2025-10-18 23:15:37,2025-10-18 23:15:48,2025-10-19 00:00:24,4393,15761.0,1834.0,finished,,823.0,11,,
2025-10-19 00:00:45,2025-10-19 00:00:57,2025-10-19 00:24:05,1949,7468.0,874.0,finished,,434.0,8,,
2025-10-20 16:05:21,2025-10-20 16:05:30,2025-10-20 16:23:29,2392,1750.0,526.0,finished,,524.0,5,,
2025-10-20 16:19:11,,,394,,,client_cancelled,,,7,,
2025-10-20 16:59:23,2025-10-20 16:59:33,2025-10-20 17:17:15,865,2710.0,817.0,finished,,236.0,4,,
2025-10-21 13:56:44,2025-10-21 13:56:53,2025-10-21 14:21:15,1974,4124.0,807.0,finished,,614.0,10,,
2025-10-21 14:10:11,2025-10-21 14:10:19,2025-10-21 14:58:58,1637,7685.0,1782.0,finished,,1113.0,17,,
2025-10-21 14:59:04,2025-10-21 14:59:17,2025-10-21 15:12:21,1350,1834.0,359.0,finished,,332.0,8,,
2025-10-21 16:35:52,2025-10-21 16:36:07,2025-10-21 17:04:52,2820,5218.0,1228.0,finished,,448.0,11,,
2025-10-23 06:48:31,2025-10-23 06:48:36,2025-10-23 07:05:55,745,5197.0,749.0,finished,,154.0,4,,
2025-10-24 06:35:51,2025-10-24 06:36:00,2025-10-24 06:59:39,1403,3540.0,902.0,finished,,512.0,5,,
2025-10-24 06:59:45,2025-10-24 06:59:51,2025-10-24 07:40:54,1984,8056.0,1740.0,finished,,718.0,9,,
2025-10-24 07:43:10,2025-10-24 07:43:20,,1251,,,client_cancelled,,,9,,
2025-10-24 07:47:39,2025-10-24 07:47:47,2025-10-24 08:00:20,983,1529.0,351.0,finished,,337.0,4,,
2025-10-24 14:41:29,,,4226,,,client_cancelled,,,22,,
2025-10-24 14:51:59,,,1450,,,client_cancelled,,,8,,
2025-10-25 03:59:45,,,2226,,,client_cancelled,,,9,,
2025-10-25 04:00:18,2025-10-25 04:00:29,,799,,,client_cancelled,,,4,,
2025-10-25 04:13:59,2025-10-25 04:14:03,2025-10-25 04:35:02,2110,6060.0,542.0,finished,,404.0,8,,
2025-10-25 05:11:28,2025-10-25 05:11:40,2025-10-25 05:49:12,4865,13506.0,1338.0,finished,,808.0,14,,
2025-10-25 05:56:58,2025-10-25 05:57:03,2025-10-25 06:19:35,3899,10249.0,769.0,finished,,547.0,10,,
2025-10-25 06:13:53,2025-10-25 06:13:58,2025-10-25 06:48:12,4476,10497.0,1089.0,finished,,960.0,18,,
2025-10-25 06:40:43,2025-10-25 06:40:52,,602,,,client_cancelled,,,15,,
2025-10-25 06:41:17,2025-10-25 06:41:24,,3149,,,client_cancelled,,,20,,
2025-10-25 06:42:37,,,3830,,,driver_did_not_respond,,,18,,
2025-10-25 06:43:27,2025-10-25 06:43:36,,1884,,,client_cancelled,,,14,,
2025-10-25 06:46:03,2025-10-25 06:46:09,2025-10-25 07:07:30,616,4680.0,933.0,finished,,341.0,9,,
2025-10-25 07:00:56,2025-10-25 07:01:01,2025-10-25 07:23:38,431,4053.0,636.0,finished,,617.0,8,,
2025-10-25 07:19:19,2025-10-25 07:19:29,2025-10-25 07:48:40,650,6080.0,1207.0,finished,,539.0,8,,
2025-10-25 07:45:25,2025-10-25 07:45:38,2025-10-25 08:06:56,1732,3177.0,563.0,finished,,675.0,12,,
2025-10-25 12:43:43,2025-10-25 12:43:47,2025-10-25 13:12:21,1835,4360.0,1092.0,finished,,610.0,5,,
2025-10-27 16:59:45,2025-10-27 16:59:50,2025-10-27 17:28:16,1494,6996.0,1409.0,finished,,286.0,6,,
2025-10-27 17:59:08,2025-10-27 17:59:13,2025-10-27 18:18:50,322,7335.0,1083.0,finished,,58.0,2,,
2025-10-27 18:46:59,,,4982,,,driver_did_not_respond,,,13,,
2025-10-28 07:19:47,2025-10-28 07:19:51,2025-10-28 07:53:27,1081,12063.0,1427.0,finished,,526.0,5,,
2025-10-28 07:43:59,2025-10-28 07:44:04,2025-10-28 08:14:59,375,11473.0,1080.0,finished,,689.0,12,,
2025-10-28 14:41:03,2025-10-28 14:41:09,2025-10-28 15:05:27,1863,1972.0,848.0,finished,,561.0,6,,
2025-10-28 14:55:12,2025-10-28 14:55:27,,2600,,,client_cancelled,,,21,,
2025-10-28 14:56:36,2025-10-28 14:56:42,2025-10-28 15:30:19,1587,2062.0,645.0,finished,,1346.0,17,,
2025-10-28 15:28:40,2025-10-28 15:28:54,2025-10-28 15:58:28,1085,1994.0,1081.0,finished,,686.0,10,,
2025-10-28 15:55:14,2025-10-28 15:55:19,,1875,,,client_cancelled,,,14,,
2025-10-28 15:58:45,2025-10-28 15:58:49,2025-10-28 16:39:37,1161,8540.0,2007.0,finished,,419.0,6,,
2025-10-28 16:28:22,2025-10-28 16:28:28,2025-10-28 16:53:32,1154,3858.0,475.0,finished,,1022.0,15,,
2025-10-28 16:49:50,2025-10-28 16:49:57,2025-10-28 17:23:47,3187,8333.0,1433.0,finished,,532.0,10,,
2025-10-28 17:39:13,2025-10-28 17:39:19,2025-10-28 18:12:32,2594,8392.0,1408.0,finished,,572.0,9,,
2025-10-28 18:09:14,2025-10-28 18:09:25,2025-10-28 18:40:57,2223,8040.0,1186.0,finished,,652.0,10,,
2025-10-30 06:36:25,2025-10-30 06:36:29,2025-10-30 06:56:08,910,3088.0,589.0,finished,,579.0,4,,
2025-10-30 06:54:12,2025-10-30 06:54:19,2025-10-30 07:14:16,459,6031.0,868.0,finished,,210.0,4,,
2025-10-30 07:12:33,2025-10-30 07:12:39,2025-10-30 07:31:34,1472,4551.0,631.0,finished,,417.0,8,,
2025-10-30 07:33:49,2025-10-30 07:33:52,2025-10-30 07:56:18,2273,2334.0,668.0,finished,,476.0,6,,
2025-10-30 07:55:18,2025-10-30 07:55:25,2025-10-30 08:18:29,2669,4787.0,808.0,finished,,497.0,5,,
2025-10-31 06:28:31,2025-10-31 06:28:37,2025-10-31 06:55:30,1407,2699.0,787.0,finished,,815.0,8,,
2025-10-31 06:57:10,2025-10-31 06:57:13,2025-10-31 07:11:04,2,3884.0,781.0,finished,,43.0,1,,
2025-10-31 07:07:42,2025-10-31 07:07:47,2025-10-31 07:54:59,1635,22617.0,2445.0,finished,,349.0,7,,
2025-10-31 09:04:48,2025-10-31 09:04:53,2025-10-31 09:30:37,717,8396.0,1240.0,finished,,287.0,4,,
2025-10-31 09:24:25,2025-10-31 09:24:31,2025-10-31 10:07:36,517,12751.0,1726.0,finished,,828.0,9,,
2025-10-31 10:13:39,2025-10-31 10:13:53,2025-10-31 10:47:18,825,9434.0,1747.0,finished,,156.0,3,,
2025-10-31 10:43:44,2025-10-31 10:43:59,,1552,,,client_cancelled,,,14,,
2025-10-31 13:45:31,2025-10-31 13:45:37,2025-10-31 14:21:40,2068,2855.0,1056.0,finished,,1009.0,7,,
2025-10-31 14:08:59,,,4882,,,client_cancelled,,,32,,
2025-10-31 14:10:00,,,4882,,,driver_rejected,driver_rejected,,31,,
2025-10-31 14:10:40,,,4630,,,driver_rejected,driver_rejected,,26,,
2025-10-31 14:14:44,2025-10-31 14:14:50,2025-10-31 14:37:34,1188,4155.0,936.0,finished,,422.0,7,,
2025-10-31 14:29:22,,,3082,,,driver_did_not_respond,,,22,,
2025-10-31 14:30:35,2025-10-31 14:30:47,,1858,,,client_cancelled,,,17,,
2025-10-31 14:31:21,,,3423,,,driver_did_not_respond,,,21,,
2025-10-31 14:34:41,2025-10-31 14:34:55,2025-10-31 15:18:04,2974,3553.0,1814.0,finished,,701.0,11,,
2025-10-31 15:05:35,,,4647,,,driver_rejected,driver_rejected,,30,,
2025-10-31 15:23:19,2025-10-31 15:23:24,2025-10-31 15:40:23,656,2247.0,590.0,finished,,249.0,4,,
2025-10-31 15:32:33,,,3690,,,driver_rejected,driver_rejected,,20,,
2025-10-31 15:42:10,2025-10-31 15:42:25,2025-10-31 15:52:45,1443,540.0,142.0,finished,,296.0,6,,
2025-11-03 12:05:44,2025-11-03 12:05:49,2025-11-03 12:23:34,177,4216.0,884.0,finished,,156.0,3,,
2025-11-03 12:23:13,2025-11-03 12:23:20,2025-11-03 12:32:36,392,2087.0,357.0,finished,,124.0,3,,
2025-11-03 15:03:40,,,4283,,,driver_rejected,driver_rejected,,18,,
2025-11-03 15:03:51,,,4283,,,driver_rejected,driver_rejected,,18,,
2025-11-04 08:18:36,2025-11-04 08:18:48,2025-11-04 08:30:12,710,2772.0,465.0,finished,,14.0,1,,
2025-11-04 14:59:23,2025-11-04 14:59:28,2025-11-04 15:11:24,1125,2249.0,345.0,finished,,310.0,5,,
2025-11-04 15:15:02,2025-11-04 15:15:07,2025-11-04 15:43:05,1201,5193.0,959.0,finished,,682.0,9,,
2025-11-04 15:43:42,2025-11-04 15:43:47,2025-11-04 16:08:30,1050,4127.0,1263.0,finished,,169.0,4,,
2025-11-04 16:13:09,2025-11-04 16:13:17,2025-11-04 16:42:13,1330,2253.0,592.0,finished,,1129.0,9,,
2025-11-04 16:49:06,2025-11-04 16:49:11,2025-11-04 17:20:33,1251,6395.0,1483.0,finished,,255.0,3,,
2025-11-05 14:41:06,2025-11-05 14:41:15,2025-11-05 15:00:35,954,4085.0,907.0,finished,,233.0,5,,
2025-11-05 15:00:13,2025-11-05 15:00:20,2025-11-05 15:54:04,3688,12082.0,2374.0,finished,,837.0,14,,
2025-11-05 15:47:14,2025-11-05 15:47:19,2025-11-05 16:11:34,521,2907.0,671.0,finished,,581.0,11,,
2025-11-06 08:25:42,2025-11-06 08:25:49,2025-11-06 08:41:36,228,3508.0,739.0,finished,,110.0,2,,
2025-11-07 07:39:35,2025-11-07 07:39:42,2025-11-07 08:14:16,1667,10835.0,1674.0,finished,,373.0,1,,
2025-11-07 13:09:59,2025-11-07 13:10:06,2025-11-07 13:32:54,1757,5817.0,893.0,finished,,451.0,7,,
2025-11-07 13:30:03,2025-11-07 13:30:09,,3305,,,client_cancelled,,,15,,
2025-11-07 15:16:51,2025-11-07 15:16:55,2025-11-07 15:46:24,736,7760.0,1527.0,finished,,210.0,4,,
2025-11-07 15:49:27,2025-11-07 15:49:31,2025-11-07 16:34:43,3003,9891.0,1150.0,finished,,1554.0,13,,
2025-11-07 17:04:23,2025-11-07 17:04:29,2025-11-07 17:37:24,1285,9108.0,1421.0,finished,,505.0,6,,
2025-11-07 19:30:00,2025-11-07 19:30:04,2025-11-07 19:44:25,889,3330.0,509.0,finished,,161.0,2,,
2025-11-07 19:42:07,2025-11-07 19:42:12,2025-11-07 19:58:33,1269,3720.0,508.0,finished,,456.0,8,,
2025-11-07 19:58:11,2025-11-07 19:58:20,2025-11-07 20:17:53,1561,6087.0,728.0,finished,,436.0,8,,
2025-11-08 08:41:02,2025-11-08 08:41:08,2025-11-08 08:53:07,846,2574.0,369.0,finished,,329.0,3,,
2025-11-08 11:54:45,2025-11-08 11:54:51,2025-11-08 12:09:33,1160,3465.0,472.0,finished,,229.0,5,,
2025-11-08 12:15:41,2025-11-08 12:15:45,2025-11-08 12:45:17,92,8942.0,1120.0,finished,,645.0,2,,
2025-11-08 12:47:16,2025-11-08 12:47:21,2025-11-08 13:03:21,714,3249.0,743.0,finished,,207.0,3,,
2025-11-08 16:51:49,2025-11-08 16:51:55,,23,,,client_cancelled,,12.0,4,,
2025-11-08 16:55:57,2025-11-08 16:56:04,2025-11-08 17:17:49,749,6462.0,921.0,finished,,368.0,4,,
2025-11-08 18:06:14,2025-11-08 18:06:20,2025-11-08 18:23:06,1988,5278.0,573.0,finished,,406.0,7,,
2025-11-08 19:15:41,2025-11-08 19:15:45,2025-11-08 19:27:48,242,3496.0,453.0,finished,,188.0,2,,
2025-11-08 19:26:11,2025-11-08 19:26:17,2025-11-08 19:39:18,1726,1560.0,257.0,finished,,504.0,9,,
2025-11-08 19:43:19,2025-11-08 19:43:23,2025-11-08 20:09:21,185,4212.0,1234.0,finished,,52.0,1,,
2025-11-08 20:12:40,2025-11-08 20:12:47,2025-11-08 20:23:44,584,2390.0,450.0,finished,,115.0,3,,
2025-11-09 07:58:50,2025-11-09 07:58:55,2025-11-09 08:14:16,1223,5473.0,637.0,finished,,229.0,3,,
2025-11-09 08:13:23,2025-11-09 08:13:27,2025-11-09 08:37:53,1481,8634.0,1029.0,finished,,364.0,6,,
2025-11-09 08:34:00,2025-11-09 08:34:05,,1135,,,client_cancelled,,,10,,
2025-11-09 08:36:42,2025-11-09 08:36:48,2025-11-09 08:50:24,1294,3431.0,433.0,finished,,260.0,5,,
2025-11-09 08:50:29,2025-11-09 08:50:32,2025-11-09 09:13:09,1382,8783.0,1033.0,finished,,302.0,5,,
2025-11-09 10:54:38,2025-11-09 10:54:43,2025-11-09 11:06:58,1051,3165.0,401.0,finished,,184.0,4,,
2025-11-12 14:49:19,2025-11-12 14:49:28,2025-11-12 16:04:40,2050,3191.0,2715.0,finished,,1777.0,7,,
2025-11-13 08:59:56,2025-11-13 09:00:01,2025-11-13 09:27:52,1672,5337.0,785.0,finished,,441.0,6,,
2025-11-14 13:07:34,2025-11-14 13:07:41,2025-11-14 13:30:11,1088,4058.0,865.0,finished,,472.0,5,,
2025-11-14 13:31:42,2025-11-14 13:31:46,2025-11-14 13:54:29,1075,3818.0,1057.0,finished,,188.0,4,,
2025-11-14 13:59:37,2025-11-14 13:59:39,2025-11-14 14:48:13,1227,5239.0,2379.0,finished,,530.0,8,,
2025-11-14 14:46:33,2025-11-14 14:46:38,2025-11-14 15:16:15,1302,5723.0,1449.0,finished,,287.0,5,,
2025-11-14 15:08:55,2025-11-14 15:09:01,,554,,,client_cancelled,,,18,,
2025-11-14 15:10:36,2025-11-14 15:10:42,,560,,,client_cancelled,,,16,,
2025-11-14 16:31:52,2025-11-14 16:31:57,2025-11-14 17:02:52,3953,11234.0,1080.0,finished,,719.0,11,,
2025-11-14 16:56:26,,,2333,,,client_cancelled,,,16,,
2025-11-14 17:13:47,2025-11-14 17:13:52,2025-11-14 17:32:02,921,8460.0,914.0,finished,,169.0,4,,
2025-11-15 11:53:54,2025-11-15 11:53:58,2025-11-15 12:28:21,564,16596.0,1815.0,finished,,206.0,4,,
2025-11-15 17:56:52,2025-11-15 17:56:56,2025-11-15 18:26:21,1641,5670.0,1132.0,finished,,417.0,4,,
2025-11-15 18:17:20,2025-11-15 18:17:26,,812,,,client_cancelled,,,11,,
2025-11-15 18:28:36,2025-11-15 18:28:42,2025-11-15 18:47:58,625,5821.0,838.0,finished,,279.0,3,,
2025-11-15 18:50:27,2025-11-15 18:50:31,2025-11-15 19:10:55,3583,7261.0,690.0,finished,,507.0,9,,
2025-11-15 19:19:11,2025-11-15 19:19:15,,186,,,client_cancelled,,376.0,2,,
2025-11-17 07:34:24,2025-11-17 07:34:38,2025-11-17 07:46:35,527,1161.0,319.0,finished,,391.0,3,,
2025-11-17 07:49:56,2025-11-17 07:50:08,2025-11-17 08:11:27,1171,4948.0,937.0,finished,,200.0,4,,
2025-11-17 15:06:09,2025-11-17 15:06:16,2025-11-17 15:30:51,922,3014.0,763.0,finished,,588.0,6,,
2025-11-17 15:23:14,2025-11-17 15:23:20,2025-11-17 16:07:44,1126,5847.0,1693.0,finished,,870.0,13,,
2025-11-17 16:02:30,2025-11-17 16:02:36,2025-11-17 16:38:11,3947,6236.0,1324.0,finished,,782.0,11,,
2025-11-17 16:34:31,2025-11-17 16:34:36,2025-11-17 17:02:03,1189,3862.0,912.0,finished,,698.0,10,,
2025-11-17 17:01:45,2025-11-17 17:01:50,2025-11-17 17:30:10,1727,8096.0,1257.0,finished,,436.0,8,,
2025-11-17 17:33:38,2025-11-17 17:33:43,2025-11-17 18:00:11,2273,8369.0,1120.0,finished,,459.0,4,8437.0,833.0
2025-11-17 17:57:07,2025-11-17 17:57:13,2025-11-17 18:16:35,515,4549.0,826.0,finished,,236.0,2,4566.0,775.0
2025-11-17 18:14:28,2025-11-17 18:14:37,2025-11-17 18:35:07,822,3209.0,669.0,finished,,501.0,7,3108.0,625.0
2025-11-18 08:19:13,2025-11-18 08:19:19,2025-11-18 08:31:33,105,2572.0,501.0,finished,,69.0,1,2194.0,483.0
2025-11-18 15:17:54,2025-11-18 15:17:59,2025-11-18 15:34:03,2140,5557.0,680.0,finished,,271.0,8,6446.0,675.0
2025-11-18 15:27:50,2025-11-18 15:27:55,2025-11-18 15:43:35,1085,860.0,235.0,finished,,611.0,13,841.0,167.0
2025-11-18 15:48:45,2025-11-18 15:48:48,2025-11-18 16:16:14,2031,4489.0,1135.0,finished,,506.0,8,4499.0,899.0
2025-11-18 16:05:34,,,4982,,,driver_did_not_respond,,,25,4815.0,804.0
2025-11-18 16:07:02,2025-11-18 16:07:11,,1644,,,client_cancelled,,,15,1125.0,200.0
2025-11-18 16:08:03,2025-11-18 16:08:08,,1607,,,client_cancelled,,,13,4050.0,773.0
2025-11-18 16:10:20,2025-11-18 16:10:25,2025-11-18 16:41:48,965,3251.0,972.0,finished,,837.0,11,3352.0,890.0
2025-11-18 16:38:44,2025-11-18 16:38:50,2025-11-18 17:14:03,904,5569.0,1637.0,finished,,454.0,7,4790.0,1205.0
2025-11-18 17:07:09,2025-11-18 17:07:13,2025-11-18 17:41:27,1485,9509.0,1086.0,finished,,765.0,14,9481.0,1028.0
2025-11-18 17:59:23,2025-11-18 17:59:28,2025-11-18 18:23:22,1268,9776.0,1212.0,finished,,207.0,5,9799.0,1316.0
2025-11-18 18:22:41,2025-11-18 18:22:50,2025-11-18 18:42:04,1647,4774.0,625.0,finished,,492.0,8,4688.0,587.0
2025-11-20 06:38:12,2025-11-20 06:38:16,2025-11-20 07:02:06,1367,5858.0,903.0,finished,,434.0,6,5204.0,835.0
2025-11-20 07:00:55,,,4477,,,driver_did_not_respond,,,16,9306.0,1690.0
2025-11-20 07:02:10,2025-11-20 07:02:15,2025-11-20 07:26:17,1386,7694.0,913.0,finished,,505.0,4,7689.0,784.0
2025-11-20 07:24:10,2025-11-20 07:24:14,2025-11-20 07:49:59,3128,9877.0,1063.0,finished,,437.0,7,9732.0,1482.0
2025-11-20 07:45:09,2025-11-20 07:45:13,2025-11-20 08:00:14,271,4521.0,386.0,finished,,489.0,9,4462.0,618.0
2025-11-20 07:57:21,2025-11-20 07:57:26,2025-11-20 08:21:06,426,4361.0,962.0,finished,,436.0,9,3743.0,545.0
2025-11-20 08:56:19,2025-11-20 08:56:24,2025-11-20 09:25:11,1656,5032.0,1044.0,finished,,666.0,6,5636.0,987.0
2025-11-21 07:41:55,2025-11-21 07:42:01,,1529,,,client_cancelled,,,9,2583.0,498.0
2025-11-21 07:43:56,2025-11-21 07:44:05,2025-11-21 08:09:03,1371,4276.0,801.0,finished,,606.0,6,4182.0,759.0
2025-11-21 08:09:55,2025-11-21 08:10:00,2025-11-21 08:29:58,1372,5199.0,765.0,finished,,394.0,7,5177.0,633.0
2025-11-21 08:21:29,,,3790,,,driver_did_not_respond,,,20,9622.0,1192.0
2025-11-21 08:22:48,2025-11-21 08:22:57,2025-11-21 08:54:50,710,6032.0,1323.0,finished,,563.0,10,6104.0,976.0
2025-11-21 13:03:14,2025-11-21 13:03:18,2025-11-21 13:27:45,1480,2659.0,989.0,finished,,465.0,5,3067.0,609.0
2025-11-21 13:13:23,2025-11-21 13:13:28,2025-11-21 13:55:49,1716,8161.0,1207.0,finished,,1324.0,13,7983.0,1241.0
2025-11-21 18:58:09,2025-11-21 18:58:14,2025-11-21 19:29:56,120,9801.0,1770.0,finished,,70.0,1,10019.0,1451.0
2025-11-22 09:13:55,2025-11-22 09:14:00,2025-11-22 09:34:39,924,4655.0,879.0,finished,,301.0,3,4874.0,706.0
2025-11-22 10:45:59,2025-11-22 10:46:04,2025-11-22 11:16:20,1975,7737.0,1106.0,finished,,689.0,8,7887.0,909.0
2025-11-22 14:24:23,2025-11-22 14:24:28,2025-11-22 14:40:02,1037,2666.0,573.0,finished,,283.0,3,2675.0,494.0
2025-11-22 16:40:59,2025-11-22 16:41:06,2025-11-22 17:11:05,4132,8619.0,1105.0,finished,,664.0,10,9174.0,1207.0
2025-11-22 17:11:38,2025-11-22 17:11:41,2025-11-22 17:31:33,1887,3701.0,715.0,finished,,404.0,5,3914.0,643.0
2025-11-22 17:39:37,2025-11-22 17:39:49,2025-11-22 17:55:26,463,5770.0,664.0,finished,,107.0,2,5112.0,639.0
2025-11-22 17:48:39,2025-11-22 17:48:44,2025-11-22 18:22:02,451,6590.0,1033.0,finished,,951.0,11,6672.0,799.0
2025-11-22 19:10:53,2025-11-22 19:11:01,2025-11-22 19:31:28,354,7602.0,826.0,finished,,70.0,2,6601.0,675.0
2025-11-22 19:26:00,2025-11-22 19:26:06,2025-11-22 20:12:00,1883,17747.0,1988.0,finished,,679.0,11,16302.0,1775.0
2025-11-22 20:09:33,2025-11-22 20:09:38,2025-11-22 20:23:07,3230,2929.0,295.0,finished,,507.0,7,2720.0,379.0
2025-11-23 09:46:17,2025-11-23 09:46:20,2025-11-23 10:17:47,2401,12015.0,1241.0,finished,,471.0,8,12583.0,1073.0
2025-11-27 06:32:32,2025-11-27 06:32:45,,2549,,,client_cancelled,,,14,8665.0,1841.0
2025-11-27 06:34:41,2025-11-27 06:34:46,2025-11-27 06:57:52,1048,2250.0,698.0,finished,,647.0,6,2048.0,437.0
2025-11-27 06:56:23,2025-11-27 06:56:32,2025-11-27 07:59:47,3937,18070.0,2708.0,finished,,1006.0,19,16986.0,1877.0
2025-11-27 09:16:58,2025-11-27 09:17:09,2025-11-27 09:49:47,1619,9655.0,1361.0,finished,,542.0,7,9468.0,1407.0
2025-11-27 09:48:13,2025-11-27 09:48:19,2025-11-27 10:22:07,2279,8711.0,1399.0,finished,,617.0,9,9092.0,1239.0
2025-11-28 07:39:12,2025-11-28 07:39:17,2025-11-28 08:10:11,901,5032.0,1350.0,finished,,362.0,4,4404.0,1014.0
2025-11-28 14:27:27,2025-11-28 14:27:30,,298,,,client_cancelled,,,4,1889.0,501.0
2025-11-28 14:33:36,,,4211,,,client_cancelled,,,16,12539.0,1668.0
2025-11-28 14:34:42,2025-11-28 14:34:46,2025-11-28 14:59:59,1390,4219.0,840.0,finished,,668.0,7,3370.0,524.0
2025-11-28 14:49:28,2025-11-28 14:49:39,,1109,,,client_cancelled,,,14,5873.0,1127.0
2025-11-28 14:50:05,2025-11-28 14:50:14,2025-11-28 15:26:14,770,8547.0,1337.0,finished,,764.0,12,7353.0,1390.0
2025-11-28 15:27:24,2025-11-28 15:27:34,2025-11-28 15:51:23,1646,2226.0,662.0,finished,,759.0,9,2382.0,660.0
2025-11-28 15:52:43,,,4324,,,client_cancelled,,,18,7775.0,1528.0
2025-11-28 16:03:15,2025-11-28 16:03:25,2025-11-28 16:38:00,1867,7459.0,983.0,finished,,1053.0,11,7645.0,1034.0
2025-11-28 16:33:28,,,2549,,,driver_did_not_respond,,,13,11462.0,1260.0
2025-11-28 16:36:01,2025-11-28 16:36:10,2025-11-28 17:09:38,1081,10264.0,1425.0,finished,,538.0,8,10160.0,1308.0
2025-11-28 17:17:59,2025-11-28 17:18:04,2025-11-28 17:46:00,1662,9896.0,1257.0,finished,,389.0,5,9613.0,1183.0
2025-11-28 17:38:25,2025-11-28 17:38:33,,1907,,,client_cancelled,,,16,7147.0,927.0
2025-11-28 17:39:09,,,1539,,,client_cancelled,,,15,2687.0,454.0
2025-11-28 17:43:14,2025-11-28 17:43:27,2025-11-28 18:04:19,1218,4270.0,751.0,finished,,478.0,11,4431.0,638.0
2025-11-28 17:58:43,2025-11-28 17:58:50,2025-11-28 18:24:03,1838,3747.0,527.0,finished,,870.0,14,3745.0,566.0
2025-11-28 18:15:44,2025-11-28 18:15:50,2025-11-28 18:53:47,1796,8021.0,1337.0,finished,,928.0,13,7936.0,1198.0
2025-11-28 18:47:08,2025-11-28 18:47:13,,2141,,,client_cancelled,,,14,3720.0,595.0
2025-11-28 18:49:13,2025-11-28 18:49:19,,1625,,,client_cancelled,,,12,8502.0,1034.0
2025-11-28 18:54:04,2025-11-28 18:54:11,2025-11-28 19:13:26,1163,4299.0,813.0,finished,,336.0,4,3771.0,678.0
2025-11-28 19:13:03,2025-11-28 19:13:18,,4372,,,client_cancelled,,,13,9433.0,1085.0
2025-11-28 19:26:06,,,3824,,,driver_rejected,driver_rejected,,8,8047.0,874.0
2025-11-28 19:26:22,,,1329,,,client_cancelled,,,6,5688.0,619.0
2025-11-28 19:26:34,2025-11-28 19:26:42,2025-11-28 19:56:59,1401,8102.0,1132.0,finished,,558.0,5,7029.0,890.0
2025-11-28 19:49:41,,,4449,,,client_cancelled,,,22,4315.0,512.0
2025-11-28 19:52:23,2025-11-28 19:52:32,2025-11-28 20:13:35,1203,3001.0,741.0,finished,,502.0,8,3491.0,685.0
2025-11-28 20:18:20,2025-11-28 20:18:27,2025-11-28 20:35:19,42,5227.0,931.0,finished,,22.0,1,5162.0,841.0
2025-11-29 10:37:58,2025-11-29 10:38:05,2025-11-29 10:54:14,5248,4376.0,354.0,finished,,554.0,3,4362.0,393.0
2025-11-29 12:21:42,2025-11-29 12:21:53,2025-11-29 12:48:37,1477,5713.0,1054.0,finished,,472.0,6,4910.0,626.0
2025-11-29 15:28:32,2025-11-29 15:28:40,2025-11-29 15:45:42,486,4019.0,804.0,finished,,182.0,3,4058.0,689.0
2025-11-29 15:42:49,2025-11-29 15:42:58,2025-11-29 16:33:50,4427,9213.0,1519.0,finished,,1526.0,20,8700.0,1128.0
2025-11-29 16:32:33,2025-11-29 16:32:38,2025-11-29 16:51:15,860,3758.0,559.0,finished,,553.0,10,3952.0,637.0
2025-11-29 16:48:05,2025-11-29 16:48:10,2025-11-29 17:09:41,1520,4768.0,795.0,finished,,476.0,11,4986.0,735.0
2025-11-29 17:52:12,2025-11-29 17:52:20,2025-11-29 18:32:57,10807,4105.0,540.0,finished,,1846.0,8,4246.0,498.0
2025-11-29 18:30:23,2025-11-29 18:30:28,2025-11-29 18:49:37,763,3123.0,600.0,finished,,501.0,8,2893.0,685.0
2025-11-29 18:51:38,2025-11-29 18:51:53,2025-11-29 19:21:21,3063,6871.0,1000.0,finished,,738.0,11,6706.0,888.0
2025-11-29 19:14:43,2025-11-29 19:14:50,2025-11-29 19:37:20,1753,4486.0,476.0,finished,,869.0,11,4775.0,566.0
2025-11-29 19:37:26,2025-11-29 19:37:42,2025-11-29 20:04:06,3195,6010.0,1011.0,finished,,536.0,9,5596.0,642.0
2025-11-29 19:51:03,2025-11-29 19:51:09,2025-11-29 20:25:45,1052,5222.0,786.0,finished,,1247.0,14,5197.0,721.0
2025-11-29 20:27:53,2025-11-29 20:28:02,2025-11-29 20:50:20,1686,7067.0,844.0,finished,,376.0,5,7129.0,873.0
2025-11-29 20:48:13,2025-11-29 20:48:17,2025-11-29 21:15:55,2645,9129.0,1181.0,finished,,459.0,6,8394.0,1006.0
2025-11-29 21:05:30,2025-11-29 21:05:40,2025-11-29 21:36:11,2362,7097.0,650.0,finished,,1116.0,16,6849.0,637.0
2025-11-29 21:32:46,2025-11-29 21:32:52,2025-11-29 22:02:50,2615,6271.0,860.0,finished,,548.0,10,7676.0,821.0
2025-11-29 22:02:56,2025-11-29 22:03:02,,1743,,,client_did_not_show,client_did_not_show,298.0,5,4126.0,505.0
2025-11-29 22:15:15,,,3477,,,driver_rejected,driver_rejected,,9,6113.0,566.0
2025-11-29 22:20:18,2025-11-29 22:20:24,2025-11-29 22:33:16,1185,4596.0,573.0,finished,,120.0,3,5032.0,468.0
2025-11-29 22:25:41,,,1781,,,client_cancelled,,,13,3344.0,326.0
2025-11-29 22:34:08,2025-11-29 22:34:14,2025-11-29 23:02:01,3366,9866.0,1090.0,finished,,567.0,8,9706.0,946.0
2025-11-30 00:57:42,,,4939,,,client_cancelled,,,11,8603.0,800.0
2025-12-01 06:50:58,2025-12-01 06:51:02,2025-12-01 07:16:37,1047,4428.0,965.0,finished,,523.0,7,4600.0,1000.0
2025-12-01 08:03:19,2025-12-01 08:03:22,2025-12-01 08:24:00,340,9127.0,1081.0,finished,,152.0,3,8554.0,978.0
2025-12-01 08:28:00,2025-12-01 08:28:08,2025-12-01 09:02:05,2353,11055.0,1393.0,finished,,602.0,11,11327.0,1259.0
2025-12-01 09:00:40,2025-12-01 09:00:46,2025-12-01 09:42:36,1730,8663.0,1577.0,finished,,653.0,8,8948.0,1492.0
2025-12-01 15:28:44,,,3728,,,client_cancelled,,,20,5818.0,1466.0
2025-12-05 13:28:06,2025-12-05 13:28:10,2025-12-05 13:54:04,1026,4482.0,1258.0,finished,,220.0,4,4282.0,932.0
2025-12-05 13:49:10,2025-12-05 13:49:16,,459,,,client_cancelled,,,11,7342.0,1490.0
2025-12-05 14:30:59,2025-12-05 14:31:02,2025-12-05 14:50:20,698,4907.0,929.0,finished,,202.0,5,4929.0,1365.0
2025-12-05 14:45:26,2025-12-05 14:45:32,2025-12-05 15:31:23,2963,4163.0,1385.0,finished,,1360.0,21,4157.0,883.0
2025-12-05 15:32:36,2025-12-05 15:32:41,2025-12-05 16:15:10,2962,8736.0,1371.0,finished,,1033.0,14,9388.0,1666.0
2025-12-05 16:09:36,2025-12-05 16:09:42,2025-12-05 16:47:40,683,9213.0,1506.0,finished,,766.0,9,9702.0,1522.0
2025-12-05 16:48:11,2025-12-05 16:48:15,2025-12-05 16:59:07,197,5091.0,566.0,finished,,80.0,2,5387.0,716.0
2025-12-05 16:59:35,2025-12-05 16:59:41,2025-12-05 17:14:04,1256,4230.0,523.0,finished,,318.0,4,4320.0,563.0
2025-12-05 17:15:14,2025-12-05 17:15:18,2025-12-05 17:36:18,968,3794.0,1071.0,finished,,185.0,4,4343.0,775.0
2025-12-05 17:31:58,2025-12-05 17:32:03,2025-12-05 17:52:48,1041,3923.0,751.0,finished,,479.0,6,3079.0,524.0
2025-12-05 18:00:55,2025-12-05 18:00:59,2025-12-05 18:29:22,701,4589.0,1217.0,finished,,479.0,5,3130.0,796.0
2025-12-05 18:28:38,2025-12-05 18:28:44,2025-12-05 18:50:51,1163,2531.0,336.0,finished,,835.0,9,2529.0,458.0
2025-12-05 19:40:34,2025-12-05 19:40:43,,552,,,client_cancelled,,,4,3055.0,313.0
2025-12-05 19:51:33,2025-12-05 19:51:45,,11,,,client_cancelled,,27.0,1,3055.0,337.0
2025-12-06 10:24:15,2025-12-06 10:24:28,2025-12-06 10:41:51,263,4578.0,942.0,finished,,91.0,3,4260.0,689.0
2025-12-06 10:42:22,2025-12-06 10:42:27,2025-12-06 10:56:24,421,4506.0,713.0,finished,,119.0,3,3993.0,594.0
2025-12-06 13:38:45,2025-12-06 13:38:49,2025-12-06 13:55:57,785,5184.0,723.0,finished,,225.0,3,5313.0,739.0
2025-12-06 14:44:07,2025-12-06 14:44:11,2025-12-06 15:21:25,1823,12413.0,1753.0,finished,,474.0,6,11811.0,1459.0
2025-12-06 15:12:27,2025-12-06 15:12:33,2025-12-06 15:43:25,744,4154.0,754.0,finished,,1090.0,15,3697.0,738.0
2025-12-06 15:45:43,2025-12-06 15:45:47,2025-12-06 15:54:49,9,2321.0,473.0,finished,,12.0,1,2359.0,484.0
2025-12-06 17:31:52,2025-12-06 17:31:59,2025-12-06 17:45:29,905,3449.0,600.0,finished,,203.0,5,3168.0,528.0
2025-12-06 17:41:11,2025-12-06 17:41:18,2025-12-06 18:17:25,1662,11254.0,1210.0,finished,,901.0,11,9767.0,1222.0
2025-12-06 18:10:48,2025-12-06 18:10:54,2025-12-06 18:39:44,1680,5769.0,831.0,finished,,876.0,13,5622.0,787.0
2025-12-06 19:10:42,2025-12-06 19:10:46,2025-12-06 19:26:53,465,5836.0,764.0,finished,,194.0,2,5983.0,784.0
2025-12-06 19:25:57,2025-12-06 19:26:04,2025-12-06 19:55:34,2592,5085.0,801.0,finished,,964.0,12,5685.0,670.0
2025-12-06 19:57:11,2025-12-06 19:57:14,2025-12-06 20:15:38,505,6897.0,943.0,finished,,144.0,2,5955.0,772.0
2025-12-06 20:04:52,2025-12-06 20:04:58,2025-12-06 20:40:20,1652,8560.0,1061.0,finished,,1046.0,19,8018.0,878.0
2025-12-06 20:36:03,2025-12-06 20:36:09,,2101,,,client_cancelled,,,13,6050.0,775.0
2025-12-06 20:42:25,2025-12-06 20:42:29,2025-12-06 21:18:54,2567,15916.0,1421.0,finished,,596.0,9,15901.0,1003.0
2025-12-06 22:09:06,2025-12-06 22:09:16,2025-12-06 22:29:34,4447,5574.0,680.0,finished,,491.0,7,5759.0,592.0
2025-12-06 22:31:35,2025-12-06 22:31:39,2025-12-06 22:44:12,2928,1715.0,323.0,finished,,307.0,7,1769.0,263.0
2025-12-06 22:53:13,2025-12-06 22:53:18,2025-12-06 23:09:51,624,5005.0,583.0,finished,,389.0,7,5098.0,489.0
2025-12-06 23:10:05,2025-12-06 23:10:10,2025-12-06 23:31:03,22,10604.0,1176.0,finished,,34.0,1,10886.0,948.0
2025-12-09 14:36:51,2025-12-09 14:37:01,,3376,,,client_cancelled,,,16,7194.0,1375.0
2025-12-09 14:39:44,2025-12-09 14:39:47,2025-12-09 15:08:13,1670,3697.0,1007.0,finished,,562.0,7,3378.0,917.0
2025-12-09 14:55:55,2025-12-09 14:56:01,2025-12-09 15:34:44,158,4091.0,1310.0,finished,,1008.0,15,4079.0,1061.0
2025-12-09 15:25:39,2025-12-09 15:25:46,2025-12-09 16:23:21,2307,10097.0,2326.0,finished,,1067.0,16,8483.0,1803.0
2025-12-09 16:12:51,2025-12-09 16:12:56,2025-12-09 16:42:56,951,3158.0,699.0,finished,,1054.0,10,3489.0,680.0
2025-12-09 16:47:17,2025-12-09 16:47:32,2025-12-09 17:30:25,1732,7213.0,1796.0,finished,,771.0,10,6476.0,1255.0
2025-12-11 08:26:56,2025-12-11 08:27:05,2025-12-11 09:00:06,192,5671.0,1232.0,finished,,743.0,2,5372.0,1079.0
2025-12-12 13:07:48,2025-12-12 13:07:54,2025-12-12 13:35:48,1220,4669.0,1268.0,finished,,400.0,5,4725.0,968.0
2025-12-12 13:35:33,2025-12-12 13:35:39,2025-12-12 13:55:39,505,2827.0,1012.0,finished,,183.0,4,3030.0,676.0
2025-12-12 13:40:55,2025-12-12 13:40:59,2025-12-12 14:04:58,583,1626.0,276.0,finished,,1158.0,11,1668.0,298.0
2025-12-12 14:02:53,2025-12-12 14:02:58,2025-12-12 14:36:57,1786,6539.0,1582.0,finished,,449.0,7,6478.0,1387.0
2025-12-12 16:16:45,2025-12-12 16:16:48,2025-12-12 16:47:37,2804,5529.0,767.0,finished,,1067.0,16,5502.0,862.0
2025-12-12 16:43:49,2025-12-12 16:43:56,,1118,,,client_cancelled,,,8,724.0,193.0
2025-12-12 16:44:14,2025-12-12 16:44:21,2025-12-12 17:10:25,2743,4030.0,634.0,finished,,775.0,9,3953.0,643.0
2025-12-12 17:02:33,2025-12-12 17:02:43,,2391,,,client_cancelled,,,19,5657.0,618.0
2025-12-12 17:07:55,2025-12-12 17:08:01,2025-12-12 17:32:17,2583,3954.0,579.0,finished,,848.0,13,4317.0,666.0
2025-12-12 17:28:51,2025-12-12 17:28:59,2025-12-12 17:59:14,960,4793.0,915.0,finished,,771.0,19,4932.0,851.0
2025-12-12 17:59:54,2025-12-12 17:59:59,2025-12-12 18:29:46,2895,6499.0,814.0,finished,,968.0,14,5716.0,815.0
2025-12-12 18:57:22,2025-12-12 18:57:26,2025-12-12 19:18:50,1013,6723.0,803.0,finished,,398.0,5,4860.0,898.0
2025-12-13 09:19:53,2025-12-13 09:19:56,2025-12-13 09:36:49,664,3544.0,708.0,finished,,210.0,3,3733.0,704.0
2025-12-13 12:30:35,2025-12-13 12:30:39,2025-12-13 12:52:11,514,6295.0,1012.0,finished,,267.0,3,6611.0,795.0
2025-12-13 12:54:47,,,1519,,,client_cancelled,,,5,4422.0,626.0
2025-12-13 12:55:32,2025-12-13 12:55:38,2025-12-13 13:08:42,1537,4045.0,496.0,finished,,283.0,5,4422.0,626.0
2025-12-13 13:56:09,2025-12-13 13:56:19,2025-12-13 14:31:14,2856,8472.0,1276.0,finished,,745.0,12,7263.0,1103.0
2025-12-13 15:35:07,,,2368,,,driver_rejected,driver_rejected,,8,1698.0,297.0
2025-12-13 17:08:14,2025-12-13 17:08:20,,2950,,,client_cancelled,,,13,3531.0,615.0
2025-12-13 17:09:56,2025-12-13 17:09:59,2025-12-13 17:22:12,164,3268.0,678.0,finished,,9.0,1,3085.0,583.0
2025-12-13 17:21:39,2025-12-13 17:21:45,2025-12-13 17:34:47,807,5439.0,621.0,finished,,155.0,4,5285.0,698.0
2025-12-13 17:31:24,2025-12-13 17:31:29,,2023,,,client_did_not_show,client_did_not_show,590.0,14,5454.0,730.0
2025-12-13 17:48:45,2025-12-13 17:48:51,2025-12-13 18:14:50,2948,8019.0,934.0,finished,,617.0,10,8061.0,1013.0
2025-12-14 08:42:32,2025-12-14 08:42:38,2025-12-14 09:16:34,4496,14409.0,1470.0,finished,,558.0,8,14302.0,1275.0
2025-12-15 08:24:01,2025-12-15 08:24:13,2025-12-15 08:46:25,2794,5556.0,639.0,finished,,686.0,10,5549.0,653.0
2025-12-15 08:38:51,2025-12-15 08:38:57,2025-12-15 09:00:20,1199,4281.0,565.0,finished,,668.0,12,4544.0,560.0
2025-12-15 15:07:01,2025-12-15 15:07:11,2025-12-15 15:55:15,499,9104.0,2449.0,finished,,429.0,6,9674.0,1692.0
2025-12-15 15:53:17,2025-12-15 15:53:23,2025-12-15 16:33:34,3815,13344.0,1687.0,finished,,702.0,14,12598.0,1570.0
2025-12-15 16:28:55,2025-12-15 16:29:00,,3694,,,client_cancelled,,,18,7611.0,1191.0
2025-12-15 17:18:58,2025-12-15 17:19:00,2025-12-15 17:48:39,1728,8699.0,1231.0,finished,,530.0,8,10562.0,1289.0
2025-12-15 17:41:55,2025-12-15 17:42:01,2025-12-15 18:16:25,2442,11795.0,1124.0,finished,,934.0,18,11386.0,1192.0
2025-12-15 18:27:53,2025-12-15 18:27:58,2025-12-15 18:51:53,1481,6000.0,769.0,finished,,661.0,8,6286.0,778.0
2025-12-16 08:29:57,,,951,,,client_cancelled,,,5,7016.0,1030.0
2025-12-16 14:09:52,2025-12-16 14:09:59,2025-12-16 14:41:27,1662,5433.0,1183.0,finished,,637.0,10,5472.0,1225.0
2025-12-16 14:41:08,2025-12-16 14:41:12,2025-12-16 15:11:42,2408,5643.0,1092.0,finished,,733.0,16,5734.0,1326.0
2025-12-16 15:25:45,2025-12-16 15:25:58,2025-12-16 16:04:23,1010,4674.0,912.0,finished,,817.0,9,3733.0,770.0
2025-12-16 16:03:30,2025-12-16 16:03:35,2025-12-16 16:17:51,842,2594.0,533.0,finished,,317.0,6,2198.0,429.0
2025-12-16 16:19:06,2025-12-16 16:19:11,2025-12-16 16:51:37,1530,6243.0,1530.0,finished,,402.0,7,7531.0,1544.0
2025-12-18 08:14:21,2025-12-18 08:14:27,2025-12-18 08:55:07,1727,14522.0,1789.0,finished,,615.0,7,13365.0,1698.0
2025-12-18 08:51:21,2025-12-18 08:51:26,2025-12-18 09:12:30,1032,5493.0,574.0,finished,,685.0,9,5388.0,579.0
2025-12-19 08:06:46,2025-12-19 08:06:52,2025-12-19 08:34:36,1032,5841.0,956.0,finished,,702.0,5,5733.0,746.0
2025-12-19 08:27:32,2025-12-19 08:27:41,2025-12-19 08:59:17,1063,14636.0,1119.0,finished,,728.0,13,11066.0,1219.0
2025-12-19 16:44:42,,,1876,,,driver_did_not_respond,,,7,11159.0,1303.0
2025-12-20 09:43:28,2025-12-20 09:43:33,2025-12-20 10:04:08,1383,3885.0,678.0,finished,,506.0,6,4385.0,776.0
2025-12-20 10:24:06,2025-12-20 10:24:14,2025-12-20 10:52:23,2481,7054.0,1053.0,finished,,562.0,7,7141.0,1048.0
2025-12-20 13:56:16,2025-12-20 13:56:22,2025-12-20 14:09:23,1315,1874.0,406.0,finished,,292.0,8,1990.0,412.0
2025-12-20 14:06:29,2025-12-20 14:06:38,2025-12-20 14:28:07,2241,3261.0,463.0,finished,,818.0,14,3655.0,718.0
2025-12-20 18:37:05,2025-12-20 18:37:19,2025-12-20 19:03:43,2453,5960.0,833.0,finished,,635.0,10,6018.0,756.0
2025-12-20 19:00:27,2025-12-20 19:00:32,2025-12-20 19:33:58,2899,9773.0,1158.0,finished,,842.0,11,9355.0,1065.0
2025-12-20 19:38:37,2025-12-20 19:38:42,2025-12-20 19:55:48,387,3572.0,740.0,finished,,246.0,2,3326.0,637.0
2025-12-20 19:49:27,2025-12-20 19:49:33,2025-12-20 20:16:43,2347,3991.0,744.0,finished,,865.0,14,3935.0,645.0
2025-12-20 20:39:21,2025-12-20 20:39:27,2025-12-20 20:48:24,138,1842.0,439.0,finished,,80.0,1,1885.0,377.0
2025-12-20 22:05:21,2025-12-20 22:05:26,,2331,,,client_cancelled,,,8,5091.0,541.0
2025-12-20 22:05:55,2025-12-20 22:06:00,2025-12-20 22:24:51,173,7526.0,858.0,finished,,80.0,2,7612.0,740.0
2025-12-20 23:01:39,2025-12-20 23:01:49,2025-12-20 23:12:33,1537,3919.0,398.0,finished,,228.0,6,2942.0,329.0
2025-12-20 23:07:40,2025-12-20 23:07:46,2025-12-20 23:38:38,6578,5423.0,949.0,finished,,709.0,11,3754.0,458.0
2025-12-20 23:25:44,2025-12-20 23:25:53,2025-12-21 00:02:21,2290,4524.0,453.0,finished,,1497.0,15,4414.0,477.0
2025-12-30 14:01:14,2025-12-30 14:01:29,2025-12-30 14:19:33,1747,4367.0,624.0,finished,,451.0,6,4610.0,702.0
2025-12-30 14:22:59,2025-12-30 14:23:11,2025-12-30 14:46:03,1391,3630.0,888.0,finished,,469.0,9,4028.0,838.0
2025-12-30 14:41:54,2025-12-30 14:42:00,2025-12-30 15:04:13,2018,3268.0,761.0,finished,,560.0,7,2900.0,612.0
2025-12-30 15:06:58,2025-12-30 15:07:02,2025-12-30 15:55:23,1734,11600.0,2198.0,finished,,674.0,11,12109.0,1813.0
2025-12-30 15:47:32,2025-12-30 15:47:37,2025-12-30 16:34:29,800,10138.0,1526.0,finished,,1194.0,14,7908.0,1562.0
2025-12-30 16:33:43,2025-12-30 16:33:49,2025-12-30 16:58:40,1716,7613.0,1064.0,finished,,421.0,6,7494.0,1063.0
2025-12-30 17:00:46,2025-12-30 17:00:54,2025-12-30 17:19:38,755,4967.0,720.0,finished,,215.0,6,4999.0,828.0
2025-12-30 17:12:18,2025-12-30 17:12:24,2025-12-30 17:51:17,1787,8170.0,1448.0,finished,,852.0,16,8341.0,967.0
2025-12-30 17:50:57,2025-12-30 17:51:09,2025-12-30 18:25:49,1395,9081.0,1179.0,finished,,730.0,7,9203.0,1195.0
2025-12-31 11:38:06,2025-12-31 11:38:13,,1023,,,client_cancelled,,,7,4000.0,553.0
2025-12-31 15:59:52,2025-12-31 16:00:00,2025-12-31 16:25:05,836,11479.0,1080.0,finished,,409.0,3,11142.0,995.0
2025-12-31 16:17:32,2025-12-31 16:17:37,2025-12-31 16:58:08,1055,10394.0,1588.0,finished,,781.0,13,10145.0,1552.0
2025-12-31 16:47:25,2025-12-31 16:47:33,2025-12-31 17:31:23,2591,12864.0,1562.0,finished,,1049.0,18,12372.0,1464.0
2025-12-31 17:31:12,2025-12-31 17:31:16,2025-12-31 17:44:51,1014,3413.0,502.0,finished,,267.0,4,3430.0,514.0
2025-12-31 17:39:41,2025-12-31 17:39:55,2025-12-31 18:07:46,3228,5859.0,1007.0,finished,,636.0,10,5436.0,862.0
2025-12-31 18:03:21,2025-12-31 18:03:26,2025-12-31 18:20:16,1117,3514.0,496.0,finished,,505.0,7,3228.0,496.0
2025-12-31 18:21:28,,,4206,,,client_cancelled,,,12,5028.0,591.0
2025-12-31 18:29:18,2025-12-31 18:29:31,,2766,,,client_cancelled,,,10,3342.0,468.0
2026-01-01 10:13:52,,,1224,,,driver_rejected,driver_rejected,,6,3771.0,490.0
2026-01-01 10:17:43,,,4930,,,driver_rejected,driver_rejected,,15,11992.0,1060.0
2026-01-01 12:27:43,2026-01-01 12:27:47,2026-01-01 12:48:32,4263,6086.0,508.0,finished,,724.0,14,6010.0,577.0
2026-01-01 12:43:26,2026-01-01 12:43:32,2026-01-01 13:16:10,1520,11969.0,1295.0,finished,,649.0,13,10931.0,1181.0
2026-01-01 13:08:01,2026-01-01 13:08:08,2026-01-01 13:38:56,1895,3989.0,703.0,finished,,946.0,19,3887.0,511.0
2026-01-01 13:35:01,,,4476,,,driver_rejected,driver_rejected,,19,4918.0,499.0
2026-01-01 13:37:23,,,4777,,,driver_did_not_respond,,,21,18227.0,2287.0
2026-01-01 13:39:31,2026-01-01 13:39:35,2026-01-01 14:10:15,2966,7335.0,873.0,finished,,956.0,16,7555.0,762.0
2026-01-01 14:06:20,,,3672,,,driver_rejected,driver_rejected,,17,7818.0,809.0
2026-01-01 14:08:03,2026-01-01 14:08:09,2026-01-01 14:24:30,3188,4671.0,484.0,finished,,480.0,9,4557.0,485.0
2026-01-01 14:23:53,2026-01-01 14:23:59,2026-01-01 14:42:31,1073,6814.0,877.0,finished,,229.0,5,6756.0,843.0
2026-01-01 14:43:24,2026-01-01 14:43:32,2026-01-01 15:20:11,2059,10808.0,1417.0,finished,,683.0,13,9931.0,1791.0
2026-01-01 15:15:53,2026-01-01 15:16:01,2026-01-01 15:57:38,2215,7461.0,977.0,finished,,933.0,14,7279.0,915.0
2026-01-01 15:57:03,2026-01-01 15:57:10,2026-01-01 16:17:41,708,3319.0,741.0,finished,,439.0,5,3548.0,575.0
2026-01-01 16:18:01,2026-01-01 16:18:06,2026-01-01 16:46:59,2837,10187.0,1106.0,finished,,549.0,8,9625.0,942.0
2026-01-01 16:39:53,2026-01-01 16:40:00,2026-01-01 17:20:55,4741,9711.0,1145.0,finished,,1300.0,19,10105.0,1075.0
2026-01-09 17:38:46,2026-01-09 17:38:52,,4007,,,client_did_not_show,client_did_not_show,771.0,11,6336.0,946.0
2026-01-15 07:22:24,2026-01-15 07:22:36,2026-01-15 07:44:54,1438,3279.0,966.0,finished,,363.0,3,3530.0,783.0
2026-01-16 16:14:11,2026-01-16 16:14:22,2026-01-16 16:46:18,1364,9394.0,1226.0,finished,,459.0,4,5045.0,785.0
2026-01-17 10:16:23,2026-01-17 10:16:26,2026-01-17 10:32:47,808,3924.0,788.0,finished,,185.0,3,3979.0,532.0
2026-01-17 11:27:01,2026-01-17 11:27:06,2026-01-17 12:04:42,1278,11312.0,1405.0,finished,,792.0,4,11335.0,1183.0
2026-01-17 11:57:19,2026-01-17 11:57:26,2026-01-17 12:40:04,3780,9093.0,1103.0,finished,,1081.0,17,9337.0,809.0
2026-01-17 12:41:12,2026-01-17 12:41:24,2026-01-17 13:03:35,687,7566.0,918.0,finished,,188.0,3,6511.0,802.0
2026-01-18 08:19:20,2026-01-18 08:19:24,2026-01-18 08:26:44,411,1125.0,205.0,finished,,221.0,4,1000.0,121.0
2026-01-24 12:49:48,2026-01-24 12:49:52,2026-01-24 13:01:15,622,1806.0,397.0,finished,,282.0,3,2193.0,406.0
2026-01-26 07:34:39,2026-01-26 07:34:49,2026-01-26 07:51:35,706,2912.0,709.0,finished,,291.0,4,2807.0,474.0
2026-01-26 07:51:53,2026-01-26 07:51:58,2026-01-26 08:06:21,506,985.0,390.0,finished,,101.0,2,1116.0,206.0
2026-01-26 08:08:07,2026-01-26 08:08:14,2026-01-26 08:35:20,2347,5174.0,1124.0,finished,,489.0,6,5095.0,1032.0
2026-01-26 08:33:41,2026-01-26 08:33:46,2026-01-26 09:17:53,2299,7993.0,1660.0,finished,,894.0,13,8524.0,1419.0
2026-01-26 09:15:32,2026-01-26 09:15:39,2026-01-26 09:57:46,2119,8042.0,1600.0,finished,,856.0,8,8124.0,1232.0
2026-01-31 10:55:22,2026-01-31 10:55:31,2026-01-31 11:30:47,168,11478.0,2016.0,finished,,91.0,2,5684.0,776.0
2026-01-31 14:12:07,2026-01-31 14:12:13,2026-01-31 14:51:08,4283,11793.0,1673.0,finished,,620.0,12,11748.0,1749.0
2026-02-02 15:04:27,2026-02-02 15:04:33,,2995,,,client_cancelled,,,13,3644.0,669.0
2026-02-02 15:57:17,,,4631,,,driver_rejected,driver_rejected,,10,3780.0,416.0
2026-02-02 16:01:46,2026-02-02 16:01:52,2026-02-02 16:18:28,532,4613.0,804.0,finished,,170.0,3,4863.0,820.0
2026-02-07 13:31:45,2026-02-07 13:31:49,2026-02-07 13:58:53,1025,6367.0,1239.0,finished,,363.0,5,6275.0,1185.0
2026-02-07 13:50:51,2026-02-07 13:50:57,2026-02-07 14:22:36,1095,13567.0,1401.0,finished,,491.0,9,12940.0,1381.0
2026-02-07 14:15:26,2026-02-07 14:15:31,2026-02-07 14:57:31,2079,15659.0,1238.0,finished,,1235.0,15,14875.0,1408.0
2026-02-17 12:20:34,2026-02-17 12:20:42,2026-02-17 12:42:16,2489,6446.0,629.0,finished,,614.0,11,6251.0,680.0
2026-02-17 12:36:54,2026-02-17 12:37:02,2026-02-17 13:06:38,2204,9411.0,951.0,finished,,803.0,15,8396.0,864.0
2026-02-17 13:52:38,2026-02-17 13:52:42,2026-02-17 14:14:13,962,7863.0,940.0,finished,,305.0,4,7472.0,851.0
2026-02-17 14:14:24,2026-02-17 14:14:38,2026-02-17 14:40:14,2067,2781.0,964.0,finished,,537.0,9,3915.0,623.0
2026-02-17 14:40:33,2026-02-17 14:40:38,2026-02-17 15:16:58,1499,11384.0,1683.0,finished,,455.0,10,11125.0,1671.0
2026-02-17 15:08:41,2026-02-17 15:08:48,,2186,,,client_cancelled,,,18,5914.0,927.0
2026-02-17 15:14:06,2026-02-17 15:14:11,,2666,,,client_cancelled,,,15,5526.0,939.0
2026-02-18 16:21:24,2026-02-18 16:21:32,2026-02-18 16:57:07,1911,11412.0,1651.0,finished,,372.0,7,11458.0,1377.0
2026-02-18 16:57:15,2026-02-18 16:57:22,2026-02-18 17:26:20,1628,8199.0,1351.0,finished,,308.0,6,8359.0,1210.0
