global_product_name,status,request_timestamp_local,begintrip_timestamp_local,dropoff_timestamp_local,trip_distance_miles,trip_duration_seconds,base_fare_local,original_fare_local,cancellation_fee_local
UberX,rider_canceled,2024-08-01T16:15:55.000Z,,,0.0,0.0,,0.0,0.0
UberX,completed,2024-08-01T16:52:41.000Z,2024-08-01T16:57:12.000Z,2024-08-01T17:00:21.000Z,0.4601238405127276,189.0,5.04,10.0,0.0
UberX,completed,2024-08-01T17:01:01.000Z,2024-08-01T17:02:56.000Z,2024-08-01T17:12:37.000Z,3.2583474363944016,581.0,5.04,14.32,0.0
UberX,completed,2024-08-01T17:37:27.000Z,2024-08-01T17:41:41.000Z,2024-08-01T17:47:59.000Z,1.9942243285190504,378.0,5.04,10.22,0.0
UberX,completed,2024-08-01T17:50:25.000Z,2024-08-01T17:53:17.000Z,2024-08-01T18:16:31.000Z,10.92708335,1394.0,5.04,49.14,0.0
UberX,completed,2024-08-01T19:10:13.000Z,2024-08-01T19:15:43.000Z,2024-08-01T19:26:43.000Z,3.239215427445361,638.0,5.04,13.14,0.0
UberX,completed,2024-08-02T07:13:48.000Z,2024-08-02T07:18:55.000Z,2024-08-02T07:30:40.000Z,3.552203342396384,705.0,5.04,15.03,0.0
UberX,completed,2024-08-02T07:30:51.000Z,2024-08-02T07:38:48.000Z,2024-08-02T07:48:35.000Z,3.1999186131916666,587.0,5.04,13.19,0.0
UberX,completed,2024-08-02T07:45:12.000Z,2024-08-02T07:53:52.000Z,2024-08-02T08:02:44.000Z,2.4227701905834818,532.0,5.04,11.14,0.0
UberX,completed,2024-08-02T08:32:21.000Z,2024-08-02T08:37:44.000Z,2024-08-02T08:50:34.000Z,4.036203690597396,770.0,5.04,12.94,0.0
UberX,completed,2024-08-02T10:03:55.000Z,2024-08-02T10:18:01.000Z,2024-08-02T10:28:24.000Z,3.7689641735959354,601.0,5.04,14.46,0.0
UberX,completed,2024-08-02T10:30:50.000Z,2024-08-02T10:37:01.000Z,2024-08-02T10:47:24.000Z,2.857667327,623.0,5.04,12.95,0.0
UberX,completed,2024-08-02T10:50:17.000Z,2024-08-02T11:01:06.000Z,2024-08-02T11:13:05.000Z,3.0902431956392604,706.0,5.04,13.95,0.0
UberX,completed,2024-08-02T12:31:49.000Z,2024-08-02T12:35:37.000Z,2024-08-02T12:43:33.000Z,1.8120496629163985,476.0,5.04,10.7,0.0
UberX,completed,2024-08-02T16:18:46.000Z,2024-08-02T16:32:53.000Z,2024-08-02T16:46:08.000Z,4.388964324343635,795.0,5.04,16.86,0.0
UberX,completed,2024-08-02T16:44:19.000Z,2024-08-02T16:48:03.000Z,2024-08-02T16:58:21.000Z,2.1897915668729384,603.0,5.04,12.54,0.0
UberX,completed,2024-08-02T17:04:44.000Z,2024-08-02T17:10:58.000Z,2024-08-02T17:33:48.000Z,7.395351481456928,1311.0,5.04,29.0,0.0
UberX,completed,2024-08-02T18:13:37.000Z,2024-08-02T18:19:39.000Z,2024-08-02T18:32:58.000Z,3.075868805384319,776.0,5.04,14.95,0.0
UberX,completed,2024-08-02T18:34:21.000Z,2024-08-02T18:39:12.000Z,2024-08-02T18:50:06.000Z,2.8281463159786844,654.0,5.04,12.53,0.0
UberX,completed,2024-08-02T18:49:00.000Z,2024-08-02T18:57:01.000Z,2024-08-02T19:05:14.000Z,3.3627449832964644,483.0,5.04,13.93,0.0
UberX,completed,2024-08-02T19:24:34.000Z,2024-08-02T19:26:03.000Z,2024-08-02T19:35:20.000Z,2.469510989435149,557.0,5.04,11.71,0.0
UberX,completed,2024-08-02T19:36:10.000Z,2024-08-02T19:42:07.000Z,2024-08-02T19:46:30.000Z,0.6598955097341773,263.0,5.04,10.0,0.0
UberX,completed,2024-08-02T20:07:38.000Z,2024-08-02T20:12:06.000Z,2024-08-02T20:22:49.000Z,3.0237936599902704,643.0,5.04,13.22,0.0
UberX,completed,2024-08-02T20:24:44.000Z,2024-08-02T20:40:26.000Z,2024-08-02T20:51:51.000Z,4.710991167036501,685.0,5.04,21.9,0.0
UberX,completed,2024-08-02T21:36:53.000Z,2024-08-02T21:45:17.000Z,2024-08-02T21:53:54.000Z,3.668463079912654,517.0,5.04,13.92,0.0
UberX,completed,2024-08-02T22:28:53.000Z,2024-08-02T22:39:01.000Z,2024-08-02T22:49:04.000Z,4.472799109086915,603.0,5.04,15.66,0.0
UberX,completed,2024-08-02T23:45:24.000Z,2024-08-02T23:50:12.000Z,2024-08-02T23:59:41.000Z,3.253073001,569.0,5.04,13.06,0.0
UberX,completed,2024-08-03T02:05:57.000Z,2024-08-03T02:08:25.000Z,2024-08-03T02:14:17.000Z,1.795376404637422,352.0,5.04,10.23,0.0
UberX,completed,2024-08-03T02:16:34.000Z,2024-08-03T02:21:12.000Z,2024-08-03T02:33:36.000Z,3.947851702725391,744.0,5.04,14.69,0.0
UberX,completed,2024-08-03T02:50:31.000Z,2024-08-03T02:57:01.000Z,2024-08-03T03:08:23.000Z,3.775667191,682.0,5.04,14.26,0.0
UberX,completed,2024-08-03T03:12:53.000Z,2024-08-03T03:23:37.000Z,2024-08-03T03:48:04.000Z,6.203545815898749,1456.0,5.04,19.72,0.0
UberX,rider_canceled,2024-08-03T17:18:13.000Z,,,0.0,0.0,,0.0,0.0
UberX,completed,2024-08-03T17:30:44.000Z,2024-08-03T17:39:11.000Z,2024-08-03T17:47:34.000Z,3.436071793414869,476.0,5.04,13.52,0.0
UberX,completed,2024-08-03T17:46:13.000Z,2024-08-03T18:00:36.000Z,2024-08-03T18:11:12.000Z,4.086656523599528,636.0,5.04,15.33,0.0
UberX,rider_canceled,2024-08-03T18:05:47.000Z,,,0.0,0.0,,0.0,0.0
UberX,rider_canceled,2024-08-03T18:13:43.000Z,,,0.0,0.0,,0.0,0.0
UberX,completed,2024-08-03T18:28:12.000Z,2024-08-03T18:32:58.000Z,2024-08-03T18:38:18.000Z,1.633213611762694,320.0,5.04,10.0,0.0
UberX,completed,2024-08-03T19:35:21.000Z,2024-08-03T19:40:28.000Z,2024-08-03T19:49:39.000Z,2.806400356213686,551.0,5.04,11.45,0.0
UberX,completed,2024-08-03T20:26:25.000Z,2024-08-03T20:31:18.000Z,2024-08-03T20:39:36.000Z,2.366969687107072,498.0,5.04,10.92,0.0
UberX,completed,2024-08-03T21:07:47.000Z,2024-08-03T21:15:24.000Z,2024-08-03T21:23:11.000Z,2.6117227663765346,467.0,5.04,12.41,0.0
UberX,completed,2024-08-04T00:57:14.000Z,2024-08-04T01:06:06.000Z,2024-08-04T01:17:32.000Z,2.679259644278089,663.0,5.04,11.91,0.0
UberX,completed,2024-08-04T19:27:36.000Z,2024-08-04T19:31:18.000Z,2024-08-04T19:45:37.000Z,4.242363653211869,811.0,5.04,15.52,0.0
UberX,completed,2024-08-05T15:17:20.000Z,2024-08-05T15:23:10.000Z,2024-08-05T15:36:20.000Z,4.302583881966937,760.0,5.04,15.2,0.0
UberX,completed,2024-08-05T15:33:31.000Z,2024-08-05T15:48:54.000Z,2024-08-05T16:02:01.000Z,2.723413710215959,750.0,5.04,14.28,0.0
UberX,completed,2024-08-05T15:57:18.000Z,2024-08-05T16:04:56.000Z,2024-08-05T16:15:56.000Z,3.5016513700978504,660.0,5.04,16.93,0.0
UberX,completed,2024-08-05T18:12:21.000Z,2024-08-05T18:19:51.000Z,2024-08-05T18:25:05.000Z,1.4424934190530092,314.0,5.04,10.0,0.0
UberX,completed,2024-08-05T18:21:49.000Z,2024-08-05T18:32:32.000Z,2024-08-05T18:42:02.000Z,2.857945030203384,556.0,5.04,12.92,0.0
UberX,completed,2024-08-05T18:48:47.000Z,2024-08-05T18:53:10.000Z,2024-08-05T19:06:02.000Z,3.699248735,752.0,5.04,15.11,0.0
UberX,completed,2024-08-05T19:03:39.000Z,2024-08-05T19:10:25.000Z,2024-08-05T19:19:55.000Z,3.970544603479123,570.0,5.04,14.31,0.0
UberX,completed,2024-08-06T07:30:04.000Z,2024-08-06T07:41:14.000Z,2024-08-06T07:46:03.000Z,1.0239662111806584,261.0,5.04,10.09,0.0
UberX,completed,2024-08-06T08:16:13.000Z,2024-08-06T08:21:50.000Z,2024-08-06T08:28:46.000Z,1.7047533702132178,416.0,5.04,10.0,0.0
UberX,completed,2024-08-06T08:27:53.000Z,2024-08-06T08:31:29.000Z,2024-08-06T08:54:12.000Z,9.634229333131415,1345.0,5.04,32.57,0.0
UberX,completed,2024-08-06T09:00:17.000Z,2024-08-06T09:06:52.000Z,2024-08-06T09:19:15.000Z,4.901649082876192,743.0,5.04,35.95,0.0
UberX,completed,2024-08-06T15:34:53.000Z,2024-08-06T15:37:27.000Z,2024-08-06T15:42:04.000Z,1.580122253097077,277.0,5.04,10.0,0.0
UberX,completed,2024-08-06T15:38:11.000Z,2024-08-06T15:48:18.000Z,2024-08-06T16:01:52.000Z,3.080345295689427,803.0,5.04,13.5,0.0
UberX,completed,2024-08-06T16:02:27.000Z,2024-08-06T16:08:35.000Z,2024-08-06T16:19:57.000Z,4.566778911780824,610.0,5.04,16.96,0.0
UberX,completed,2024-08-06T16:19:43.000Z,2024-08-06T16:24:53.000Z,2024-08-06T16:31:55.000Z,3.09434259,422.0,5.04,12.98,0.0
UberX,completed,2024-08-06T18:14:49.000Z,2024-08-06T18:21:03.000Z,2024-08-06T18:28:07.000Z,2.131706339526064,424.0,5.04,10.69,0.0
UberX,completed,2024-08-06T18:30:19.000Z,2024-08-06T18:36:37.000Z,2024-08-06T18:50:35.000Z,5.206200269735321,838.0,5.04,19.11,0.0
UberX,completed,2024-08-06T19:20:16.000Z,2024-08-06T19:23:37.000Z,2024-08-06T19:31:20.000Z,1.991025428432216,463.0,5.04,10.44,0.0
UberX,completed,2024-08-07T06:51:36.000Z,2024-08-07T07:00:16.000Z,2024-08-07T07:19:46.000Z,7.474645384196394,1170.0,5.04,29.38,0.0
UberX,completed,2024-08-07T07:36:25.000Z,2024-08-07T07:44:51.000Z,2024-08-07T07:51:36.000Z,2.540334616,405.0,5.04,11.24,0.0
UberX,completed,2024-08-07T07:53:13.000Z,2024-08-07T08:09:51.000Z,2024-08-07T08:35:40.000Z,10.166916126043358,1549.0,5.04,46.95,0.0
UberX,completed,2024-08-07T08:32:33.000Z,2024-08-07T08:41:34.000Z,2024-08-07T08:52:20.000Z,3.4992977184469067,646.0,5.04,16.5,0.0
UberX,rider_canceled,2024-08-07T09:40:50.000Z,,,0.0,0.0,,0.0,0.0
UberX,completed,2024-08-07T09:43:08.000Z,2024-08-07T09:50:01.000Z,2024-08-07T09:57:40.000Z,1.279823721308495,459.0,5.04,11.0,0.0
UberX,completed,2024-08-07T10:49:09.000Z,2024-08-07T11:06:03.000Z,2024-08-07T11:18:46.000Z,3.8491538566777344,753.0,5.04,15.31,0.0
UberX,completed,2024-08-07T11:23:35.000Z,2024-08-07T11:27:19.000Z,2024-08-07T11:47:08.000Z,4.927767691729623,1181.0,5.04,17.74,0.0
UberX,completed,2024-08-07T11:34:44.000Z,2024-08-07T11:51:35.000Z,2024-08-07T12:03:43.000Z,3.744567798522111,714.0,5.04,13.9,0.0
UberX,completed,2024-08-07T15:39:18.000Z,2024-08-07T15:44:29.000Z,2024-08-07T15:59:26.000Z,6.202170861301573,897.0,5.04,20.93,0.0
UberX,completed,2024-08-07T15:59:13.000Z,2024-08-07T16:05:43.000Z,2024-08-07T16:12:21.000Z,1.584395957750509,373.0,5.04,10.16,0.0
UberX,completed,2024-08-07T16:09:05.000Z,2024-08-07T16:19:03.000Z,2024-08-07T16:36:37.000Z,4.123280139704261,1054.0,5.04,15.93,0.0
UberX,completed,2024-08-07T19:21:00.000Z,2024-08-07T19:25:40.000Z,2024-08-07T19:36:18.000Z,3.378805262,638.0,5.04,14.2,0.0
UberX,completed,2024-08-08T07:06:38.000Z,2024-08-08T07:19:22.000Z,2024-08-08T07:29:33.000Z,3.617006334,611.0,5.04,14.9,0.0
UberX,completed,2024-08-08T07:29:50.000Z,2024-08-08T07:33:55.000Z,2024-08-08T07:42:39.000Z,3.0992657748030648,524.0,5.04,12.9,0.0
UberX,rider_canceled,2024-08-08T07:41:49.000Z,,,0.0,0.0,,0.0,0.0
UberX,completed,2024-08-08T08:02:20.000Z,2024-08-08T08:08:38.000Z,2024-08-08T08:19:50.000Z,3.4930435019570094,672.0,5.04,15.04,0.0
UberX,rider_canceled,2024-08-08T08:38:49.000Z,,,0.0,0.0,,0.0,0.0
UberX,completed,2024-08-08T08:48:50.000Z,2024-08-08T08:50:42.000Z,2024-08-08T08:58:24.000Z,2.4435758006459727,413.0,5.04,11.93,0.0
UberX,completed,2024-08-08T09:01:29.000Z,2024-08-08T09:14:37.000Z,2024-08-08T09:22:07.000Z,2.2346114830464066,398.0,5.04,12.33,0.0
UberX,completed,2024-08-08T10:57:29.000Z,2024-08-08T11:04:28.000Z,2024-08-08T11:12:52.000Z,2.435436464513766,504.0,5.04,11.92,0.0
UberX,completed,2024-08-08T12:21:22.000Z,2024-08-08T12:28:11.000Z,2024-08-08T12:40:35.000Z,4.824062568,744.0,5.04,20.53,0.0
UberX,completed,2024-08-08T17:18:15.000Z,2024-08-08T17:22:13.000Z,2024-08-08T17:27:46.000Z,1.2550302871037238,333.0,5.04,10.0,0.0
UberX,completed,2024-08-08T19:30:26.000Z,2024-08-08T19:33:50.000Z,2024-08-08T19:40:20.000Z,2.1211557409786144,390.0,5.04,11.04,0.0
UberX,completed,2024-08-08T19:39:03.000Z,2024-08-08T19:44:43.000Z,2024-08-08T19:52:27.000Z,2.550893521650689,464.0,5.04,11.93,0.0
UberX,rider_canceled,2024-08-09T07:01:28.000Z,,,0.0,0.0,,0.0,0.0
UberX,rider_canceled,2024-08-09T07:02:41.000Z,,,0.0,0.0,,0.0,0.0
UberX,completed,2024-08-09T07:04:00.000Z,2024-08-09T07:10:19.000Z,2024-08-09T07:18:52.000Z,2.3623855176696384,513.0,5.04,10.91,0.0
UberX,rider_canceled,2024-08-09T07:11:50.000Z,,,0.0,0.0,,0.0,0.0
UberX,completed,2024-08-09T07:17:13.000Z,2024-08-09T07:24:47.000Z,2024-08-09T07:29:56.000Z,1.5370951910885655,298.0,5.04,10.91,0.0
UberX,completed,2024-08-09T07:25:42.000Z,2024-08-09T07:35:32.000Z,2024-08-09T07:49:38.000Z,3.538045209316492,846.0,5.04,13.91,0.0
UberX,completed,2024-08-09T07:43:23.000Z,2024-08-09T07:56:54.000Z,2024-08-09T08:05:37.000Z,2.286829225074244,523.0,5.04,10.9,0.0
UberX,rider_canceled,2024-08-09T08:20:12.000Z,,,0.0,0.0,,0.0,0.0
UberX,completed,2024-08-09T08:22:25.000Z,2024-08-09T08:24:56.000Z,2024-08-09T08:35:47.000Z,3.6303143635143376,651.0,5.04,18.91,0.0
UberX,completed,2024-08-09T08:33:12.000Z,2024-08-09T08:42:37.000Z,2024-08-09T08:55:45.000Z,4.879038701,788.0,5.04,19.65,0.0
UberX,completed,2024-08-09T09:37:57.000Z,2024-08-09T09:41:23.000Z,2024-08-09T09:51:47.000Z,2.5552884239427724,617.0,5.04,11.99,0.0
UberX,rider_canceled,2024-08-09T09:44:16.000Z,,,0.0,0.0,,0.0,0.0
UberX,completed,2024-08-09T09:49:56.000Z,2024-08-09T09:58:56.000Z,2024-08-09T10:07:51.000Z,2.5061833574818357,520.0,5.04,13.16,0.0
UberX,completed,2024-08-09T10:08:34.000Z,2024-08-09T10:18:29.000Z,2024-08-09T10:23:54.000Z,1.2596163709283286,325.0,5.04,10.0,0.0
UberX,completed,2024-08-09T10:23:17.000Z,2024-08-09T10:25:37.000Z,2024-08-09T10:29:48.000Z,0.938113818132048,239.0,5.04,11.0,0.0
UberX,completed,2024-08-09T10:35:45.000Z,2024-08-09T10:41:26.000Z,2024-08-09T10:44:54.000Z,0.7078155972531786,197.0,5.04,10.0,0.0
UberX,completed,2024-08-09T11:39:49.000Z,2024-08-09T11:42:45.000Z,2024-08-09T11:49:07.000Z,1.3754963491650407,369.0,5.04,10.0,0.0
UberX,rider_canceled,2024-08-09T16:38:34.000Z,,,0.0,0.0,,0.0,0.0
UberX,completed,2024-08-09T19:11:02.000Z,2024-08-09T19:16:56.000Z,2024-08-09T19:25:29.000Z,3.2910038379195705,513.0,5.04,14.73,0.0
UberX,completed,2024-08-09T23:39:35.000Z,2024-08-09T23:46:36.000Z,2024-08-09T23:53:41.000Z,2.611727105723864,425.0,5.04,11.48,0.0
UberX,completed,2024-08-10T00:37:14.000Z,2024-08-10T00:45:42.000Z,2024-08-10T00:48:44.000Z,1.437709318,182.0,5.04,10.0,0.0
UberX,completed,2024-08-10T00:54:04.000Z,2024-08-10T01:00:04.000Z,2024-08-10T01:19:01.000Z,9.594935499,1103.0,5.04,39.75,0.0
UberX,completed,2024-08-10T01:29:42.000Z,2024-08-10T01:40:03.000Z,2024-08-10T01:48:13.000Z,3.739863329964259,490.0,5.04,14.42,0.0
UberX,completed,2024-08-10T01:44:52.000Z,2024-08-10T01:55:54.000Z,2024-08-10T02:01:43.000Z,1.5704710949698684,349.0,5.04,10.0,0.0
UberX,completed,2024-08-10T01:59:56.000Z,2024-08-10T02:07:01.000Z,2024-08-10T02:14:09.000Z,2.0339110699923,419.0,5.04,11.78,0.0
UberX,completed,2024-08-10T02:09:59.000Z,2024-08-10T02:19:48.000Z,2024-08-10T02:26:14.000Z,1.9549125370622769,386.0,5.04,10.09,0.0
UberX,completed,2024-08-10T02:55:46.000Z,2024-08-10T03:06:09.000Z,2024-08-10T03:14:32.000Z,3.653226745153575,503.0,5.04,14.12,0.0
UberX,completed,2024-08-10T14:38:23.000Z,2024-08-10T14:47:08.000Z,2024-08-10T15:01:51.000Z,3.1920194851095705,883.0,5.04,14.04,0.0
UberX,completed,2024-08-10T14:47:33.000Z,2024-08-10T15:05:13.000Z,2024-08-10T15:12:53.000Z,2.3889829416033743,460.0,5.04,11.92,0.0
UberX,completed,2024-08-10T15:11:34.000Z,2024-08-10T15:23:05.000Z,2024-08-10T15:36:39.000Z,5.880888049065918,804.0,5.04,21.96,0.0
UberX,completed,2024-08-10T15:38:05.000Z,2024-08-10T15:41:18.000Z,2024-08-10T15:50:04.000Z,2.2776639066677324,526.0,5.04,11.06,0.0
UberX,completed,2024-08-10T15:45:00.000Z,2024-08-10T15:51:25.000Z,2024-08-10T15:57:12.000Z,1.9709805401351688,347.0,5.04,10.14,0.0
UberX,completed,2024-08-10T15:59:30.000Z,2024-08-10T16:01:14.000Z,2024-08-10T16:16:14.000Z,7.433122268746597,900.0,5.04,32.97,0.0
UberX,completed,2024-08-10T16:18:44.000Z,2024-08-10T16:25:59.000Z,2024-08-10T16:41:22.000Z,6.336164750643615,923.0,5.04,20.91,0.0
UberX,completed,2024-08-10T16:39:47.000Z,2024-08-10T16:47:42.000Z,2024-08-10T17:08:55.000Z,8.598399183870269,1273.0,5.04,28.15,0.0
UberX,completed,2024-08-10T17:01:02.000Z,2024-08-10T17:12:27.000Z,2024-08-10T17:20:22.000Z,2.110936617,451.0,5.04,10.9,0.0
UberX,completed,2024-08-10T17:14:49.000Z,2024-08-10T17:29:26.000Z,2024-08-10T17:39:04.000Z,2.6652108341254266,578.0,5.04,14.92,0.0
UberX,rider_canceled,2024-08-10T17:36:05.000Z,,,0.0,0.0,,0.0,0.0
UberX,completed,2024-08-10T17:37:04.000Z,2024-08-10T17:43:50.000Z,2024-08-10T17:50:31.000Z,1.350667352005976,401.0,5.04,13.0,0.0
UberX,completed,2024-08-10T17:45:16.000Z,2024-08-10T17:56:48.000Z,2024-08-10T18:06:45.000Z,4.278933796215431,597.0,5.04,19.38,0.0
UberX,completed,2024-08-10T17:58:38.000Z,2024-08-10T18:09:47.000Z,2024-08-10T18:23:42.000Z,5.235264773518851,811.0,5.04,20.98,0.0
UberX,completed,2024-08-10T19:23:08.000Z,2024-08-10T19:30:50.000Z,2024-08-10T19:36:57.000Z,1.9662046773377493,352.0,5.04,10.96,0.0
UberX,completed,2024-08-10T19:35:49.000Z,2024-08-10T19:41:31.000Z,2024-08-10T19:49:03.000Z,1.645291068125379,452.0,5.04,10.0,0.0
UberX,completed,2024-08-10T21:31:35.000Z,2024-08-10T21:45:42.000Z,2024-08-10T21:58:18.000Z,4.3005014371946135,756.0,5.04,16.13,0.0
UberX,completed,2024-08-10T21:52:30.000Z,2024-08-10T22:06:02.000Z,2024-08-10T22:11:47.000Z,1.5778707790069626,345.0,5.04,10.0,0.0
UberX,completed,2024-08-10T22:17:45.000Z,2024-08-10T22:23:35.000Z,2024-08-10T22:36:00.000Z,3.864297992966752,704.0,5.04,13.99,0.0
UberX,completed,2024-08-10T22:33:09.000Z,2024-08-10T22:37:38.000Z,2024-08-10T22:52:05.000Z,5.380289086657191,842.0,5.04,22.42,0.0
UberX,completed,2024-08-10T22:52:56.000Z,2024-08-10T22:53:58.000Z,2024-08-10T23:04:27.000Z,4.306400325,622.0,5.04,16.92,0.0
UberX,completed,2024-08-10T23:01:39.000Z,2024-08-10T23:08:12.000Z,2024-08-10T23:15:27.000Z,3.0844896582230703,435.0,5.04,12.97,0.0
UberX,completed,2024-08-11T00:01:01.000Z,2024-08-11T00:08:53.000Z,2024-08-11T00:25:14.000Z,5.3775406617550425,954.0,5.04,17.92,0.0
UberX,completed,2024-08-11T00:23:06.000Z,2024-08-11T00:28:59.000Z,2024-08-11T00:38:06.000Z,3.848496659893991,547.0,5.04,14.57,0.0
UberX,completed,2024-08-12T13:14:33.000Z,2024-08-12T13:19:11.000Z,2024-08-12T13:31:14.000Z,2.290182827021504,723.0,5.04,10.96,0.0
UberX,completed,2024-08-12T13:25:15.000Z,2024-08-12T13:40:38.000Z,2024-08-12T13:55:04.000Z,4.286702778190074,866.0,5.04,16.63,0.0
UberX,completed,2024-08-12T14:07:30.000Z,2024-08-12T14:14:21.000Z,2024-08-12T14:24:19.000Z,2.1742265646368577,582.0,5.04,12.5,0.0
UberX,completed,2024-08-12T14:15:07.000Z,2024-08-12T14:27:16.000Z,2024-08-12T14:35:56.000Z,2.115907736238281,520.0,5.04,14.69,0.0
UberX,completed,2024-08-12T14:35:40.000Z,2024-08-12T14:42:57.000Z,2024-08-12T15:01:10.000Z,3.5705618990821795,1093.0,5.04,16.18,0.0
UberX,rider_canceled,2024-08-12T14:45:25.000Z,,,0.0,0.0,,0.0,0.0
UberX,completed,2024-08-12T14:53:02.000Z,2024-08-12T15:09:26.000Z,2024-08-12T15:22:54.000Z,3.1518583983634536,805.0,5.04,13.77,0.0
UberX,rider_canceled,2024-08-12T15:17:31.000Z,,,0.0,0.0,,0.0,0.0
UberX,rider_canceled,2024-08-12T15:19:51.000Z,,,0.0,0.0,,0.0,0.0
UberX,completed,2024-08-12T15:28:01.000Z,2024-08-12T15:32:24.000Z,2024-08-12T15:45:41.000Z,3.142263469141208,791.0,5.04,13.72,0.0
UberX,completed,2024-08-12T15:35:36.000Z,2024-08-12T15:54:55.000Z,2024-08-12T16:07:23.000Z,2.9763340100350297,724.0,5.04,13.49,0.0
UberX,completed,2024-08-12T17:02:29.000Z,2024-08-12T17:45:42.000Z,2024-08-12T18:09:10.000Z,8.889365158260059,1408.0,5.04,36.48,0.0
UberX,rider_canceled,2024-08-12T17:19:11.000Z,,,0.0,0.0,,0.0,0.0
UberX,completed,2024-08-12T18:07:50.000Z,2024-08-12T18:14:35.000Z,2024-08-12T18:22:12.000Z,2.608332984615616,457.0,5.04,13.06,0.0
UberX,completed,2024-08-12T18:23:51.000Z,2024-08-12T18:25:14.000Z,2024-08-12T18:36:26.000Z,3.3898463769434555,672.0,5.04,13.75,0.0
UberX,driver_canceled,2024-08-12T18:32:08.000Z,,,0.0,0.0,,5.5,5.09
UberX,completed,2024-08-13T11:28:21.000Z,2024-08-13T11:39:39.000Z,2024-08-13T11:53:35.000Z,2.419578121602381,609.0,5.04,11.73,0.0
UberX,completed,2024-08-13T13:08:20.000Z,2024-08-13T13:10:38.000Z,2024-08-13T13:14:42.000Z,1.0740670799798615,237.0,5.04,10.0,0.0
UberX,completed,2024-08-13T14:20:17.000Z,2024-08-13T14:27:58.000Z,2024-08-13T14:32:47.000Z,0.7653864115487685,262.0,5.04,10.0,0.0
UberX,completed,2024-08-13T14:33:12.000Z,2024-08-13T14:39:26.000Z,2024-08-13T14:48:54.000Z,2.59391296438894,555.0,5.04,11.99,0.0
UberX,completed,2024-08-13T14:44:32.000Z,2024-08-13T14:55:46.000Z,2024-08-13T15:10:23.000Z,4.864349234792431,877.0,5.04,17.88,0.0
UberX,completed,2024-08-13T15:07:39.000Z,2024-08-13T15:19:33.000Z,2024-08-13T15:36:44.000Z,3.804633402009459,996.0,5.04,16.0,0.0
UberX,completed,2024-08-13T15:35:49.000Z,2024-08-13T15:38:48.000Z,2024-08-13T15:53:54.000Z,3.57445209,881.0,5.04,16.08,0.0
UberX,completed,2024-08-13T15:57:54.000Z,2024-08-13T16:11:54.000Z,2024-08-13T16:24:17.000Z,3.464127513582681,732.0,5.04,15.14,0.0
UberX,completed,2024-08-13T16:41:11.000Z,2024-08-13T16:51:44.000Z,2024-08-13T17:01:11.000Z,2.9684464031692444,567.0,5.04,11.14,0.0
UberX,completed,2024-08-13T17:00:32.000Z,2024-08-13T17:09:36.000Z,2024-08-13T17:20:40.000Z,2.4657998457516834,658.0,5.04,14.69,0.0
UberX,completed,2024-08-13T19:02:22.000Z,2024-08-13T19:10:28.000Z,2024-08-13T19:25:24.000Z,5.711509108441417,896.0,5.04,21.75,0.0
UberX,completed,2024-08-14T07:16:16.000Z,2024-08-14T07:25:31.000Z,2024-08-14T07:43:43.000Z,7.044604217507271,1075.0,5.04,27.01,0.0
UberX,rider_canceled,2024-08-14T07:40:49.000Z,,,0.0,0.0,,0.0,0.0
UberX,completed,2024-08-14T07:42:04.000Z,2024-08-14T07:47:46.000Z,2024-08-14T07:52:04.000Z,1.6629999311952697,249.0,5.04,10.0,0.0
UberX,completed,2024-08-14T08:48:27.000Z,2024-08-14T08:54:42.000Z,2024-08-14T08:59:23.000Z,1.7033477237488543,281.0,5.04,10.0,0.0
UberX,completed,2024-08-14T09:14:55.000Z,2024-08-14T09:20:46.000Z,2024-08-14T09:29:03.000Z,2.990561797498249,497.0,5.04,12.95,0.0
UberX,completed,2024-08-14T10:32:01.000Z,2024-08-14T10:37:30.000Z,2024-08-14T10:47:31.000Z,3.968571148915133,601.0,5.04,14.92,0.0
UberX,completed,2024-08-14T11:17:00.000Z,2024-08-14T11:19:11.000Z,2024-08-14T11:26:41.000Z,1.661910322,450.0,5.04,11.44,0.0
UberX,completed,2024-08-14T11:26:30.000Z,2024-08-14T11:30:34.000Z,2024-08-14T11:38:24.000Z,1.7587827832556195,470.0,5.04,10.03,0.0
UberX,completed,2024-08-14T11:32:05.000Z,2024-08-14T11:46:23.000Z,2024-08-14T11:58:38.000Z,1.927321201087711,677.0,5.04,11.02,0.0
UberX,completed,2024-08-14T15:47:43.000Z,2024-08-14T16:11:59.000Z,2024-08-14T16:34:16.000Z,6.131594835885886,1337.0,5.04,20.99,0.0
UberX,completed,2024-08-14T16:27:50.000Z,2024-08-14T16:36:53.000Z,2024-08-14T16:45:07.000Z,1.7045393943292018,494.0,5.04,11.02,0.0
UberX,completed,2024-08-14T16:43:31.000Z,2024-08-14T16:50:20.000Z,2024-08-14T16:57:46.000Z,1.7911003238678505,446.0,5.04,11.97,0.0
UberX,completed,2024-08-14T16:58:04.000Z,2024-08-14T17:10:22.000Z,2024-08-14T17:20:41.000Z,2.1415666034119094,616.0,5.04,11.59,0.0
UberX,completed,2024-08-14T17:21:41.000Z,2024-08-14T17:29:53.000Z,2024-08-14T17:39:26.000Z,2.656218156262746,558.0,5.04,16.09,0.0
UberX,completed,2024-08-14T17:35:34.000Z,2024-08-14T17:41:20.000Z,2024-08-14T17:48:04.000Z,1.5746173109661474,384.0,5.04,10.0,0.0
UberX,completed,2024-08-14T17:46:39.000Z,2024-08-14T17:57:55.000Z,2024-08-14T18:06:33.000Z,3.055103227315674,518.0,5.04,14.91,0.0
UberX,completed,2024-08-14T18:10:20.000Z,2024-08-14T18:20:26.000Z,2024-08-14T18:29:27.000Z,2.1698492294176392,521.0,5.04,12.64,0.0
UberX,completed,2024-08-14T18:39:29.000Z,2024-08-14T18:52:56.000Z,2024-08-14T19:04:12.000Z,2.6943861415870254,666.0,5.04,12.77,0.0
UberX,rider_canceled,2024-08-15T00:18:27.000Z,,,0.0,0.0,,0.0,0.0
UberX,completed,2024-08-15T00:22:06.000Z,2024-08-15T00:30:04.000Z,2024-08-15T00:39:44.000Z,3.526899659435361,545.0,5.04,13.89,0.0
UberX,completed,2024-08-15T00:33:13.000Z,2024-08-15T00:42:33.000Z,2024-08-15T00:47:52.000Z,1.9558139215335548,312.0,5.04,10.0,0.0
UberX,completed,2024-08-15T00:41:30.000Z,2024-08-15T00:52:56.000Z,2024-08-15T01:03:59.000Z,4.725586803662361,663.0,5.04,18.51,0.0
UberX,completed,2024-08-15T00:57:54.000Z,2024-08-15T01:08:26.000Z,2024-08-15T01:21:07.000Z,4.105825756443171,751.0,5.04,17.17,0.0
UberX,completed,2024-08-15T01:05:36.000Z,2024-08-15T01:30:32.000Z,2024-08-15T01:39:40.000Z,4.108481739231852,548.0,5.04,15.91,0.0
UberX,completed,2024-08-15T01:30:26.000Z,2024-08-15T01:42:33.000Z,2024-08-15T01:45:40.000Z,0.9921677260696692,187.0,5.04,10.0,0.0
UberX,completed,2024-08-15T01:45:30.000Z,2024-08-15T02:00:12.000Z,2024-08-15T02:07:40.000Z,2.198031047141678,386.0,5.04,10.51,0.0
UberX,rider_canceled,2024-08-15T01:59:27.000Z,,,0.0,0.0,,0.0,0.0
UberX,completed,2024-08-15T01:59:36.000Z,2024-08-15T02:12:33.000Z,2024-08-15T02:21:18.000Z,3.465285646097352,525.0,5.04,13.99,0.0
UberX,completed,2024-08-15T02:25:24.000Z,2024-08-15T02:34:30.000Z,2024-08-15T02:42:07.000Z,2.528030414186502,457.0,5.04,10.97,0.0
UberX,driver_canceled,2024-08-15T02:27:07.000Z,,,0.0,0.0,,6.82,0.0
UberX,completed,2024-08-15T02:32:00.000Z,2024-08-15T02:51:05.000Z,2024-08-15T02:56:44.000Z,1.854164476433105,339.0,5.04,10.98,0.0
UberX,completed,2024-08-15T13:47:16.000Z,2024-08-15T13:55:42.000Z,2024-08-15T14:08:11.000Z,5.140263072517931,749.0,5.04,18.91,0.0
UberX,completed,2024-08-15T14:14:15.000Z,2024-08-15T14:20:38.000Z,2024-08-15T14:30:04.000Z,2.388271369376472,566.0,5.04,11.79,0.0
UberX,completed,2024-08-15T14:38:08.000Z,2024-08-15T14:41:51.000Z,2024-08-15T14:51:35.000Z,4.145807678607779,584.0,5.04,15.6,0.0
UberX,completed,2024-08-15T14:48:47.000Z,2024-08-15T14:56:04.000Z,2024-08-15T15:08:52.000Z,5.820682705313978,768.0,5.04,23.24,0.0
UberX,rider_canceled,2024-08-15T15:06:23.000Z,,,0.0,0.0,,5.5,5.09
UberX,completed,2024-08-15T15:10:38.000Z,2024-08-15T15:17:29.000Z,2024-08-15T15:22:31.000Z,1.4454114249661447,302.0,5.04,10.0,0.0
UberX,completed,2024-08-16T15:53:33.000Z,2024-08-16T16:10:28.000Z,2024-08-16T16:26:08.000Z,4.901173136499889,911.0,5.04,16.98,0.0
UberX,completed,2024-08-16T16:22:31.000Z,2024-08-16T16:32:48.000Z,2024-08-16T16:46:05.000Z,4.8256166381761885,797.0,5.04,19.95,0.0
UberX,completed,2024-08-16T16:47:57.000Z,2024-08-16T16:57:54.000Z,2024-08-16T17:02:54.000Z,1.327248327636955,280.0,5.04,10.02,0.0
UberX,completed,2024-08-16T17:05:39.000Z,2024-08-16T17:17:37.000Z,2024-08-16T17:35:39.000Z,7.374249903181064,1082.0,5.04,34.98,0.0
UberX,rider_canceled,2024-08-16T17:26:15.000Z,,,0.0,0.0,,11.2,0.0
UberX,completed,2024-08-16T18:27:46.000Z,2024-08-16T18:35:08.000Z,2024-08-16T18:45:58.000Z,2.9065971241448585,584.0,5.04,16.49,0.0
UberX,completed,2024-08-16T18:43:24.000Z,2024-08-16T18:52:49.000Z,2024-08-16T19:07:47.000Z,5.620882252348557,898.0,5.04,21.25,0.0
UberX,completed,2024-08-16T20:20:14.000Z,2024-08-16T20:22:29.000Z,2024-08-16T20:30:26.000Z,1.767938387878481,464.0,5.04,10.0,0.0
UberX,completed,2024-08-16T20:27:23.000Z,2024-08-16T20:35:09.000Z,2024-08-16T20:48:31.000Z,4.937027070652143,802.0,5.04,17.96,0.0
UberX,completed,2024-08-16T21:27:13.000Z,2024-08-16T21:31:40.000Z,2024-08-16T21:38:29.000Z,1.527033839103603,409.0,5.04,10.0,0.0
UberX,completed,2024-08-16T21:32:24.000Z,2024-08-16T21:39:16.000Z,2024-08-16T21:47:44.000Z,2.100134374407538,438.0,5.04,10.62,0.0
UberX,completed,2024-08-16T22:11:51.000Z,2024-08-16T22:15:49.000Z,2024-08-16T22:22:08.000Z,2.158473520414721,379.0,5.04,10.55,0.0
UberX,completed,2024-08-16T22:27:47.000Z,2024-08-16T22:29:47.000Z,2024-08-16T22:34:34.000Z,1.474282782995345,287.0,5.04,10.0,0.0
UberX,completed,2024-08-16T22:31:46.000Z,2024-08-16T22:40:56.000Z,2024-08-16T22:51:05.000Z,2.993798473714059,583.0,5.04,12.92,0.0
UberX,completed,2024-08-17T00:37:58.000Z,2024-08-17T00:42:34.000Z,2024-08-17T00:51:55.000Z,3.6225530856195927,561.0,5.04,14.53,0.0
UberX,completed,2024-08-17T00:48:56.000Z,2024-08-17T00:56:47.000Z,2024-08-17T01:11:05.000Z,5.420528897,858.0,5.04,18.98,0.0
UberX,completed,2024-08-17T01:06:52.000Z,2024-08-17T01:19:26.000Z,2024-08-17T01:26:59.000Z,3.0901858850559254,453.0,5.04,14.63,0.0
UberX,completed,2024-08-17T01:33:41.000Z,2024-08-17T01:34:47.000Z,2024-08-17T01:46:46.000Z,5.243493678939615,719.0,5.04,17.97,0.0
UberX,completed,2024-08-17T03:06:10.000Z,2024-08-17T03:14:06.000Z,2024-08-17T03:20:53.000Z,1.6309806551240489,407.0,5.04,10.0,0.0
UberX,driver_canceled,2024-08-17T03:17:47.000Z,,,0.0,0.0,,5.5,5.09
UberX,completed,2024-08-17T16:12:16.000Z,2024-08-17T16:19:44.000Z,2024-08-17T16:32:41.000Z,4.858453050449641,777.0,5.04,20.68,0.0
UberX,completed,2024-08-17T16:53:21.000Z,2024-08-17T16:57:05.000Z,2024-08-17T17:02:01.000Z,1.2181136371030477,296.0,5.04,10.0,0.0
UberX,completed,2024-08-17T16:57:26.000Z,2024-08-17T17:07:52.000Z,2024-08-17T17:14:20.000Z,1.779068417877928,388.0,5.04,10.0,0.0
UberX,completed,2024-08-17T17:16:19.000Z,2024-08-17T17:21:00.000Z,2024-08-17T17:32:13.000Z,3.609843267629988,666.0,5.04,14.75,0.0
UberX,completed,2024-08-17T17:29:33.000Z,2024-08-17T17:36:15.000Z,2024-08-17T17:49:20.000Z,4.6591623720531175,785.0,5.04,17.97,0.0
UberX,completed,2024-08-17T18:41:08.000Z,2024-08-17T18:45:53.000Z,2024-08-17T18:56:51.000Z,4.445067104969921,658.0,5.04,16.33,0.0
UberX,completed,2024-08-17T19:17:46.000Z,2024-08-17T19:25:38.000Z,2024-08-17T19:32:40.000Z,2.3789922182624803,397.0,5.04,11.33,0.0
UberX,completed,2024-08-17T19:40:39.000Z,2024-08-17T19:45:06.000Z,2024-08-17T19:54:45.000Z,4.215513668926908,579.0,5.04,15.52,0.0
UberX,completed,2024-08-17T21:32:19.000Z,2024-08-17T21:40:42.000Z,2024-08-17T21:54:59.000Z,4.8831940491426815,857.0,5.04,17.43,0.0
UberX,completed,2024-08-17T21:54:04.000Z,2024-08-17T22:03:49.000Z,2024-08-17T22:18:22.000Z,5.954803431966617,873.0,5.04,26.84,0.0
UberX,completed,2024-08-17T22:19:35.000Z,2024-08-17T22:23:09.000Z,2024-08-17T22:35:47.000Z,4.976143679018486,758.0,5.04,16.18,0.0
UberX,completed,2024-08-18T00:21:01.000Z,2024-08-18T00:27:03.000Z,2024-08-18T00:33:50.000Z,1.5677862637326565,379.0,5.04,10.0,0.0
UberX,completed,2024-08-18T00:30:28.000Z,2024-08-18T00:39:32.000Z,2024-08-18T00:50:54.000Z,3.812225760243512,682.0,5.04,16.78,0.0
UberX,completed,2024-08-18T00:53:57.000Z,2024-08-18T01:02:15.000Z,2024-08-18T01:12:30.000Z,3.5135929168103077,615.0,5.04,14.25,0.0
UberX,rider_canceled,2024-08-18T01:05:24.000Z,,,0.0,0.0,,9.23,0.0
UberX,completed,2024-08-18T01:15:42.000Z,2024-08-18T01:19:53.000Z,2024-08-18T01:30:06.000Z,4.464350262737158,588.0,5.04,17.24,0.0
UberX,completed,2024-08-18T01:22:52.000Z,2024-08-18T01:38:21.000Z,2024-08-18T01:48:01.000Z,3.352294827859085,580.0,5.04,15.08,0.0
UberX,completed,2024-08-18T01:53:07.000Z,2024-08-18T02:01:48.000Z,2024-08-18T02:07:12.000Z,1.7073387978126275,324.0,5.04,10.0,0.0
UberX,completed,2024-08-18T02:05:41.000Z,2024-08-18T02:12:18.000Z,2024-08-18T02:17:27.000Z,1.377178094247805,309.0,5.04,10.0,0.0
UberX,completed,2024-08-18T18:51:21.000Z,2024-08-18T18:54:34.000Z,2024-08-18T19:04:19.000Z,2.527849222,585.0,5.04,11.9,0.0
UberX,completed,2024-08-18T18:59:32.000Z,2024-08-18T19:07:01.000Z,2024-08-18T19:13:15.000Z,1.9049295810295412,359.0,5.04,10.2,0.0
UberX,completed,2024-08-18T19:31:33.000Z,2024-08-18T19:38:21.000Z,2024-08-18T19:47:40.000Z,2.173155266472896,544.0,5.04,10.97,0.0
UberX,completed,2024-08-18T19:38:27.000Z,2024-08-18T19:52:07.000Z,2024-08-18T20:01:05.000Z,2.2078079348283595,492.0,5.04,10.71,0.0
UberX,rider_canceled,2024-08-18T19:50:50.000Z,,,0.0,0.0,,0.0,0.0
UberX,completed,2024-08-18T19:59:49.000Z,2024-08-18T20:05:18.000Z,2024-08-18T20:11:12.000Z,1.955507258278551,340.0,5.04,13.99,0.0
UberX,completed,2024-08-21T07:23:20.000Z,2024-08-21T07:27:54.000Z,2024-08-21T07:36:04.000Z,2.3616703556076004,490.0,5.04,10.43,0.0
UberX,completed,2024-08-21T09:16:07.000Z,2024-08-21T09:19:33.000Z,2024-08-21T09:26:32.000Z,1.4672781181882435,413.0,5.04,10.0,0.0
UberX,completed,2024-08-21T09:47:10.000Z,2024-08-21T09:51:50.000Z,2024-08-21T10:01:11.000Z,2.0707312140494025,561.0,5.04,10.82,0.0
UberX,completed,2024-08-21T10:05:45.000Z,2024-08-21T10:13:22.000Z,2024-08-21T10:18:33.000Z,1.169737423423611,299.0,5.04,10.0,0.0
UberX,completed,2024-08-21T10:25:09.000Z,2024-08-21T10:28:01.000Z,2024-08-21T10:44:18.000Z,6.720415201135772,946.0,5.04,22.1,0.0
UberX,completed,2024-08-21T10:47:08.000Z,2024-08-21T10:53:31.000Z,2024-08-21T11:04:00.000Z,3.751620128571739,620.0,5.04,14.75,0.0
UberX,completed,2024-08-21T11:01:01.000Z,2024-08-21T11:15:23.000Z,2024-08-21T11:31:47.000Z,5.047285929785634,984.0,5.04,17.9,0.0
UberX,completed,2024-08-21T15:50:18.000Z,2024-08-21T16:04:03.000Z,2024-08-21T16:09:25.000Z,1.1970278882574872,322.0,5.04,16.0,0.0
UberX,rider_canceled,2024-08-21T17:02:44.000Z,,,0.0,0.0,,0.0,0.0
UberX,completed,2024-08-21T17:37:00.000Z,2024-08-21T17:45:30.000Z,2024-08-21T17:56:00.000Z,1.814550950695004,617.0,5.04,10.1,0.0
UberX,completed,2024-08-21T18:32:56.000Z,2024-08-21T18:37:16.000Z,2024-08-21T18:53:23.000Z,5.552170276870601,967.0,5.04,17.94,0.0
UberX,completed,2024-08-21T18:52:16.000Z,2024-08-21T18:57:52.000Z,2024-08-21T19:06:37.000Z,2.0748011759260363,514.0,5.04,10.0,0.0
UberX,completed,2024-08-21T19:20:14.000Z,2024-08-21T19:25:49.000Z,2024-08-21T19:29:29.000Z,0.7835210507798731,210.0,5.04,10.28,0.0
UberX,completed,2024-08-22T08:46:28.000Z,2024-08-22T08:51:52.000Z,2024-08-22T08:57:48.000Z,1.586921735416733,350.0,5.04,10.0,0.0
UberX,completed,2024-08-22T11:00:27.000Z,2024-08-22T11:06:12.000Z,2024-08-22T11:14:05.000Z,2.9218276763391344,473.0,5.04,12.56,0.0
UberX,completed,2024-08-22T12:39:57.000Z,2024-08-22T12:50:50.000Z,2024-08-22T13:00:14.000Z,2.180036756367483,556.0,5.04,13.08,0.0
UberX,completed,2024-08-22T15:06:57.000Z,2024-08-22T15:15:57.000Z,2024-08-22T15:39:38.000Z,5.670522475829884,1421.0,5.04,24.75,0.0
UberX,completed,2024-08-22T15:37:52.000Z,2024-08-22T15:45:00.000Z,2024-08-22T15:50:56.000Z,1.1927098464674386,356.0,5.04,11.0,0.0
UberX,completed,2024-08-22T17:09:49.000Z,2024-08-22T17:20:17.000Z,2024-08-22T17:27:56.000Z,2.704766714998448,459.0,5.04,14.09,0.0
UberX,completed,2024-08-22T18:48:00.000Z,2024-08-22T18:50:25.000Z,2024-08-22T19:06:45.000Z,10.100615983249744,965.0,5.04,41.39,0.0
UberX,rider_canceled,2024-08-23T07:32:17.000Z,,,0.0,0.0,,0.0,0.0
UberX,completed,2024-08-23T07:33:05.000Z,2024-08-23T07:34:51.000Z,2024-08-23T07:43:26.000Z,2.269693937259661,515.0,5.04,10.95,0.0
UberX,completed,2024-08-23T07:38:56.000Z,2024-08-23T07:47:12.000Z,2024-08-23T07:54:43.000Z,1.7208172463371132,451.0,5.04,11.32,0.0
UberX,completed,2024-08-23T07:56:43.000Z,2024-08-23T08:05:31.000Z,2024-08-23T08:11:38.000Z,1.7413369590235983,339.0,5.04,11.94,0.0
UberX,completed,2024-08-23T16:11:15.000Z,2024-08-23T16:20:27.000Z,2024-08-23T16:43:27.000Z,9.673373149,1380.0,5.04,40.93,0.0
UberX,completed,2024-08-23T16:31:51.000Z,2024-08-23T16:50:40.000Z,2024-08-23T17:04:46.000Z,4.661228201121864,846.0,5.04,16.91,0.0
UberX,rider_canceled,2024-08-23T17:01:59.000Z,,,0.0,0.0,,0.0,0.0
UberX,rider_canceled,2024-08-23T17:02:46.000Z,,,0.0,0.0,,0.0,0.0
UberX,rider_canceled,2024-08-23T17:24:47.000Z,,,0.0,0.0,,0.0,0.0
UberX,completed,2024-08-23T17:26:49.000Z,2024-08-23T17:31:15.000Z,2024-08-23T17:42:56.000Z,5.046477147755359,693.0,5.04,19.11,0.0
UberX,rider_canceled,2024-08-23T17:48:59.000Z,,,0.0,0.0,,0.0,0.0
UberX,completed,2024-08-23T18:36:39.000Z,2024-08-23T18:42:06.000Z,2024-08-23T18:50:38.000Z,1.8162666377623224,503.0,5.04,11.13,0.0
UberX,completed,2024-08-23T18:52:05.000Z,2024-08-23T18:57:59.000Z,2024-08-23T19:09:10.000Z,4.794659812011085,671.0,5.04,17.15,0.0
UberX,completed,2024-08-23T19:07:53.000Z,2024-08-23T19:16:20.000Z,2024-08-23T19:24:34.000Z,3.235446196939632,484.0,5.04,13.33,0.0
UberX,completed,2024-08-23T19:22:14.000Z,2024-08-23T19:28:25.000Z,2024-08-23T19:37:28.000Z,2.963461234924501,543.0,5.04,12.6,0.0
UberX,completed,2024-08-23T19:32:57.000Z,2024-08-23T19:45:53.000Z,2024-08-23T20:02:24.000Z,4.937391452223178,991.0,5.04,17.47,0.0
UberX,completed,2024-08-23T20:27:37.000Z,2024-08-23T20:32:16.000Z,2024-08-23T20:39:33.000Z,2.0424983457253334,426.0,5.04,10.93,0.0
UberX,completed,2024-08-23T23:13:31.000Z,2024-08-23T23:19:25.000Z,2024-08-23T23:25:11.000Z,2.5919185144075336,346.0,5.04,11.91,0.0
UberX,completed,2024-08-23T23:40:58.000Z,2024-08-23T23:44:28.000Z,2024-08-23T23:49:51.000Z,1.6105886966431262,313.0,5.04,10.0,0.0
UberX,rider_canceled,2024-08-23T23:52:05.000Z,,,0.0,0.0,,0.0,0.0
UberX,rider_canceled,2024-08-23T23:56:35.000Z,,,0.0,0.0,,0.0,0.0
UberX,completed,2024-08-23T23:57:15.000Z,2024-08-24T00:03:58.000Z,2024-08-24T00:08:29.000Z,1.524126135627498,263.0,5.04,11.0,0.0
UberX,completed,2024-08-24T00:05:46.000Z,2024-08-24T00:16:26.000Z,2024-08-24T00:23:48.000Z,3.087645252157631,442.0,5.04,19.64,0.0
UberX,completed,2024-08-24T00:22:45.000Z,2024-08-24T00:37:08.000Z,2024-08-24T00:44:54.000Z,2.458457414422694,466.0,5.04,11.56,0.0
UberX,rider_canceled,2024-08-24T00:44:55.000Z,,,0.0,0.0,,0.0,0.0
UberX,completed,2024-08-24T00:47:06.000Z,2024-08-24T00:50:34.000Z,2024-08-24T01:01:08.000Z,3.6931483820423576,627.0,5.04,14.74,0.0
UberX,completed,2024-08-24T00:57:20.000Z,2024-08-24T01:05:17.000Z,2024-08-24T01:09:55.000Z,1.6453001782337011,272.0,5.04,10.0,0.0
UberX,completed,2024-08-24T01:26:43.000Z,2024-08-24T01:29:42.000Z,2024-08-24T01:35:35.000Z,1.7187223565534129,353.0,5.04,10.0,0.0
UberX,completed,2024-08-24T01:34:29.000Z,2024-08-24T01:41:21.000Z,2024-08-24T01:46:14.000Z,1.084379784151307,273.0,5.04,10.08,0.0
UberX,rider_canceled,2024-08-24T01:41:55.000Z,,,0.0,0.0,,0.0,0.0
UberX,rider_canceled,2024-08-24T01:51:52.000Z,,,0.0,0.0,,0.0,0.0
UberX,completed,2024-08-24T01:54:30.000Z,2024-08-24T01:57:47.000Z,2024-08-24T02:07:19.000Z,3.281721064269064,572.0,5.04,13.19,0.0
UberX,completed,2024-08-24T02:42:45.000Z,2024-08-24T02:49:28.000Z,2024-08-24T02:58:59.000Z,3.058473086362961,559.0,5.04,13.99,0.0
UberX,completed,2024-08-24T02:55:32.000Z,2024-08-24T03:01:02.000Z,2024-08-24T03:09:50.000Z,4.221001007,528.0,5.04,15.77,0.0
UberX,completed,2024-08-24T16:26:31.000Z,2024-08-24T16:31:25.000Z,2024-08-24T16:46:56.000Z,6.290153205150173,931.0,5.04,24.13,0.0
UberX,completed,2024-08-24T16:43:32.000Z,2024-08-24T16:53:59.000Z,2024-08-24T17:03:29.000Z,3.7146066448085646,542.0,5.04,16.03,0.0
UberX,completed,2024-08-24T17:03:58.000Z,2024-08-24T17:11:14.000Z,2024-08-24T17:20:20.000Z,2.773707709439202,546.0,5.04,12.91,0.0
UberX,completed,2024-08-24T17:23:03.000Z,2024-08-24T17:31:05.000Z,2024-08-24T17:41:02.000Z,4.012073557548065,597.0,5.04,15.09,0.0
UberX,completed,2024-08-24T17:36:23.000Z,2024-08-24T17:45:43.000Z,2024-08-24T17:53:30.000Z,2.207806662556891,460.0,5.04,11.05,0.0
UberX,completed,2024-08-24T17:49:43.000Z,2024-08-24T18:00:46.000Z,2024-08-24T18:12:51.000Z,2.5680335056621058,574.0,5.04,15.24,0.0
UberX,completed,2024-08-24T17:57:51.000Z,2024-08-24T18:19:32.000Z,2024-08-24T18:25:07.000Z,1.3750121083290423,307.0,5.04,11.12,0.0
UberX,completed,2024-08-24T19:02:31.000Z,2024-08-24T19:08:42.000Z,2024-08-24T19:16:14.000Z,2.479189762876925,390.0,5.04,10.92,0.0
UberX,completed,2024-08-24T19:13:16.000Z,2024-08-24T19:22:42.000Z,2024-08-24T19:28:07.000Z,1.3746614385347096,325.0,5.04,10.92,0.0
UberX,completed,2024-08-24T19:28:48.000Z,2024-08-24T19:34:06.000Z,2024-08-24T19:45:56.000Z,3.768543670109453,710.0,5.04,15.93,0.0
UberX,completed,2024-08-24T19:42:46.000Z,2024-08-24T19:47:56.000Z,2024-08-24T20:03:20.000Z,5.197945789811211,835.0,5.04,20.96,0.0
UberX,driver_canceled,2024-08-24T19:57:50.000Z,,,0.0,0.0,,5.5,5.09
UberX,completed,2024-08-24T22:09:05.000Z,2024-08-24T22:13:58.000Z,2024-08-24T22:19:56.000Z,2.060494131614896,358.0,5.04,10.57,0.0
UberX,completed,2024-08-24T22:20:36.000Z,2024-08-24T22:26:15.000Z,2024-08-24T22:37:04.000Z,2.2619062015631157,649.0,5.04,13.32,0.0
UberX,completed,2024-08-24T22:32:58.000Z,2024-08-24T22:45:16.000Z,2024-08-24T22:53:58.000Z,3.067146329013015,522.0,5.04,14.31,0.0
UberX,completed,2024-08-24T22:49:07.000Z,2024-08-24T22:56:20.000Z,2024-08-24T23:06:07.000Z,3.0923914818185128,587.0,5.04,14.85,0.0
UberX,completed,2024-08-24T22:57:16.000Z,2024-08-24T23:06:42.000Z,2024-08-24T23:15:03.000Z,1.8592353381163145,501.0,5.04,11.0,0.0
UberX,completed,2024-08-24T23:12:43.000Z,2024-08-24T23:25:23.000Z,2024-08-24T23:39:11.000Z,5.9721206434156855,828.0,5.04,21.96,0.0
UberX,completed,2024-08-24T23:33:46.000Z,2024-08-24T23:42:25.000Z,2024-08-24T23:50:10.000Z,3.2803821518258887,465.0,5.04,12.67,0.0
UberX,completed,2024-08-24T23:50:34.000Z,2024-08-24T23:58:29.000Z,2024-08-25T00:27:08.000Z,9.57712041347204,1719.0,5.04,38.85,0.0
UberX,completed,2024-08-25T01:21:19.000Z,2024-08-25T01:31:10.000Z,2024-08-25T01:43:25.000Z,4.098008371902868,689.0,5.04,16.59,0.0
UberX,completed,2024-08-25T01:35:54.000Z,2024-08-25T01:49:54.000Z,2024-08-25T02:09:40.000Z,4.681784329746445,904.0,5.04,17.99,0.0
UberX,completed,2024-08-25T02:00:09.000Z,2024-08-25T02:13:49.000Z,2024-08-25T02:22:26.000Z,2.6292952333796715,451.0,5.04,14.59,0.0
UberX,completed,2024-08-25T02:12:42.000Z,2024-08-25T02:30:31.000Z,2024-08-25T02:40:15.000Z,3.2819466066229865,584.0,5.04,19.12,0.0
UberX,completed,2024-08-25T02:29:02.000Z,2024-08-25T02:46:06.000Z,2024-08-25T02:56:01.000Z,3.011883010539179,579.0,5.04,15.93,0.0
UberX,completed,2024-08-25T02:54:12.000Z,2024-08-25T03:00:47.000Z,2024-08-25T03:21:02.000Z,7.199751521016762,1215.0,5.04,29.83,0.0
UberX,completed,2024-08-25T03:21:28.000Z,2024-08-25T03:31:41.000Z,2024-08-25T03:40:07.000Z,2.873542937784822,506.0,5.04,17.93,0.0
UberX,completed,2024-08-25T16:01:19.000Z,2024-08-25T16:11:08.000Z,2024-08-25T16:15:05.000Z,1.0366053949714191,237.0,5.04,10.0,0.0
UberX,completed,2024-08-25T16:19:31.000Z,2024-08-25T16:23:07.000Z,2024-08-25T16:32:06.000Z,2.3736975885265847,515.0,5.04,10.84,0.0
UberX,completed,2024-08-25T16:30:13.000Z,2024-08-25T16:34:40.000Z,2024-08-25T16:46:53.000Z,3.054803216429625,720.0,5.04,14.42,0.0
UberX,completed,2024-08-25T16:45:27.000Z,2024-08-25T16:51:12.000Z,2024-08-25T16:56:53.000Z,1.2199992172019376,335.0,5.04,11.0,0.0
UberX,completed,2024-08-26T11:52:24.000Z,2024-08-26T11:58:38.000Z,2024-08-26T12:06:03.000Z,1.862519276922706,445.0,5.04,10.97,0.0
UberX,completed,2024-08-26T12:24:17.000Z,2024-08-26T12:31:34.000Z,2024-08-26T12:40:47.000Z,2.711641939587705,549.0,5.04,11.95,0.0
UberX,completed,2024-08-26T12:39:00.000Z,2024-08-26T12:45:01.000Z,2024-08-26T12:50:55.000Z,1.0985137490872592,347.0,5.04,12.0,0.0
UberX,completed,2024-08-26T14:04:58.000Z,2024-08-26T14:15:30.000Z,2024-08-26T14:28:42.000Z,1.2289354682284457,788.0,5.04,11.99,0.0
UberX,completed,2024-08-26T14:35:08.000Z,2024-08-26T14:50:32.000Z,2024-08-26T14:56:53.000Z,1.8445942293585231,374.0,5.04,10.0,0.0
UberX,completed,2024-08-28T09:20:01.000Z,2024-08-28T09:25:15.000Z,2024-08-28T09:33:08.000Z,3.508108120938489,426.0,5.04,13.68,0.0
UberX,completed,2024-08-28T09:53:25.000Z,2024-08-28T10:01:10.000Z,2024-08-28T10:11:26.000Z,2.6185938035523004,589.0,5.04,12.18,0.0
UberX,completed,2024-08-28T14:23:40.000Z,2024-08-28T14:32:44.000Z,2024-08-28T14:44:16.000Z,2.733445850834336,692.0,5.04,12.24,0.0
UberX,completed,2024-08-28T14:40:15.000Z,2024-08-28T14:46:13.000Z,2024-08-28T14:50:37.000Z,1.2010276902228594,259.0,5.04,10.0,0.0
UberX,completed,2024-08-28T15:27:14.000Z,2024-08-28T15:32:27.000Z,2024-08-28T15:40:53.000Z,1.4640221475845707,506.0,5.04,10.4,0.0
UberX,completed,2024-08-28T15:37:24.000Z,2024-08-28T15:41:04.000Z,2024-08-28T15:53:12.000Z,2.8438421640894487,728.0,5.04,13.92,0.0
UberX,completed,2024-08-28T16:52:47.000Z,2024-08-28T17:00:02.000Z,2024-08-28T17:08:15.000Z,1.879620342340944,493.0,5.04,10.26,0.0
UberX,completed,2024-08-28T17:04:34.000Z,2024-08-28T17:16:30.000Z,2024-08-28T17:32:09.000Z,4.568248568,939.0,5.04,17.14,0.0
UberX,completed,2024-08-28T17:31:30.000Z,2024-08-28T17:38:54.000Z,2024-08-28T17:44:38.000Z,1.5394061238216814,344.0,5.04,10.0,0.0
UberX,completed,2024-08-28T17:42:11.000Z,2024-08-28T17:49:37.000Z,2024-08-28T17:59:20.000Z,2.213983931231783,583.0,5.04,10.3,0.0
UberX,completed,2024-08-28T18:00:53.000Z,2024-08-28T18:10:15.000Z,2024-08-28T18:16:58.000Z,2.5529355965403395,403.0,5.04,11.97,0.0
UberX,completed,2024-08-28T18:11:38.000Z,2024-08-28T18:25:01.000Z,2024-08-28T18:40:43.000Z,6.545582795161676,942.0,5.04,24.8,0.0
UberX,completed,2024-08-28T18:38:58.000Z,2024-08-28T18:43:38.000Z,2024-08-28T18:49:36.000Z,1.5420743836334765,358.0,5.04,10.0,0.0
UberX,completed,2024-08-29T09:30:10.000Z,2024-08-29T09:36:58.000Z,2024-08-29T09:50:33.000Z,4.171224278401942,815.0,5.04,16.32,0.0
UberX,completed,2024-08-29T13:36:46.000Z,2024-08-29T13:47:20.000Z,2024-08-29T14:04:03.000Z,3.255646160166686,982.0,5.04,15.91,0.0
UberX,completed,2024-08-29T14:02:43.000Z,2024-08-29T14:16:19.000Z,2024-08-29T14:34:21.000Z,5.813126478750907,1082.0,5.04,23.57,0.0
UberX,completed,2024-08-29T14:33:41.000Z,2024-08-29T14:37:26.000Z,2024-08-29T14:46:34.000Z,2.0186768101376877,543.0,5.04,10.85,0.0
UberX,completed,2024-08-29T14:47:22.000Z,2024-08-29T14:52:33.000Z,2024-08-29T15:19:21.000Z,4.305976834604267,1608.0,5.04,17.91,0.0
UberX,completed,2024-08-29T15:13:25.000Z,2024-08-29T15:26:42.000Z,2024-08-29T15:31:24.000Z,1.1533349581191503,276.0,5.04,10.0,0.0
UberX,completed,2024-08-29T15:29:59.000Z,2024-08-29T15:33:31.000Z,2024-08-29T15:42:11.000Z,1.8825390014245025,520.0,5.04,11.0,0.0
UberX,completed,2024-08-29T17:18:52.000Z,2024-08-29T17:28:58.000Z,2024-08-29T17:42:22.000Z,3.2447244708170486,792.0,5.04,13.79,0.0
UberX,completed,2024-08-29T17:38:44.000Z,2024-08-29T17:47:36.000Z,2024-08-29T17:53:12.000Z,1.3918405562651983,311.0,5.04,11.0,0.0
UberX,completed,2024-08-29T17:58:58.000Z,2024-08-29T18:02:09.000Z,2024-08-29T18:07:56.000Z,1.2085151378589982,347.0,5.04,11.0,0.0
UberX,completed,2024-08-29T18:38:59.000Z,2024-08-29T18:44:33.000Z,2024-08-29T18:59:02.000Z,4.528939875754402,869.0,5.04,14.94,0.0
UberX,completed,2024-08-30T08:23:41.000Z,2024-08-30T08:28:30.000Z,2024-08-30T08:37:16.000Z,2.959939989915085,526.0,5.04,13.99,0.0
UberX,completed,2024-08-30T09:12:26.000Z,2024-08-30T09:20:25.000Z,2024-08-30T09:27:26.000Z,1.595146307507151,378.0,5.04,11.93,0.0
UberX,completed,2024-08-30T09:23:58.000Z,2024-08-30T09:32:10.000Z,2024-08-30T09:43:31.000Z,2.6324240153136538,681.0,5.04,12.96,0.0
UberX,completed,2024-08-30T09:37:51.000Z,2024-08-30T09:50:28.000Z,2024-08-30T10:09:11.000Z,5.215021843021437,1123.0,5.04,18.6,0.0
UberX,completed,2024-08-30T17:00:22.000Z,2024-08-30T17:04:39.000Z,2024-08-30T17:17:01.000Z,2.5740886397434783,732.0,5.04,13.91,0.0
UberX,rider_canceled,2024-08-30T17:15:19.000Z,,,0.0,0.0,,5.5,5.09
UberX,completed,2024-08-30T17:29:05.000Z,2024-08-30T17:34:21.000Z,2024-08-30T17:46:10.000Z,4.124628610152872,688.0,5.04,15.18,0.0
UberX,rider_canceled,2024-08-30T17:41:13.000Z,,,0.0,0.0,,0.0,0.0
UberX,completed,2024-08-30T17:44:56.000Z,2024-08-30T17:50:56.000Z,2024-08-30T18:06:36.000Z,4.303723606469347,817.0,5.04,19.01,0.0
UberX,completed,2024-08-30T17:55:17.000Z,2024-08-30T18:13:02.000Z,2024-08-30T18:17:42.000Z,1.3665857512017694,280.0,5.04,13.0,0.0
UberX,completed,2024-08-30T18:15:00.000Z,2024-08-30T18:25:34.000Z,2024-08-30T18:36:02.000Z,2.0087050167865605,628.0,5.04,18.96,0.0
UberX,completed,2024-08-30T18:41:16.000Z,2024-08-30T18:50:06.000Z,2024-08-30T19:00:46.000Z,3.3067888123499656,640.0,5.04,13.91,0.0
UberX,completed,2024-08-30T18:57:42.000Z,2024-08-30T19:04:06.000Z,2024-08-30T19:18:32.000Z,3.444514040961082,852.0,5.04,15.97,0.0
UberX,rider_canceled,2024-08-30T19:14:39.000Z,,,0.0,0.0,,0.0,0.0
UberX,completed,2024-08-30T19:18:08.000Z,2024-08-30T19:26:50.000Z,2024-08-30T19:42:40.000Z,3.870907451809231,950.0,5.04,17.99,0.0
UberX,completed,2024-08-30T19:41:30.000Z,2024-08-30T19:50:05.000Z,2024-08-30T20:12:39.000Z,7.202026305560633,1317.0,5.04,31.6,0.0
UberX,completed,2024-08-30T22:48:05.000Z,2024-08-30T22:53:45.000Z,2024-08-30T23:00:48.000Z,2.855314853346957,403.0,5.04,11.91,0.0
UberX,completed,2024-08-30T22:57:28.000Z,2024-08-30T23:05:06.000Z,2024-08-30T23:14:30.000Z,2.688183033376954,564.0,5.04,11.95,0.0
UberX,completed,2024-08-30T23:18:47.000Z,2024-08-30T23:21:32.000Z,2024-08-30T23:37:49.000Z,5.044063472482404,946.0,5.04,20.64,0.0
UberX,completed,2024-08-31T02:20:37.000Z,2024-08-31T02:36:20.000Z,2024-08-31T02:45:19.000Z,3.895791487785185,539.0,5.04,17.89,0.0
UberX,completed,2024-08-31T02:51:47.000Z,2024-08-31T02:56:28.000Z,2024-08-31T03:05:57.000Z,3.934914189782925,569.0,5.04,12.1,0.0
UberX,completed,2024-08-31T15:46:15.000Z,2024-08-31T15:51:53.000Z,2024-08-31T16:00:03.000Z,2.1405334162888225,484.0,5.04,15.5,0.0
UberX,completed,2024-08-31T17:09:20.000Z,2024-08-31T17:12:31.000Z,2024-08-31T17:25:43.000Z,2.7573544027991104,792.0,5.04,18.94,0.0
UberX,completed,2024-08-31T17:20:43.000Z,2024-08-31T17:33:39.000Z,2024-08-31T17:37:30.000Z,1.012007838209113,231.0,5.04,11.93,0.0
UberX,completed,2024-08-31T19:47:50.000Z,2024-08-31T20:01:34.000Z,2024-08-31T20:08:21.000Z,2.5160299149904994,383.0,5.04,17.93,0.0
UberX,rider_canceled,2024-08-31T19:59:22.000Z,,,0.0,0.0,,0.0,0.0
UberX,completed,2024-08-31T20:02:29.000Z,2024-08-31T20:16:21.000Z,2024-08-31T20:25:21.000Z,2.3720171909405066,540.0,5.04,14.99,0.0
UberX,rider_canceled,2024-08-31T23:23:30.000Z,,,0.0,0.0,,0.0,0.0
UberX,completed,2024-08-31T23:24:52.000Z,2024-08-31T23:49:02.000Z,2024-08-31T23:55:05.000Z,2.3283887711786138,363.0,5.04,15.65,0.0
UberX,completed,2024-09-01T14:00:25.000Z,2024-09-01T14:20:23.000Z,2024-09-01T14:38:42.000Z,8.277377124031359,1099.0,5.04,33.9,0.0
UberX,completed,2024-09-01T14:31:25.000Z,2024-09-01T14:46:10.000Z,2024-09-01T15:00:28.000Z,6.435376620417658,858.0,5.04,27.9,0.0
UberX,completed,2024-09-01T15:00:25.000Z,2024-09-01T15:10:11.000Z,2024-09-01T15:16:52.000Z,2.9661940081396687,394.0,5.04,14.9,0.0
UberX,completed,2024-09-01T15:11:14.000Z,2024-09-01T15:26:11.000Z,2024-09-01T15:33:11.000Z,3.061640102318576,420.0,5.04,14.99,0.0
UberX,completed,2024-09-01T16:24:25.000Z,2024-09-01T16:26:50.000Z,2024-09-01T16:32:42.000Z,2.4796398322495627,325.0,5.04,10.93,0.0
UberX,completed,2024-09-01T16:45:25.000Z,2024-09-01T16:50:16.000Z,2024-09-01T16:57:48.000Z,3.058496015378849,452.0,5.04,13.94,0.0
UberX,completed,2024-09-01T16:56:07.000Z,2024-09-01T17:02:45.000Z,2024-09-01T17:09:51.000Z,2.120971243582192,405.0,5.04,12.17,0.0
UberX,completed,2024-09-01T17:08:03.000Z,2024-09-01T17:16:41.000Z,2024-09-01T17:28:24.000Z,4.336025034043411,676.0,5.04,16.9,0.0
UberX,completed,2024-09-01T18:12:20.000Z,2024-09-01T18:17:30.000Z,2024-09-01T18:28:05.000Z,2.798957688922074,635.0,5.04,14.98,0.0
UberX,completed,2024-09-01T18:28:27.000Z,2024-09-01T18:37:49.000Z,2024-09-01T18:51:08.000Z,4.524503192058135,799.0,5.04,16.63,0.0
UberX,rider_canceled,2024-09-02T10:57:51.000Z,,,0.0,0.0,,0.0,0.0
UberX,completed,2024-09-02T11:01:59.000Z,2024-09-02T11:17:55.000Z,2024-09-02T11:26:59.000Z,3.5656997168309497,544.0,5.04,19.07,0.0
UberX,completed,2024-09-02T11:27:12.000Z,2024-09-02T11:35:45.000Z,2024-09-02T11:40:50.000Z,1.8412713381913857,290.0,5.04,14.98,0.0
UberX,completed,2024-09-02T11:41:33.000Z,2024-09-02T11:55:52.000Z,2024-09-02T12:03:20.000Z,1.3640528140649493,427.0,5.04,12.0,0.0
UberX,completed,2024-09-02T11:56:28.000Z,2024-09-02T12:05:14.000Z,2024-09-02T12:16:56.000Z,3.8406798431233073,661.0,5.04,20.8,0.0
UberX,completed,2024-09-02T12:18:40.000Z,2024-09-02T12:26:49.000Z,2024-09-02T12:32:31.000Z,1.1752587070969436,342.0,5.04,13.0,0.0
UberX,completed,2024-09-02T12:31:18.000Z,2024-09-02T12:38:34.000Z,2024-09-02T12:54:00.000Z,3.012904910444851,926.0,5.04,15.1,0.0
UberX,completed,2024-09-02T12:48:49.000Z,2024-09-02T12:57:45.000Z,2024-09-02T13:03:05.000Z,1.5276282415461275,320.0,5.04,12.94,0.0
UberX,completed,2024-09-02T12:58:51.000Z,2024-09-02T13:11:10.000Z,2024-09-02T13:26:25.000Z,4.247147207925035,840.0,5.04,23.07,0.0
UberX,completed,2024-09-02T13:12:41.000Z,2024-09-02T13:27:07.000Z,2024-09-02T13:45:34.000Z,5.836301288904214,1104.0,5.04,24.97,0.0
UberX,completed,2024-09-02T13:39:54.000Z,2024-09-02T13:51:34.000Z,2024-09-02T13:59:27.000Z,2.2116794729034472,473.0,5.04,18.7,0.0
UberX,completed,2024-09-02T13:51:25.000Z,2024-09-02T14:06:14.000Z,2024-09-02T14:10:56.000Z,1.6844411065047888,282.0,5.04,12.0,0.0
UberX,completed,2024-09-02T15:03:35.000Z,2024-09-02T15:15:23.000Z,2024-09-02T15:22:06.000Z,1.3567731035227306,395.0,5.04,12.0,0.0
UberX,completed,2024-09-02T15:15:14.000Z,2024-09-02T15:31:25.000Z,2024-09-02T15:47:35.000Z,3.0177905545704298,945.0,5.04,17.68,0.0
UberX,completed,2024-09-02T16:21:44.000Z,2024-09-02T16:27:07.000Z,2024-09-02T16:40:19.000Z,2.78832871,792.0,5.04,14.98,0.0
UberX,completed,2024-09-02T17:15:08.000Z,2024-09-02T17:20:19.000Z,2024-09-02T17:40:45.000Z,6.353986546,1226.0,5.04,25.98,0.0
UberX,completed,2024-09-02T17:39:27.000Z,2024-09-02T17:45:58.000Z,2024-09-02T18:02:06.000Z,6.666954626916982,948.0,5.04,23.85,0.0
UberX,completed,2024-09-03T12:35:48.000Z,2024-09-03T12:41:31.000Z,2024-09-03T12:51:03.000Z,2.107835816861772,572.0,5.04,11.46,0.0
UberX,completed,2024-09-03T12:49:04.000Z,2024-09-03T12:56:30.000Z,2024-09-03T13:02:51.000Z,1.3482105591554967,381.0,5.04,10.0,0.0
UberX,completed,2024-09-03T13:11:48.000Z,2024-09-03T13:18:11.000Z,2024-09-03T13:23:05.000Z,1.6832468490193262,294.0,5.04,10.21,0.0
UberX,completed,2024-09-03T13:50:00.000Z,2024-09-03T13:57:07.000Z,2024-09-03T14:10:21.000Z,4.127576115344913,794.0,5.04,16.72,0.0
UberX,completed,2024-09-03T14:14:09.000Z,2024-09-03T14:19:55.000Z,2024-09-03T14:30:49.000Z,1.8094371755597336,654.0,5.04,11.63,0.0
UberX,completed,2024-09-03T14:24:19.000Z,2024-09-03T14:34:18.000Z,2024-09-03T14:42:58.000Z,1.595598450554652,505.0,5.04,13.0,0.0
UberX,completed,2024-09-03T14:41:49.000Z,2024-09-03T14:49:05.000Z,2024-09-03T14:58:18.000Z,2.678120663036434,553.0,5.04,11.79,0.0
UberX,completed,2024-09-03T14:55:01.000Z,2024-09-03T15:08:30.000Z,2024-09-03T15:13:03.000Z,0.871133574,250.0,5.04,15.0,0.0
UberX,completed,2024-09-03T15:10:36.000Z,2024-09-03T15:18:17.000Z,2024-09-03T15:30:39.000Z,3.370002865867775,702.0,5.04,18.03,0.0
UberX,completed,2024-09-03T15:28:26.000Z,2024-09-03T15:34:24.000Z,2024-09-03T15:48:28.000Z,4.723807108968696,844.0,5.04,17.58,0.0
UberX,rider_canceled,2024-09-03T15:42:40.000Z,,,0.0,0.0,,0.0,0.0
UberX,completed,2024-09-03T15:43:52.000Z,2024-09-03T15:53:03.000Z,2024-09-03T16:04:15.000Z,2.4473789592044284,672.0,5.04,15.01,0.0
UberX,completed,2024-09-03T15:58:58.000Z,2024-09-03T16:10:09.000Z,2024-09-03T16:26:23.000Z,3.726963014637686,974.0,5.04,23.79,0.0
UberX,completed,2024-09-03T17:29:35.000Z,2024-09-03T17:38:29.000Z,2024-09-03T17:50:16.000Z,3.587634301345662,707.0,5.04,14.99,0.0
UberX,completed,2024-09-03T17:57:02.000Z,2024-09-03T18:00:18.000Z,2024-09-03T18:12:56.000Z,3.950203001675757,712.0,5.04,15.35,0.0
UberX,completed,2024-09-03T18:32:10.000Z,2024-09-03T18:35:37.000Z,2024-09-03T18:44:36.000Z,2.5261910483206527,539.0,5.04,11.66,0.0
UberX,completed,2024-09-03T18:44:22.000Z,2024-09-03T18:46:36.000Z,2024-09-03T19:00:58.000Z,8.973017991439365,862.0,5.04,35.77,0.0
UberX,completed,2024-09-04T06:46:18.000Z,2024-09-04T06:56:00.000Z,2024-09-04T07:03:30.000Z,2.7104228795233007,450.0,5.04,12.26,0.0
UberX,rider_canceled,2024-09-04T07:09:24.000Z,,,0.0,0.0,,0.0,0.0
UberX,completed,2024-09-04T07:11:11.000Z,2024-09-04T07:18:19.000Z,2024-09-04T07:27:14.000Z,2.890053929984697,512.0,5.04,12.69,0.0
UberX,rider_canceled,2024-09-04T07:51:21.000Z,,,0.0,0.0,,0.0,0.0
UberX,completed,2024-09-04T09:21:30.000Z,2024-09-04T09:25:48.000Z,2024-09-04T09:42:57.000Z,4.264512970754071,991.0,5.04,16.94,0.0
UberX,completed,2024-09-04T10:26:26.000Z,2024-09-04T10:36:53.000Z,2024-09-04T10:43:40.000Z,1.2966147288254728,399.0,5.04,10.0,0.0
UberX,completed,2024-09-04T15:13:37.000Z,2024-09-04T15:26:13.000Z,2024-09-04T15:46:53.000Z,5.594209382369458,1240.0,5.04,22.69,0.0
UberX,completed,2024-09-04T15:41:36.000Z,2024-09-04T15:52:02.000Z,2024-09-04T16:01:53.000Z,4.265726587,591.0,5.04,19.99,0.0
UberX,rider_canceled,2024-09-04T17:29:21.000Z,,,0.0,0.0,,0.0,0.0
UberX,completed,2024-09-05T10:44:54.000Z,2024-09-05T10:48:28.000Z,2024-09-05T10:57:04.000Z,2.875803758587691,510.0,5.04,11.96,0.0
UberX,completed,2024-09-05T11:19:20.000Z,2024-09-05T11:23:59.000Z,2024-09-05T11:31:10.000Z,3.048379584865765,431.0,5.04,12.89,0.0
UberX,completed,2024-09-05T11:35:23.000Z,2024-09-05T11:42:28.000Z,2024-09-05T11:52:15.000Z,4.063278836907521,579.0,5.04,15.98,0.0
UberX,completed,2024-09-05T11:51:59.000Z,2024-09-05T11:56:18.000Z,2024-09-05T12:06:05.000Z,2.6295539590236547,587.0,5.04,11.93,0.0
UberX,completed,2024-09-05T12:06:15.000Z,2024-09-05T12:13:53.000Z,2024-09-05T12:21:02.000Z,1.9222860154738115,429.0,5.04,10.9,0.0
UberX,completed,2024-09-05T12:37:40.000Z,2024-09-05T12:42:45.000Z,2024-09-05T12:49:57.000Z,2.3251238317791554,432.0,5.04,11.97,0.0
UberX,completed,2024-09-05T13:17:10.000Z,2024-09-05T13:23:07.000Z,2024-09-05T13:32:16.000Z,4.134009770371011,538.0,5.04,16.22,0.0
UberX,completed,2024-09-05T14:38:39.000Z,2024-09-05T14:42:50.000Z,2024-09-05T14:48:55.000Z,1.654713400121101,363.0,5.04,10.94,0.0
UberX,completed,2024-09-05T14:50:33.000Z,2024-09-05T14:59:38.000Z,2024-09-05T15:06:26.000Z,1.8514166116946305,400.0,5.04,10.93,0.0
UberX,completed,2024-09-05T15:07:02.000Z,2024-09-05T15:15:39.000Z,2024-09-05T15:32:53.000Z,3.224752192782463,1011.0,5.04,15.52,0.0
UberX,completed,2024-09-05T15:33:27.000Z,2024-09-05T15:41:11.000Z,2024-09-05T15:56:15.000Z,4.813185848308096,897.0,5.04,19.18,0.0
UberX,completed,2024-09-05T17:07:32.000Z,2024-09-05T17:13:01.000Z,2024-09-05T17:17:11.000Z,1.1626739841431186,230.0,5.04,10.0,0.0
UberX,completed,2024-09-05T17:16:52.000Z,2024-09-05T17:19:22.000Z,2024-09-05T17:27:35.000Z,1.8691426078120967,493.0,5.04,10.84,0.0
UberX,completed,2024-09-05T19:26:33.000Z,2024-09-05T19:30:25.000Z,2024-09-05T19:36:43.000Z,1.3696553453504474,378.0,5.04,10.0,0.0
UberX,completed,2024-09-05T19:33:22.000Z,2024-09-05T19:39:38.000Z,2024-09-05T19:43:12.000Z,0.7162227305333343,207.0,5.04,10.0,0.0
UberX,completed,2024-09-06T07:35:50.000Z,2024-09-06T08:05:35.000Z,2024-09-06T08:22:51.000Z,5.248674054879014,1036.0,5.04,21.57,0.0
UberX,completed,2024-09-06T08:25:46.000Z,2024-09-06T08:31:24.000Z,2024-09-06T08:41:15.000Z,2.125020692101542,548.0,5.04,11.92,0.0
UberX,rider_canceled,2024-09-06T08:39:15.000Z,,,0.0,0.0,,0.0,0.0
UberX,completed,2024-09-06T15:02:13.000Z,2024-09-06T15:18:11.000Z,2024-09-06T15:29:23.000Z,2.604299827149707,672.0,5.04,17.88,0.0
UberX,completed,2024-09-06T15:20:03.000Z,2024-09-06T15:35:03.000Z,2024-09-06T15:53:20.000Z,3.7107900793285498,1077.0,5.04,21.7,0.0
UberX,completed,2024-09-06T15:52:54.000Z,2024-09-06T16:02:21.000Z,2024-09-06T16:18:34.000Z,6.430328428951127,965.0,5.04,26.43,0.0
UberX,completed,2024-09-06T16:12:33.000Z,2024-09-06T16:26:30.000Z,2024-09-06T16:36:35.000Z,1.48632647,583.0,5.04,16.19,0.0
UberX,completed,2024-09-06T16:33:31.000Z,2024-09-06T16:41:48.000Z,2024-09-06T16:50:01.000Z,1.904431204537695,483.0,5.04,14.96,0.0
UberX,completed,2024-09-06T16:48:27.000Z,2024-09-06T16:55:36.000Z,2024-09-06T17:07:36.000Z,3.296507651522769,683.0,5.04,15.94,0.0
UberX,completed,2024-09-06T17:07:22.000Z,2024-09-06T17:11:27.000Z,2024-09-06T17:29:49.000Z,6.591988787916195,1088.0,5.04,25.41,0.0
UberX,completed,2024-09-06T18:30:13.000Z,2024-09-06T18:35:03.000Z,2024-09-06T18:47:43.000Z,3.999879134234841,760.0,5.04,17.93,0.0
UberX,completed,2024-09-06T18:58:42.000Z,2024-09-06T19:03:27.000Z,2024-09-06T19:18:06.000Z,5.040249612904159,879.0,5.04,17.95,0.0
UberX,completed,2024-09-06T19:20:25.000Z,2024-09-06T19:24:47.000Z,2024-09-06T19:46:35.000Z,7.6645413008494705,1308.0,5.04,28.81,0.0
UberX,completed,2024-09-06T19:48:12.000Z,2024-09-06T19:52:11.000Z,2024-09-06T20:01:08.000Z,2.8487986978846407,530.0,5.04,12.53,0.0
UberX,completed,2024-09-06T19:59:46.000Z,2024-09-06T20:05:19.000Z,2024-09-06T20:12:37.000Z,1.5793673023025034,438.0,5.04,10.0,0.0
UberX,rider_canceled,2024-09-06T20:12:34.000Z,,,0.0,0.0,,0.0,0.0
UberX,rider_canceled,2024-09-06T20:12:50.000Z,,,0.0,0.0,,0.0,0.0
UberX,rider_canceled,2024-09-06T20:14:02.000Z,,,0.0,0.0,,0.0,0.0
UberX,rider_canceled,2024-09-06T20:15:21.000Z,,,0.0,0.0,,0.0,0.0
UberX,completed,2024-09-06T20:52:26.000Z,2024-09-06T20:56:28.000Z,2024-09-06T21:14:48.000Z,3.895584030177514,1078.0,5.04,19.19,0.0
UberX,completed,2024-09-06T21:13:12.000Z,2024-09-06T21:22:16.000Z,2024-09-06T21:33:29.000Z,3.2196048904476515,673.0,5.04,15.08,0.0
UberX,completed,2024-09-06T21:29:28.000Z,2024-09-06T21:34:12.000Z,2024-09-06T21:39:58.000Z,1.8299283206102424,346.0,5.04,10.16,0.0
UberX,completed,2024-09-06T21:38:58.000Z,2024-09-06T21:41:51.000Z,2024-09-06T21:48:01.000Z,1.5818455441607897,370.0,5.04,10.0,0.0
UberX,completed,2024-09-06T21:46:23.000Z,2024-09-06T21:50:35.000Z,2024-09-06T21:55:46.000Z,1.6410971596276498,284.0,5.04,10.0,0.0
UberX,completed,2024-09-06T21:53:47.000Z,2024-09-06T21:58:25.000Z,2024-09-06T22:08:49.000Z,3.336661719490242,624.0,5.04,13.95,0.0
UberX,completed,2024-09-06T22:48:33.000Z,2024-09-06T22:55:55.000Z,2024-09-06T23:01:56.000Z,1.83320276158645,350.0,5.04,10.13,0.0
UberX,completed,2024-09-07T00:58:14.000Z,2024-09-07T01:04:34.000Z,2024-09-07T01:22:38.000Z,3.828917526126858,1033.0,5.04,20.37,0.0
UberX,completed,2024-09-07T01:21:44.000Z,2024-09-07T01:33:21.000Z,2024-09-07T01:50:02.000Z,6.546868555671423,957.0,5.04,31.28,0.0
UberX,completed,2024-09-07T01:44:23.000Z,2024-09-07T01:54:16.000Z,2024-09-07T01:57:32.000Z,0.7516477767759479,196.0,5.04,10.0,0.0
UberX,completed,2024-09-07T01:53:51.000Z,2024-09-07T02:02:01.000Z,2024-09-07T02:07:09.000Z,1.5782276699258275,308.0,5.04,10.0,0.0
UberX,completed,2024-09-07T02:02:44.000Z,2024-09-07T02:07:31.000Z,2024-09-07T02:18:59.000Z,4.178277864,688.0,5.04,16.44,0.0
UberX,completed,2024-09-07T02:55:25.000Z,2024-09-07T02:59:00.000Z,2024-09-07T03:04:49.000Z,1.9483982288263968,349.0,5.04,10.17,0.0
UberX,completed,2024-09-07T15:18:14.000Z,2024-09-07T15:22:46.000Z,2024-09-07T15:29:40.000Z,2.664759402153085,388.0,5.04,13.22,0.0
UberX,completed,2024-09-07T15:24:06.000Z,2024-09-07T15:36:07.000Z,2024-09-07T15:47:16.000Z,5.215448090834605,631.0,5.04,18.93,0.0
UberX,rider_canceled,2024-09-07T15:45:07.000Z,,,0.0,0.0,,0.0,0.0
UberX,completed,2024-09-07T15:47:21.000Z,2024-09-07T15:50:23.000Z,2024-09-07T15:56:28.000Z,1.5639007828699734,358.0,5.04,11.0,0.0
UberX,completed,2024-09-07T15:56:47.000Z,2024-09-07T16:03:07.000Z,2024-09-07T16:05:36.000Z,0.657825493,149.0,5.04,10.98,0.0
UberX,completed,2024-09-07T16:12:49.000Z,2024-09-07T16:16:56.000Z,2024-09-07T16:20:49.000Z,1.1382526789102911,225.0,5.04,11.0,0.0
UberX,completed,2024-09-07T17:22:05.000Z,2024-09-07T17:32:06.000Z,2024-09-07T17:59:21.000Z,11.251166048621196,1355.0,5.04,46.35,0.0
UberX,completed,2024-09-07T19:53:46.000Z,2024-09-07T19:57:12.000Z,2024-09-07T20:09:41.000Z,5.1072875398716455,685.0,5.04,17.85,0.0
UberX,completed,2024-09-07T20:05:49.000Z,2024-09-07T20:22:26.000Z,2024-09-07T20:41:22.000Z,10.310208513534665,1136.0,5.04,41.8,0.0
UberX,completed,2024-09-07T20:35:29.000Z,2024-09-07T20:47:20.000Z,2024-09-07T20:59:43.000Z,4.711481150175178,743.0,5.04,18.37,0.0
UberX,completed,2024-09-07T21:03:39.000Z,2024-09-07T21:10:44.000Z,2024-09-07T21:28:00.000Z,4.743477091384043,944.0,5.04,16.9,0.0
UberX,completed,2024-09-07T21:29:53.000Z,2024-09-07T21:37:53.000Z,2024-09-07T21:44:52.000Z,2.08523135595688,419.0,5.04,13.87,0.0
UberX,completed,2024-09-07T21:45:39.000Z,2024-09-07T21:53:33.000Z,2024-09-07T22:05:26.000Z,3.914556006672953,713.0,5.04,14.94,0.0
UberX,completed,2024-09-07T22:41:23.000Z,2024-09-07T22:49:55.000Z,2024-09-07T22:54:00.000Z,1.2842214278601576,245.0,5.04,10.3,0.0
UberX,completed,2024-09-08T01:08:19.000Z,2024-09-08T01:14:56.000Z,2024-09-08T01:23:49.000Z,3.778714371868044,533.0,5.04,15.72,0.0
UberX,completed,2024-09-08T01:15:49.000Z,2024-09-08T01:35:52.000Z,2024-09-08T01:49:12.000Z,5.082895261262108,800.0,5.04,24.24,0.0
UberX,completed,2024-09-08T14:55:01.000Z,2024-09-08T15:01:04.000Z,2024-09-08T15:12:16.000Z,3.461351018,672.0,5.04,15.97,0.0
UberX,completed,2024-09-09T10:38:35.000Z,2024-09-09T10:49:18.000Z,2024-09-09T10:58:36.000Z,3.989017327440655,558.0,5.04,15.62,0.0
UberX,completed,2024-09-09T11:44:17.000Z,2024-09-09T11:52:32.000Z,2024-09-09T12:06:46.000Z,2.912539176633766,854.0,5.04,13.56,0.0
UberX,completed,2024-09-09T12:00:08.000Z,2024-09-09T12:11:53.000Z,2024-09-09T12:22:04.000Z,3.916655615415312,611.0,5.04,14.52,0.0
UberX,completed,2024-09-09T12:21:23.000Z,2024-09-09T12:25:26.000Z,2024-09-09T12:33:10.000Z,1.503848447,464.0,5.04,10.0,0.0
UberX,completed,2024-09-09T14:10:36.000Z,2024-09-09T14:19:58.000Z,2024-09-09T14:26:53.000Z,1.0414173486650593,379.0,5.04,10.92,0.0
UberX,completed,2024-09-09T14:20:00.000Z,2024-09-09T14:29:44.000Z,2024-09-09T14:41:09.000Z,1.5501723542340828,685.0,5.04,10.01,0.0
UberX,completed,2024-09-09T14:38:42.000Z,2024-09-09T14:46:34.000Z,2024-09-09T14:54:42.000Z,1.8141691291123008,488.0,5.04,16.16,0.0
UberX,completed,2024-09-09T14:54:14.000Z,2024-09-09T14:58:08.000Z,2024-09-09T15:07:37.000Z,1.968075171368617,557.0,5.04,13.46,0.0
UberX,completed,2024-09-09T15:02:17.000Z,2024-09-09T15:07:45.000Z,2024-09-09T15:36:56.000Z,4.141674225,1741.0,5.04,20.46,0.0
UberX,rider_canceled,2024-09-09T15:32:09.000Z,,,0.0,0.0,,0.0,0.0
UberX,completed,2024-09-09T15:39:03.000Z,2024-09-09T15:47:33.000Z,2024-09-09T15:51:56.000Z,0.5173618486843071,233.0,5.04,12.96,0.0
UberX,completed,2024-09-09T15:55:01.000Z,2024-09-09T16:06:28.000Z,2024-09-09T16:19:50.000Z,3.438379511288395,802.0,5.04,13.92,0.0
UberX,completed,2024-09-09T16:13:08.000Z,2024-09-09T16:28:39.000Z,2024-09-09T16:38:08.000Z,2.2578942986739485,569.0,5.04,13.91,0.0
UberX,completed,2024-09-09T17:01:43.000Z,2024-09-09T17:08:59.000Z,2024-09-09T17:25:02.000Z,2.406955420593215,956.0,5.04,11.91,0.0
UberX,completed,2024-09-09T17:22:53.000Z,2024-09-09T17:35:15.000Z,2024-09-09T17:44:06.000Z,2.1795876002709624,531.0,5.04,12.82,0.0
UberX,completed,2024-09-09T17:37:19.000Z,2024-09-09T17:51:21.000Z,2024-09-09T18:23:49.000Z,6.409232296122179,1903.0,5.04,31.95,0.0
UberX,completed,2024-09-10T11:17:13.000Z,2024-09-10T11:23:54.000Z,2024-09-10T11:39:16.000Z,4.693562677577573,911.0,5.04,17.57,0.0
UberX,completed,2024-09-10T11:37:15.000Z,2024-09-10T11:42:05.000Z,2024-09-10T11:46:19.000Z,0.8449783454936305,254.0,5.04,10.0,0.0
UberX,completed,2024-09-10T14:16:33.000Z,2024-09-10T14:22:59.000Z,2024-09-10T14:36:51.000Z,3.260236270229394,832.0,5.04,14.97,0.0
UberX,completed,2024-09-10T14:36:10.000Z,2024-09-10T14:43:33.000Z,2024-09-10T14:56:45.000Z,2.192474176,792.0,5.04,12.91,0.0
UberX,completed,2024-09-10T15:05:44.000Z,2024-09-10T15:14:36.000Z,2024-09-10T15:30:24.000Z,4.541535818,924.0,5.04,19.98,0.0
UberX,completed,2024-09-10T15:28:46.000Z,2024-09-10T15:32:51.000Z,2024-09-10T15:56:26.000Z,3.651657223640679,1415.0,5.04,18.98,0.0
UberX,completed,2024-09-10T15:58:07.000Z,2024-09-10T16:02:26.000Z,2024-09-10T16:17:21.000Z,4.185408240695573,895.0,5.04,18.28,0.0
UberX,rider_canceled,2024-09-10T16:15:45.000Z,,,0.0,0.0,,5.5,5.09
UberX,rider_canceled,2024-09-10T16:19:44.000Z,,,0.0,0.0,,0.0,0.0
UberX,completed,2024-09-10T16:20:19.000Z,2024-09-10T16:26:47.000Z,2024-09-10T16:41:32.000Z,2.0940918299932214,866.0,5.04,13.41,0.0
UberX,completed,2024-09-10T16:36:34.000Z,2024-09-10T16:44:20.000Z,2024-09-10T17:00:17.000Z,2.866983110802496,931.0,5.04,15.57,0.0
UberX,completed,2024-09-10T16:58:12.000Z,2024-09-10T17:05:25.000Z,2024-09-10T17:11:14.000Z,1.5722327240111724,349.0,5.04,10.84,0.0
UberX,completed,2024-09-10T17:10:42.000Z,2024-09-10T17:21:15.000Z,2024-09-10T17:34:33.000Z,3.582919643866117,763.0,5.04,16.39,0.0
UberX,completed,2024-09-10T17:54:15.000Z,2024-09-10T17:56:24.000Z,2024-09-10T18:07:59.000Z,4.871728277864728,695.0,5.04,17.97,0.0
UberX,completed,2024-09-11T11:09:49.000Z,2024-09-11T11:11:10.000Z,2024-09-11T11:14:02.000Z,0.5813935756163018,172.0,5.04,10.0,0.0
UberX,completed,2024-09-11T12:20:59.000Z,2024-09-11T12:26:20.000Z,2024-09-11T12:32:43.000Z,1.5667140365119752,355.0,5.04,10.01,0.0
UberX,completed,2024-09-11T13:18:16.000Z,2024-09-11T13:21:47.000Z,2024-09-11T13:31:54.000Z,6.120340620136053,607.0,5.04,22.83,0.0
UberX,completed,2024-09-11T13:52:39.000Z,2024-09-11T13:57:13.000Z,2024-09-11T14:04:44.000Z,2.363900501282997,451.0,5.04,10.94,0.0
UberX,completed,2024-09-11T16:29:38.000Z,2024-09-11T16:33:24.000Z,2024-09-11T16:50:44.000Z,4.539730818,1018.0,5.04,18.84,0.0
UberX,completed,2024-09-11T16:55:42.000Z,2024-09-11T17:01:36.000Z,2024-09-11T17:08:17.000Z,3.0828604437905462,393.0,5.04,12.91,0.0
UberX,completed,2024-09-11T17:42:09.000Z,2024-09-11T17:51:11.000Z,2024-09-11T18:03:13.000Z,3.278753353543092,714.0,5.04,13.88,0.0
UberX,completed,2024-09-11T18:04:23.000Z,2024-09-11T18:08:50.000Z,2024-09-11T18:18:02.000Z,2.492100789882319,509.0,5.04,11.95,0.0
UberX,completed,2024-09-11T19:04:35.000Z,2024-09-11T19:08:52.000Z,2024-09-11T19:14:15.000Z,0.7956960884472924,323.0,5.04,10.0,0.0
UberX,completed,2024-09-12T11:31:50.000Z,2024-09-12T11:37:22.000Z,2024-09-12T11:52:45.000Z,2.1570239505648265,923.0,5.04,12.73,0.0
UberX,completed,2024-09-12T11:43:43.000Z,2024-09-12T11:57:49.000Z,2024-09-12T12:05:46.000Z,1.8611377104491045,477.0,5.04,11.33,0.0
UberX,completed,2024-09-12T13:01:27.000Z,2024-09-12T13:07:33.000Z,2024-09-12T13:12:46.000Z,1.154282323814131,305.0,5.04,10.0,0.0
UberX,completed,2024-09-12T13:14:35.000Z,2024-09-12T13:15:36.000Z,2024-09-12T13:25:45.000Z,3.174732632918118,591.0,5.04,11.97,0.0
UberX,completed,2024-09-12T13:38:25.000Z,2024-09-12T13:45:35.000Z,2024-09-12T13:52:11.000Z,1.8603458017338517,385.0,5.04,10.08,0.0
UberX,completed,2024-09-12T13:52:28.000Z,2024-09-12T13:58:44.000Z,2024-09-12T14:10:50.000Z,3.210928619519833,712.0,5.04,14.14,0.0
UberX,rider_canceled,2024-09-12T14:26:49.000Z,,,0.0,0.0,,0.0,0.0
UberX,completed,2024-09-12T14:31:36.000Z,2024-09-12T14:35:13.000Z,2024-09-12T15:00:38.000Z,13.68446584651798,1525.0,5.04,57.92,0.0
UberX,completed,2024-09-12T15:16:21.000Z,2024-09-12T15:19:05.000Z,2024-09-12T15:27:32.000Z,3.3294187290683963,507.0,5.04,15.92,0.0
UberX,completed,2024-09-12T15:25:06.000Z,2024-09-12T15:33:49.000Z,2024-09-12T15:39:14.000Z,1.273467965135609,325.0,5.04,13.92,0.0
UberX,completed,2024-09-12T15:38:10.000Z,2024-09-12T15:44:41.000Z,2024-09-12T16:02:35.000Z,10.985120397422948,1074.0,5.04,51.9,0.0
UberX,completed,2024-09-12T17:19:35.000Z,2024-09-12T17:32:53.000Z,2024-09-12T17:46:54.000Z,4.307181437793788,841.0,5.04,15.19,0.0
UberX,rider_canceled,2024-09-12T17:45:29.000Z,,,0.0,0.0,,0.0,0.0
UberX,completed,2024-09-12T17:47:30.000Z,2024-09-12T17:56:43.000Z,2024-09-12T18:08:26.000Z,3.114500667741877,703.0,5.04,13.95,0.0
UberX,completed,2024-09-12T18:14:22.000Z,2024-09-12T18:20:03.000Z,2024-09-12T18:30:08.000Z,3.449010196723826,605.0,5.04,13.98,0.0
UberX,completed,2024-09-12T18:30:36.000Z,2024-09-12T18:36:16.000Z,2024-09-12T18:44:11.000Z,2.305058142273165,475.0,5.04,11.86,0.0
UberX,completed,2024-09-13T12:38:00.000Z,2024-09-13T12:46:12.000Z,2024-09-13T13:02:28.000Z,1.423700252909908,971.0,5.04,10.0,0.0
UberX,completed,2024-09-13T13:02:20.000Z,2024-09-13T13:08:17.000Z,2024-09-13T13:15:00.000Z,1.0307919235543976,403.0,5.04,10.0,0.0
UberX,completed,2024-09-13T13:16:06.000Z,2024-09-13T13:20:11.000Z,2024-09-13T13:31:10.000Z,4.073996197870217,659.0,5.04,13.91,0.0
UberX,completed,2024-09-13T14:12:38.000Z,2024-09-13T14:17:07.000Z,2024-09-13T14:32:45.000Z,3.759612893562599,938.0,5.04,20.03,0.0
UberX,completed,2024-09-13T14:30:31.000Z,2024-09-13T14:35:59.000Z,2024-09-13T14:51:06.000Z,2.2629216197399047,898.0,5.04,12.93,0.0
UberX,completed,2024-09-13T14:52:10.000Z,2024-09-13T14:57:54.000Z,2024-09-13T15:06:08.000Z,2.6238129213420667,494.0,5.04,13.48,0.0
UberX,completed,2024-09-13T15:06:03.000Z,2024-09-13T15:14:04.000Z,2024-09-13T15:32:16.000Z,5.260186287191535,1076.0,5.04,17.98,0.0
UberX,rider_canceled,2024-09-13T15:29:15.000Z,,,0.0,0.0,,0.0,0.0
UberX,completed,2024-09-13T15:31:13.000Z,2024-09-13T15:44:50.000Z,2024-09-13T16:04:29.000Z,6.466544514967207,1179.0,5.04,26.28,0.0
UberX,rider_canceled,2024-09-13T15:47:26.000Z,,,0.0,0.0,,0.0,0.0
UberX,completed,2024-09-13T16:09:18.000Z,2024-09-13T16:19:47.000Z,2024-09-13T16:40:59.000Z,6.525163745742682,1272.0,5.04,30.91,0.0
UberX,completed,2024-09-13T16:41:23.000Z,2024-09-13T16:48:48.000Z,2024-09-13T17:04:08.000Z,6.5503004338910245,905.0,5.04,50.99,0.0
UberX,completed,2024-09-13T18:33:27.000Z,2024-09-13T18:39:52.000Z,2024-09-13T18:45:39.000Z,1.7692749037716202,340.0,5.04,11.0,0.0
UberX,completed,2024-09-13T18:46:34.000Z,2024-09-13T18:51:20.000Z,2024-09-13T18:57:33.000Z,2.008200164487683,373.0,5.04,10.46,0.0
UberX,rider_canceled,2024-09-13T18:54:42.000Z,,,0.0,0.0,,0.0,0.0
UberX,completed,2024-09-13T18:56:17.000Z,2024-09-13T19:05:48.000Z,2024-09-13T19:10:18.000Z,1.4313950345366522,270.0,5.04,10.0,0.0
UberX,completed,2024-09-13T19:17:38.000Z,2024-09-13T19:22:00.000Z,2024-09-13T19:30:41.000Z,3.941921801571604,521.0,5.04,15.43,0.0
UberX,completed,2024-09-13T19:33:38.000Z,2024-09-13T19:41:53.000Z,2024-09-13T19:51:46.000Z,3.8105839994373634,593.0,5.04,13.77,0.0
UberX,completed,2024-09-13T19:54:44.000Z,2024-09-13T20:00:46.000Z,2024-09-13T20:12:43.000Z,2.707723554466191,669.0,5.04,11.99,0.0
UberX,completed,2024-09-13T20:34:45.000Z,2024-09-13T20:41:01.000Z,2024-09-13T20:46:26.000Z,1.5258541737612448,325.0,5.04,10.97,0.0
UberX,completed,2024-09-13T20:43:18.000Z,2024-09-13T20:49:23.000Z,2024-09-13T20:57:14.000Z,3.6904662727254167,471.0,5.04,13.99,0.0
UberX,completed,2024-09-13T21:05:52.000Z,2024-09-13T21:09:44.000Z,2024-09-13T21:26:21.000Z,8.339535125769567,978.0,5.04,34.16,0.0
UberX,completed,2024-09-13T21:28:13.000Z,2024-09-13T21:32:10.000Z,2024-09-13T21:36:15.000Z,1.3366052752368462,245.0,5.04,10.0,0.0
UberX,completed,2024-09-13T21:38:21.000Z,2024-09-13T21:41:09.000Z,2024-09-13T21:48:09.000Z,3.2049330831525413,420.0,5.04,11.78,0.0
UberX,completed,2024-09-13T22:28:08.000Z,2024-09-13T22:35:44.000Z,2024-09-13T22:50:49.000Z,5.337535023334804,905.0,5.04,21.23,0.0
UberX,completed,2024-09-13T22:56:10.000Z,2024-09-13T23:02:41.000Z,2024-09-13T23:15:35.000Z,4.490542318,774.0,5.04,16.42,0.0
UberX,completed,2024-09-13T23:20:33.000Z,2024-09-13T23:31:25.000Z,2024-09-13T23:45:48.000Z,6.197125147953496,846.0,5.04,24.64,0.0
UberX,completed,2024-09-13T23:39:43.000Z,2024-09-13T23:49:10.000Z,2024-09-13T23:56:08.000Z,1.983172161118956,418.0,5.04,10.0,0.0
UberX,completed,2024-09-14T00:29:14.000Z,2024-09-14T00:34:18.000Z,2024-09-14T00:44:40.000Z,4.559853276413795,622.0,5.04,17.27,0.0
UberX,completed,2024-09-14T01:27:20.000Z,2024-09-14T01:32:29.000Z,2024-09-14T01:35:05.000Z,0.7251888599931805,156.0,5.04,10.0,0.0
UberX,rider_canceled,2024-09-14T01:38:45.000Z,,,0.0,0.0,,0.0,0.0
UberX,completed,2024-09-14T01:40:57.000Z,2024-09-14T01:43:56.000Z,2024-09-14T01:51:21.000Z,2.008960517030001,445.0,5.04,12.38,0.0
UberX,completed,2024-09-14T01:51:42.000Z,2024-09-14T01:59:21.000Z,2024-09-14T02:07:55.000Z,3.224250448749546,514.0,5.04,12.04,0.0
UberX,completed,2024-09-14T02:34:01.000Z,2024-09-14T02:38:56.000Z,2024-09-14T02:44:26.000Z,2.0034579984256022,330.0,5.04,10.15,0.0
UberX,completed,2024-09-14T02:38:21.000Z,2024-09-14T02:49:56.000Z,2024-09-14T03:01:24.000Z,4.722307130355084,688.0,5.04,18.48,0.0
UberX,completed,2024-09-14T02:59:48.000Z,2024-09-14T03:06:07.000Z,2024-09-14T03:23:11.000Z,7.161675330309613,1024.0,5.04,29.02,0.0
UberX,completed,2024-09-14T15:40:25.000Z,2024-09-14T15:46:45.000Z,2024-09-14T15:56:47.000Z,3.1620418784425586,602.0,5.04,13.94,0.0
UberX,completed,2024-09-14T16:42:29.000Z,2024-09-14T16:49:11.000Z,2024-09-14T16:54:12.000Z,1.2414123540457491,291.0,5.04,10.0,0.0
UberX,completed,2024-09-14T16:49:32.000Z,2024-09-14T17:04:56.000Z,2024-09-14T17:16:53.000Z,4.715169142534832,717.0,5.04,17.97,0.0
UberX,driver_canceled,2024-09-14T17:11:34.000Z,,,0.0,0.0,,7.5,0.0
UberX,completed,2024-09-14T17:34:44.000Z,2024-09-14T17:44:57.000Z,2024-09-14T17:50:54.000Z,0.9247680116823632,322.0,5.04,16.88,0.0
UberX,completed,2024-09-14T17:51:36.000Z,2024-09-14T17:53:57.000Z,2024-09-14T18:06:34.000Z,6.023825235088201,732.0,5.04,34.24,0.0
UberX,completed,2024-09-14T17:59:08.000Z,2024-09-14T18:15:48.000Z,2024-09-14T18:24:08.000Z,2.497741924,489.0,5.04,13.6,0.0
UberX,completed,2024-09-14T18:32:28.000Z,2024-09-14T18:43:26.000Z,2024-09-14T18:57:51.000Z,3.811010939296257,810.0,5.04,28.9,0.0
UberX,completed,2024-09-14T18:37:47.000Z,2024-09-14T19:05:34.000Z,2024-09-14T19:18:21.000Z,4.975465609129284,767.0,5.04,17.66,0.0
UberX,completed,2024-09-14T19:40:01.000Z,2024-09-14T19:45:42.000Z,2024-09-14T19:52:40.000Z,1.5340446532760814,418.0,5.04,10.0,0.0
UberX,completed,2024-09-14T19:49:35.000Z,2024-09-14T19:57:02.000Z,2024-09-14T20:03:24.000Z,1.659889451594165,382.0,5.04,10.0,0.0
UberX,completed,2024-09-14T20:16:14.000Z,2024-09-14T20:20:13.000Z,2024-09-14T20:36:14.000Z,7.666424375858102,961.0,5.04,29.93,0.0
UberX,completed,2024-09-14T21:42:05.000Z,2024-09-14T21:45:51.000Z,2024-09-14T21:53:06.000Z,2.485925408374096,435.0,5.04,11.41,0.0
UberX,completed,2024-09-14T21:54:23.000Z,2024-09-14T21:57:42.000Z,2024-09-14T22:11:05.000Z,4.3169300642473125,777.0,5.04,15.99,0.0
UberX,completed,2024-09-14T22:13:02.000Z,2024-09-14T22:18:53.000Z,2024-09-14T22:28:55.000Z,2.708889271588865,602.0,5.04,11.17,0.0
UberX,completed,2024-09-14T22:31:00.000Z,2024-09-14T22:33:41.000Z,2024-09-14T22:38:46.000Z,1.1111940246597678,281.0,5.04,10.0,0.0
UberX,completed,2024-09-14T22:33:10.000Z,2024-09-14T22:45:09.000Z,2024-09-14T22:52:32.000Z,2.7694435330966503,443.0,5.04,10.99,0.0
UberX,completed,2024-09-14T22:51:21.000Z,2024-09-14T22:59:12.000Z,2024-09-14T23:08:45.000Z,2.650378494,573.0,5.04,17.0,0.0
UberX,completed,2024-09-14T23:11:42.000Z,2024-09-14T23:18:36.000Z,2024-09-14T23:45:13.000Z,13.29699798,1568.0,5.04,60.63,0.0
UberX,rider_canceled,2024-09-14T23:46:13.000Z,,,0.0,0.0,,14.0,12.96
UberX,completed,2024-09-15T00:07:15.000Z,2024-09-15T00:19:57.000Z,2024-09-15T00:29:11.000Z,3.4115421919986177,539.0,5.04,14.92,0.0
UberX,completed,2024-09-15T00:30:01.000Z,2024-09-15T00:35:53.000Z,2024-09-15T00:51:27.000Z,3.619079148,934.0,5.04,14.39,0.0
UberX,completed,2024-09-15T00:38:47.000Z,2024-09-15T00:59:08.000Z,2024-09-15T01:11:46.000Z,5.301107211525105,748.0,5.04,21.68,0.0
UberX,completed,2024-09-15T01:16:15.000Z,2024-09-15T01:26:51.000Z,2024-09-15T01:36:57.000Z,4.942802848559046,594.0,5.04,16.78,0.0
UberX,completed,2024-09-15T01:30:19.000Z,2024-09-15T01:43:25.000Z,2024-09-15T02:06:42.000Z,8.813405028050854,1397.0,5.04,41.94,0.0
UberX,completed,2024-09-15T02:05:57.000Z,2024-09-15T02:14:37.000Z,2024-09-15T02:21:44.000Z,3.0677301222891318,427.0,5.04,16.68,0.0
UberX,completed,2024-09-15T02:22:38.000Z,2024-09-15T02:31:54.000Z,2024-09-15T02:40:40.000Z,2.115908288727144,526.0,5.04,18.74,0.0
UberX,completed,2024-09-15T02:30:59.000Z,2024-09-15T02:48:25.000Z,2024-09-15T02:54:55.000Z,1.7369838591066613,390.0,5.04,14.28,0.0
UberX,completed,2024-09-15T15:51:28.000Z,2024-09-15T15:56:04.000Z,2024-09-15T16:07:00.000Z,3.3670889830680983,656.0,5.04,13.93,0.0
UberX,rider_canceled,2024-09-15T16:08:35.000Z,,,0.0,0.0,,0.0,0.0
UberX,rider_canceled,2024-09-15T16:11:49.000Z,,,0.0,0.0,,0.0,0.0
UberX,completed,2024-09-15T16:13:18.000Z,2024-09-15T16:19:45.000Z,2024-09-15T16:29:26.000Z,2.8267625799416205,581.0,5.04,11.94,0.0
UberX,completed,2024-09-15T16:32:33.000Z,2024-09-15T16:37:27.000Z,2024-09-15T16:45:39.000Z,2.694474638617302,492.0,5.04,13.9,0.0
UberX,completed,2024-09-15T16:47:52.000Z,2024-09-15T16:55:13.000Z,2024-09-15T17:03:09.000Z,2.09408192471029,476.0,5.04,10.0,0.0
UberX,completed,2024-09-15T18:31:12.000Z,2024-09-15T18:36:22.000Z,2024-09-15T18:42:49.000Z,1.7727829913914537,363.0,5.04,11.2,0.0
UberX,completed,2024-09-15T18:42:30.000Z,2024-09-15T18:45:30.000Z,2024-09-15T18:55:44.000Z,4.342603226,614.0,5.04,18.41,0.0
UberX,completed,2024-09-15T18:51:51.000Z,2024-09-15T19:01:43.000Z,2024-09-15T19:15:01.000Z,6.690452162640569,798.0,5.04,23.97,0.0
UberX,completed,2024-09-16T11:25:38.000Z,2024-09-16T11:37:05.000Z,2024-09-16T11:55:45.000Z,10.816555882629144,1120.0,5.04,43.55,0.0
UberX,completed,2024-09-16T12:08:36.000Z,2024-09-16T12:27:41.000Z,2024-09-16T12:45:18.000Z,5.122025613409313,1057.0,5.04,21.75,0.0
UberX,completed,2024-09-16T12:44:32.000Z,2024-09-16T12:48:55.000Z,2024-09-16T12:56:11.000Z,1.3920265380922796,415.0,5.04,10.0,0.0
UberX,completed,2024-09-16T13:44:32.000Z,2024-09-16T13:52:41.000Z,2024-09-16T13:58:33.000Z,1.2015188824256888,337.0,5.04,10.0,0.0
UberX,completed,2024-09-16T13:58:55.000Z,2024-09-16T14:05:33.000Z,2024-09-16T14:18:10.000Z,3.775340565514372,757.0,5.04,15.94,0.0
UberX,completed,2024-09-16T14:13:53.000Z,2024-09-16T14:23:38.000Z,2024-09-16T14:31:24.000Z,1.9912044376923408,466.0,5.04,12.48,0.0
UberX,rider_canceled,2024-09-16T14:27:43.000Z,,,0.0,0.0,,0.0,0.0
UberX,completed,2024-09-16T14:29:36.000Z,2024-09-16T14:37:21.000Z,2024-09-16T14:56:17.000Z,6.745955975355196,1136.0,5.04,31.19,0.0
UberX,completed,2024-09-16T14:59:17.000Z,2024-09-16T15:07:56.000Z,2024-09-16T15:18:48.000Z,2.1374316320633766,612.0,5.04,14.85,0.0
UberX,completed,2024-09-16T15:24:24.000Z,2024-09-16T15:34:14.000Z,2024-09-16T16:08:58.000Z,6.0589959241443045,2058.0,5.04,25.23,0.0
UberX,rider_canceled,2024-09-16T16:02:14.000Z,,,0.0,0.0,,0.0,0.0
UberX,completed,2024-09-16T16:04:48.000Z,2024-09-16T16:12:44.000Z,2024-09-16T16:31:46.000Z,3.851479008057799,1142.0,5.04,21.63,0.0
UberX,completed,2024-09-16T17:06:23.000Z,2024-09-16T17:12:36.000Z,2024-09-16T17:26:23.000Z,3.799454613223588,822.0,5.04,18.31,0.0
UberX,completed,2024-09-16T18:22:03.000Z,2024-09-16T18:29:13.000Z,2024-09-16T18:42:32.000Z,2.820068133293397,799.0,5.04,12.32,0.0
UberX,completed,2024-09-17T11:26:45.000Z,2024-09-17T11:35:03.000Z,2024-09-17T11:54:53.000Z,4.512908041412706,1190.0,5.04,16.6,0.0
UberX,completed,2024-09-17T11:58:28.000Z,2024-09-17T12:02:01.000Z,2024-09-17T12:14:36.000Z,2.920621072457441,737.0,5.04,13.62,0.0
UberX,completed,2024-09-17T12:14:21.000Z,2024-09-17T12:24:46.000Z,2024-09-17T12:39:52.000Z,6.647880367238458,889.0,5.04,24.56,0.0
UberX,completed,2024-09-17T12:40:56.000Z,2024-09-17T12:51:07.000Z,2024-09-17T13:02:57.000Z,4.136992327706208,710.0,5.04,15.98,0.0
UberX,completed,2024-09-17T13:09:41.000Z,2024-09-17T13:16:43.000Z,2024-09-17T13:33:05.000Z,4.2608213279021045,955.0,5.04,17.93,0.0
UberX,completed,2024-09-17T13:34:09.000Z,2024-09-17T13:37:01.000Z,2024-09-17T13:49:50.000Z,3.742195313975322,769.0,5.04,15.32,0.0
UberX,completed,2024-09-17T14:20:51.000Z,2024-09-17T14:26:32.000Z,2024-09-17T14:36:50.000Z,2.4709057233897243,618.0,5.04,12.99,0.0
UberX,completed,2024-09-17T15:30:03.000Z,2024-09-17T15:36:09.000Z,2024-09-17T15:54:48.000Z,3.676775733511256,1119.0,5.04,15.93,0.0
UberX,rider_canceled,2024-09-17T15:57:10.000Z,,,0.0,0.0,,0.0,0.0
UberX,completed,2024-09-17T15:58:06.000Z,2024-09-17T16:09:28.000Z,2024-09-17T16:25:52.000Z,3.549165448191296,984.0,5.04,21.91,0.0
UberX,completed,2024-09-17T16:29:05.000Z,2024-09-17T16:32:07.000Z,2024-09-17T16:39:23.000Z,2.7758560247701927,436.0,5.04,14.09,0.0
UberX,completed,2024-09-17T16:46:45.000Z,2024-09-17T16:51:48.000Z,2024-09-17T16:57:41.000Z,2.641283584260321,353.0,5.04,10.99,0.0
UberX,completed,2024-09-17T18:16:41.000Z,2024-09-17T18:23:20.000Z,2024-09-17T18:31:36.000Z,3.477894258043962,496.0,5.04,14.67,0.0
UberX,completed,2024-09-17T18:56:08.000Z,2024-09-17T19:03:09.000Z,2024-09-17T19:12:54.000Z,3.6654393175176554,585.0,5.04,14.84,0.0
UberX,completed,2024-09-18T13:25:33.000Z,2024-09-18T13:35:47.000Z,2024-09-18T13:48:36.000Z,2.224594718523492,769.0,5.04,12.52,0.0
UberX,completed,2024-09-18T13:47:45.000Z,2024-09-18T13:53:00.000Z,2024-09-18T14:03:51.000Z,2.8129713760831234,651.0,5.04,13.97,0.0
UberX,completed,2024-09-18T15:14:43.000Z,2024-09-18T15:20:16.000Z,2024-09-18T15:38:01.000Z,3.785024704195225,1065.0,5.04,20.67,0.0
UberX,completed,2024-09-18T15:38:11.000Z,2024-09-18T15:44:15.000Z,2024-09-18T15:54:55.000Z,2.140137578972211,640.0,5.04,13.96,0.0
UberX,completed,2024-09-18T15:46:37.000Z,2024-09-18T15:59:26.000Z,2024-09-18T16:02:41.000Z,0.9785094484842868,195.0,5.04,11.96,0.0
UberX,completed,2024-09-18T15:59:51.000Z,2024-09-18T16:10:05.000Z,2024-09-18T16:21:39.000Z,3.5370508530964586,677.0,5.04,23.94,0.0
UberX,rider_canceled,2024-09-18T16:39:52.000Z,,,0.0,0.0,,0.0,0.0
UberX,completed,2024-09-18T16:44:53.000Z,2024-09-18T16:52:39.000Z,2024-09-18T17:04:14.000Z,2.5992141520459304,672.0,5.04,14.11,0.0
UberX,rider_canceled,2024-09-18T16:59:57.000Z,,,0.0,0.0,,0.0,0.0
UberX,completed,2024-09-18T17:04:28.000Z,2024-09-18T17:09:37.000Z,2024-09-18T17:21:27.000Z,3.686108023339416,710.0,5.04,15.12,0.0
UberX,completed,2024-09-18T17:15:26.000Z,2024-09-18T17:25:39.000Z,2024-09-18T17:41:29.000Z,3.845275265743188,927.0,5.04,22.66,0.0
UberX,completed,2024-09-18T17:40:29.000Z,2024-09-18T17:47:36.000Z,2024-09-18T17:57:49.000Z,2.1712088639910907,602.0,5.04,10.6,0.0
UberX,completed,2024-09-19T10:51:31.000Z,2024-09-19T10:58:30.000Z,2024-09-19T11:08:00.000Z,3.6502287301624334,529.0,5.04,14.93,0.0
UberX,completed,2024-09-19T12:12:07.000Z,2024-09-19T12:15:26.000Z,2024-09-19T12:29:44.000Z,4.412839309338872,858.0,5.04,16.56,0.0
UberX,completed,2024-09-19T14:16:46.000Z,2024-09-19T14:27:30.000Z,2024-09-19T14:43:09.000Z,4.728301052944294,923.0,5.04,16.99,0.0
UberX,completed,2024-09-19T15:13:52.000Z,2024-09-19T15:20:13.000Z,2024-09-19T15:35:40.000Z,3.5659310005004765,898.0,5.04,16.83,0.0
UberX,completed,2024-09-19T16:05:19.000Z,2024-09-19T16:11:22.000Z,2024-09-19T16:26:05.000Z,2.685570093785116,883.0,5.04,12.94,0.0
UberX,completed,2024-09-19T16:19:54.000Z,2024-09-19T16:38:53.000Z,2024-09-19T16:52:20.000Z,4.3057894846204325,796.0,5.04,16.97,0.0
UberX,completed,2024-09-19T17:02:27.000Z,2024-09-19T17:05:38.000Z,2024-09-19T17:10:10.000Z,0.4761020183041304,272.0,5.04,10.0,0.0
UberX,completed,2024-09-19T17:13:31.000Z,2024-09-19T17:17:13.000Z,2024-09-19T17:29:26.000Z,2.201649544650368,702.0,5.04,11.95,0.0
UberX,completed,2024-09-19T17:59:00.000Z,2024-09-19T18:03:56.000Z,2024-09-19T18:17:34.000Z,3.784604149060896,818.0,5.04,14.44,0.0
UberX,completed,2024-09-19T18:23:01.000Z,2024-09-19T18:27:35.000Z,2024-09-19T18:44:29.000Z,6.3405370344763785,1014.0,5.04,21.92,0.0
UberX,completed,2024-09-19T18:49:30.000Z,2024-09-19T18:56:50.000Z,2024-09-19T19:18:42.000Z,6.237917656836531,1312.0,5.04,25.98,0.0
UberX,completed,2024-09-20T08:00:08.000Z,2024-09-20T08:04:50.000Z,2024-09-20T08:21:26.000Z,5.093931618420713,996.0,5.04,20.96,0.0
UberX,completed,2024-09-20T10:28:55.000Z,2024-09-20T10:34:10.000Z,2024-09-20T10:42:51.000Z,1.8269749683435024,521.0,5.04,10.0,0.0
UberX,rider_canceled,2024-09-20T16:23:15.000Z,,,0.0,0.0,,0.0,0.0
UberX,rider_canceled,2024-09-20T16:47:02.000Z,,,0.0,0.0,,0.0,0.0
UberX,completed,2024-09-20T16:48:55.000Z,2024-09-20T16:54:48.000Z,2024-09-20T17:02:51.000Z,1.9397231925226888,483.0,5.04,15.92,0.0
UberX,completed,2024-09-20T16:55:24.000Z,2024-09-20T17:13:26.000Z,2024-09-20T17:26:11.000Z,1.6863651167611893,765.0,5.04,17.06,0.0
UberX,completed,2024-09-20T17:13:27.000Z,2024-09-20T17:28:54.000Z,2024-09-20T17:38:34.000Z,2.1501660436522565,573.0,5.04,18.7,0.0
UberX,completed,2024-09-20T17:21:15.000Z,2024-09-20T17:43:53.000Z,2024-09-20T17:59:52.000Z,4.0458921530374266,959.0,5.04,23.97,0.0
UberX,completed,2024-09-20T17:43:47.000Z,2024-09-20T18:07:09.000Z,2024-09-20T18:19:44.000Z,3.817683702403391,755.0,5.04,26.13,0.0
UberX,completed,2024-09-20T18:19:26.000Z,2024-09-20T18:24:47.000Z,2024-09-20T18:27:16.000Z,0.5155409586251006,141.0,5.04,10.0,0.0
UberX,completed,2024-09-20T18:26:32.000Z,2024-09-20T18:30:06.000Z,2024-09-20T18:36:14.000Z,1.608468909477876,357.0,5.04,10.0,0.0
UberX,completed,2024-09-20T18:36:29.000Z,2024-09-20T18:44:28.000Z,2024-09-20T19:02:49.000Z,7.479232628566533,1082.0,5.04,28.99,0.0
UberX,completed,2024-09-20T18:57:39.000Z,2024-09-20T19:11:27.000Z,2024-09-20T19:19:13.000Z,2.026693685236611,455.0,5.04,12.73,0.0
UberX,rider_canceled,2024-09-20T20:12:06.000Z,,,0.0,0.0,,0.0,0.0
UberX,completed,2024-09-20T20:57:24.000Z,2024-09-20T21:08:17.000Z,2024-09-20T21:18:41.000Z,2.4459206978802763,606.0,5.04,12.09,0.0
UberX,completed,2024-09-20T21:49:15.000Z,2024-09-20T21:52:10.000Z,2024-09-20T21:57:28.000Z,1.436012601579426,301.0,5.04,10.0,0.0
UberX,completed,2024-09-20T21:57:58.000Z,2024-09-20T22:01:18.000Z,2024-09-20T22:06:57.000Z,1.9404647445422527,327.0,5.04,10.38,0.0
UberX,completed,2024-09-20T22:04:27.000Z,2024-09-20T22:10:51.000Z,2024-09-20T22:22:58.000Z,5.874846216708721,727.0,5.04,21.54,0.0
UberX,driver_canceled,2024-09-20T22:20:34.000Z,,,0.0,0.0,,11.27,0.0
UberX,completed,2024-09-20T22:43:15.000Z,2024-09-20T22:45:16.000Z,2024-09-20T22:56:05.000Z,5.904001108727165,649.0,5.04,21.93,0.0
UberX,completed,2024-09-20T23:00:23.000Z,2024-09-20T23:09:02.000Z,2024-09-20T23:21:01.000Z,4.2709161592271165,719.0,5.04,15.75,0.0
UberX,completed,2024-09-21T00:23:59.000Z,2024-09-21T00:30:14.000Z,2024-09-21T00:44:34.000Z,4.612292055089425,792.0,5.04,17.77,0.0
UberX,completed,2024-09-21T00:47:57.000Z,2024-09-21T00:55:58.000Z,2024-09-21T01:03:06.000Z,2.82675955149646,428.0,5.04,13.42,0.0
UberX,completed,2024-09-21T01:01:36.000Z,2024-09-21T01:09:37.000Z,2024-09-21T01:13:52.000Z,1.6382916255130278,255.0,5.04,10.0,0.0
UberX,completed,2024-09-21T01:28:52.000Z,2024-09-21T01:30:24.000Z,2024-09-21T01:41:35.000Z,4.325512028403511,671.0,5.04,14.9,0.0
UberX,completed,2024-09-21T01:41:13.000Z,2024-09-21T01:48:32.000Z,2024-09-21T01:54:44.000Z,2.178148294916819,372.0,5.04,10.78,0.0
UberX,completed,2024-09-21T01:53:51.000Z,2024-09-21T02:00:48.000Z,2024-09-21T02:06:39.000Z,1.7025004591506063,351.0,5.04,10.0,0.0
UberX,completed,2024-09-21T02:04:30.000Z,2024-09-21T02:07:32.000Z,2024-09-21T02:19:58.000Z,5.188911961270973,746.0,5.04,21.66,0.0
UberX,completed,2024-09-21T02:25:11.000Z,2024-09-21T02:35:06.000Z,2024-09-21T02:40:36.000Z,2.5170785033091136,330.0,5.04,14.95,0.0
UberX,completed,2024-09-21T14:48:08.000Z,2024-09-21T15:01:33.000Z,2024-09-21T15:07:55.000Z,2.6993504886425064,382.0,5.04,15.94,0.0
UberX,completed,2024-09-21T15:34:20.000Z,2024-09-21T15:39:19.000Z,2024-09-21T15:45:38.000Z,1.8100131805013584,379.0,5.04,11.0,0.0
UberX,completed,2024-09-21T15:40:56.000Z,2024-09-21T15:52:09.000Z,2024-09-21T15:56:32.000Z,1.327093155610722,244.0,5.04,10.0,0.0
UberX,completed,2024-09-21T15:50:52.000Z,2024-09-21T16:02:25.000Z,2024-09-21T16:10:04.000Z,3.1540343438306797,459.0,5.04,14.23,0.0
UberX,rider_canceled,2024-09-21T16:13:47.000Z,,,0.0,0.0,,5.84,0.0
UberX,completed,2024-09-21T18:01:53.000Z,2024-09-21T18:14:45.000Z,2024-09-21T18:24:04.000Z,3.475160583554806,559.0,5.04,18.2,0.0
UberX,completed,2024-09-21T18:24:00.000Z,2024-09-21T18:34:34.000Z,2024-09-21T18:39:54.000Z,1.9120662718845407,320.0,5.04,10.01,0.0
UberX,completed,2024-09-21T18:40:15.000Z,2024-09-21T18:47:06.000Z,2024-09-21T18:52:01.000Z,1.341583335859035,279.0,5.04,11.0,0.0
UberX,completed,2024-09-21T18:46:15.000Z,2024-09-21T19:01:01.000Z,2024-09-21T19:07:38.000Z,1.9572194918508008,397.0,5.04,12.5,0.0
UberX,completed,2024-09-21T19:02:09.000Z,2024-09-21T19:19:47.000Z,2024-09-21T19:34:08.000Z,4.098949905724181,834.0,5.04,18.99,0.0
UberX,completed,2024-09-21T19:37:54.000Z,2024-09-21T19:43:26.000Z,2024-09-21T19:50:58.000Z,3.0229777265617046,452.0,5.04,13.9,0.0
UberX,completed,2024-09-21T19:48:52.000Z,2024-09-21T19:56:29.000Z,2024-09-21T20:12:44.000Z,9.106622576,975.0,5.04,37.03,0.0
UberX,completed,2024-09-21T20:42:52.000Z,2024-09-21T20:53:04.000Z,2024-09-21T21:02:50.000Z,3.987282197197211,586.0,5.04,15.08,0.0
UberX,completed,2024-09-21T21:04:53.000Z,2024-09-21T21:09:05.000Z,2024-09-21T21:16:00.000Z,1.800578185269132,400.0,5.04,10.04,0.0
UberX,completed,2024-09-21T22:32:15.000Z,2024-09-21T22:42:27.000Z,2024-09-21T23:03:27.000Z,6.381587256260419,1250.0,5.04,24.99,0.0
UberX,completed,2024-09-21T23:00:34.000Z,2024-09-21T23:05:39.000Z,2024-09-21T23:20:15.000Z,6.844182826313381,876.0,5.04,27.9,0.0
UberX,completed,2024-09-21T23:15:45.000Z,2024-09-21T23:25:09.000Z,2024-09-21T23:35:40.000Z,3.915105499730621,631.0,5.04,13.95,0.0
UberX,completed,2024-09-21T23:33:57.000Z,2024-09-21T23:35:46.000Z,2024-09-21T23:44:07.000Z,3.531931736346852,501.0,5.04,14.06,0.0
UberX,completed,2024-09-21T23:37:22.000Z,2024-09-21T23:50:20.000Z,2024-09-21T23:57:02.000Z,2.1822125109059898,354.0,5.04,11.92,0.0
UberX,completed,2024-09-21T23:51:41.000Z,2024-09-22T00:02:17.000Z,2024-09-22T00:08:26.000Z,2.2792977180789373,361.0,5.04,11.02,0.0
UberX,completed,2024-09-22T00:10:31.000Z,2024-09-22T00:20:02.000Z,2024-09-22T00:36:22.000Z,6.170991801119793,887.0,5.04,26.96,0.0
UberX,completed,2024-09-22T00:34:04.000Z,2024-09-22T00:42:02.000Z,2024-09-22T00:49:49.000Z,2.946277965019712,452.0,5.04,12.92,0.0
UberX,completed,2024-09-22T00:59:19.000Z,2024-09-22T01:01:52.000Z,2024-09-22T01:07:45.000Z,1.6324544870772424,353.0,5.04,10.0,0.0
UberX,completed,2024-09-22T01:05:35.000Z,2024-09-22T01:13:23.000Z,2024-09-22T01:26:35.000Z,5.974860627985152,792.0,5.04,22.49,0.0
UberX,completed,2024-09-22T02:06:53.000Z,2024-09-22T02:19:15.000Z,2024-09-22T02:29:57.000Z,3.213480767983709,642.0,5.04,12.91,0.0
UberX,completed,2024-09-22T16:17:07.000Z,2024-09-22T16:23:31.000Z,2024-09-22T16:27:04.000Z,1.44298181,213.0,5.04,10.3,0.0
UberX,completed,2024-09-22T16:58:37.000Z,2024-09-22T17:03:39.000Z,2024-09-22T17:16:29.000Z,2.9206018714672517,770.0,5.04,12.72,0.0
UberX,completed,2024-09-22T17:13:15.000Z,2024-09-22T17:20:12.000Z,2024-09-22T17:25:27.000Z,1.5469027753238662,300.0,5.04,10.0,0.0
UberX,completed,2024-09-22T17:46:01.000Z,2024-09-22T18:00:07.000Z,2024-09-22T18:18:56.000Z,9.012091239772628,1111.0,5.04,37.91,0.0
UberX,completed,2024-09-23T10:37:23.000Z,2024-09-23T10:44:52.000Z,2024-09-23T10:57:54.000Z,4.319807807945862,782.0,5.04,16.49,0.0
UberX,completed,2024-09-23T11:01:12.000Z,2024-09-23T11:06:27.000Z,2024-09-23T11:18:20.000Z,4.103838799424313,692.0,5.04,16.58,0.0
UberX,completed,2024-09-23T11:20:24.000Z,2024-09-23T11:23:27.000Z,2024-09-23T11:34:59.000Z,3.963975306205195,686.0,5.04,14.14,0.0
UberX,completed,2024-09-23T14:12:42.000Z,2024-09-23T14:21:48.000Z,2024-09-23T14:31:04.000Z,2.777891668438382,556.0,5.04,13.79,0.0
UberX,completed,2024-09-23T14:29:57.000Z,2024-09-23T14:35:44.000Z,2024-09-23T14:49:14.000Z,2.8159205120758304,810.0,5.04,13.95,0.0
UberX,completed,2024-09-23T14:51:27.000Z,2024-09-23T15:02:33.000Z,2024-09-23T15:18:06.000Z,4.164567248795589,933.0,5.04,15.36,0.0
UberX,completed,2024-09-23T15:09:36.000Z,2024-09-23T15:20:51.000Z,2024-09-23T15:35:30.000Z,4.272440118798761,879.0,5.04,18.57,0.0
UberX,completed,2024-09-23T15:36:39.000Z,2024-09-23T15:40:02.000Z,2024-09-23T15:49:00.000Z,3.072719519,538.0,5.04,15.59,0.0
UberX,completed,2024-09-23T16:19:48.000Z,2024-09-23T16:23:24.000Z,2024-09-23T16:30:42.000Z,1.7753171574945967,438.0,5.04,11.31,0.0
UberX,completed,2024-09-23T16:33:01.000Z,2024-09-23T16:38:04.000Z,2024-09-23T16:45:29.000Z,1.8107020922708423,445.0,5.04,10.7,0.0
UberX,completed,2024-09-23T16:40:27.000Z,2024-09-23T16:49:14.000Z,2024-09-23T16:55:41.000Z,1.2963087250376557,387.0,5.04,10.93,0.0
UberX,completed,2024-09-23T16:56:21.000Z,2024-09-23T17:03:24.000Z,2024-09-23T17:12:03.000Z,1.8206129179439707,505.0,5.04,10.7,0.0
UberX,completed,2024-09-23T18:10:34.000Z,2024-09-23T18:13:49.000Z,2024-09-23T18:34:57.000Z,10.530770593156166,1268.0,5.04,42.61,0.0
UberX,completed,2024-09-25T13:57:21.000Z,2024-09-25T14:02:15.000Z,2024-09-25T14:19:38.000Z,2.602889754085279,1043.0,7.41,19.64,0.0
UberX,completed,2024-09-25T14:28:53.000Z,2024-09-25T14:37:49.000Z,2024-09-25T14:47:32.000Z,0.8231449214654025,583.0,7.58,14.86,0.0
UberX,completed,2024-09-25T17:06:41.000Z,2024-09-25T17:10:45.000Z,2024-09-25T17:33:10.000Z,3.840768099851915,1345.0,7.58,25.94,0.0
UberX,completed,2024-09-25T17:33:37.000Z,2024-09-25T17:43:41.000Z,2024-09-25T18:01:06.000Z,4.617386709745764,1045.0,7.58,29.19,0.0
UberX,completed,2024-09-25T17:54:06.000Z,2024-09-25T18:05:02.000Z,2024-09-25T18:44:59.000Z,13.225718641319936,2397.0,7.58,78.96,0.0
UberX,rider_canceled,2024-09-25T18:54:27.000Z,,,0.0,0.0,,10.0,9.26
UberX,completed,2024-09-25T19:11:56.000Z,2024-09-25T19:27:06.000Z,2024-09-25T19:46:43.000Z,5.294493159677793,1177.0,7.41,30.98,0.0
UberX,completed,2024-09-25T19:50:55.000Z,2024-09-25T19:56:01.000Z,2024-09-25T20:16:36.000Z,4.881408736165408,1235.0,7.41,27.12,0.0
UberX,completed,2024-09-26T06:21:41.000Z,2024-09-26T06:34:34.000Z,2024-09-26T06:52:30.000Z,4.869460868466374,1076.0,7.41,32.51,0.0
UberX,completed,2024-09-26T06:51:33.000Z,2024-09-26T07:01:41.000Z,2024-09-26T07:14:17.000Z,2.365744969,747.0,7.41,18.95,0.0
UberX,completed,2024-09-26T07:13:34.000Z,2024-09-26T07:16:52.000Z,2024-09-26T07:41:35.000Z,3.1911236673733487,1422.0,7.58,24.31,0.0
UberX,completed,2024-09-26T07:25:59.000Z,2024-09-26T07:45:11.000Z,2024-09-26T08:01:27.000Z,3.5766726338902357,976.0,7.58,24.9,0.0
UberX,completed,2024-09-26T14:17:03.000Z,2024-09-26T14:23:23.000Z,2024-09-26T14:46:05.000Z,5.221298191198703,1362.0,7.58,33.27,0.0
UberX,completed,2024-09-26T14:50:03.000Z,2024-09-26T14:54:16.000Z,2024-09-26T15:20:45.000Z,6.962529453311103,1589.0,7.58,36.77,0.0
UberX,rider_canceled,2024-09-26T14:57:20.000Z,,,0.0,0.0,,0.0,0.0
UberX,completed,2024-09-26T15:01:48.000Z,2024-09-26T15:33:44.000Z,2024-09-26T15:46:40.000Z,4.679068254215094,723.0,7.58,26.6,0.0
UberX,completed,2024-09-26T15:42:05.000Z,2024-09-26T16:04:23.000Z,2024-09-26T16:31:20.000Z,10.84343244890288,1592.0,7.58,60.96,0.0
UberX,completed,2024-09-26T16:23:06.000Z,2024-09-26T16:40:49.000Z,2024-09-26T16:54:01.000Z,2.5368565599140163,792.0,7.58,19.4,0.0
UberX,completed,2024-09-26T16:46:56.000Z,2024-09-26T17:00:42.000Z,2024-09-26T17:08:34.000Z,1.0964424952144745,472.0,7.58,16.95,0.0
UberX,completed,2024-09-26T16:56:22.000Z,2024-09-26T17:14:37.000Z,2024-09-26T17:44:33.000Z,2.9023543218692773,1796.0,7.58,31.67,0.0
UberX,completed,2024-09-26T17:31:21.000Z,2024-09-26T17:48:47.000Z,2024-09-26T18:07:20.000Z,3.752157114102327,1113.0,7.58,30.97,0.0
UberX,completed,2024-09-26T17:58:04.000Z,2024-09-26T18:14:19.000Z,2024-09-26T18:36:26.000Z,13.249391615411575,1327.0,7.58,75.99,0.0
UberX,completed,2024-09-26T18:48:09.000Z,2024-09-26T18:55:41.000Z,2024-09-26T19:15:08.000Z,6.396571269767766,1151.0,7.41,33.14,0.0
UberX,completed,2024-09-26T19:20:03.000Z,2024-09-26T19:28:58.000Z,2024-09-26T19:36:22.000Z,1.5448810086181994,444.0,7.41,13.08,0.0
UberX,completed,2024-09-26T19:32:40.000Z,2024-09-26T19:39:06.000Z,2024-09-26T19:54:36.000Z,2.696022581970407,930.0,7.41,22.97,0.0
UberX,completed,2024-09-26T19:53:10.000Z,2024-09-26T20:02:06.000Z,2024-09-26T20:22:34.000Z,5.491753536022482,1228.0,7.41,29.54,0.0
UberX,completed,2024-09-30T18:28:59.000Z,2024-09-30T18:45:45.000Z,2024-09-30T18:51:28.000Z,0.9125739765609144,343.0,7.41,18.26,0.0
UberX,completed,2024-09-30T18:47:34.000Z,2024-09-30T18:51:50.000Z,2024-09-30T19:00:16.000Z,1.3322636605064009,402.0,7.41,13.99,0.0
UberX,completed,2024-09-30T18:56:50.000Z,2024-09-30T19:02:45.000Z,2024-09-30T19:08:38.000Z,1.0907049948874357,353.0,7.41,12.97,0.0
UberX,completed,2024-09-30T19:03:44.000Z,2024-09-30T19:11:43.000Z,2024-09-30T19:24:03.000Z,2.393502155,740.0,7.41,18.02,0.0
UberX,completed,2024-09-30T19:25:01.000Z,2024-09-30T19:27:34.000Z,2024-09-30T19:46:12.000Z,6.367880479136466,1056.0,7.41,30.85,0.0
UberX,rider_canceled,2024-09-30T19:49:04.000Z,,,0.0,0.0,,7.41,0.0
UberX,completed,2024-09-30T19:57:06.000Z,2024-09-30T20:02:19.000Z,2024-09-30T20:23:17.000Z,5.630406074407135,1222.0,7.41,29.99,0.0
UberX,completed,2024-09-30T20:21:35.000Z,2024-09-30T20:28:59.000Z,2024-09-30T20:41:40.000Z,2.6047962892734566,761.0,7.41,17.65,0.0
UberX,rider_canceled,2024-09-30T20:39:25.000Z,,,0.0,0.0,,5.0,4.63
UberX,completed,2024-09-30T20:50:34.000Z,2024-09-30T21:02:57.000Z,2024-09-30T21:08:07.000Z,1.000622618320704,310.0,7.41,14.82,0.0
UberX,completed,2024-09-30T21:05:12.000Z,2024-09-30T21:10:46.000Z,2024-09-30T21:22:41.000Z,2.6144787349056178,715.0,7.41,17.9,0.0
UberX,completed,2024-10-01T16:14:02.000Z,2024-10-01T16:18:18.000Z,2024-10-01T16:33:10.000Z,2.079024744910787,892.0,7.58,22.6,0.0
UberX,completed,2024-10-01T16:23:09.000Z,2024-10-01T16:45:51.000Z,2024-10-01T17:08:51.000Z,5.090000794931533,1280.0,7.58,34.73,0.0
UberX,completed,2024-10-01T17:00:01.000Z,2024-10-01T17:22:09.000Z,2024-10-01T17:44:23.000Z,4.630699595124527,1334.0,7.58,30.77,0.0
UberX,completed,2024-10-01T17:35:44.000Z,2024-10-01T17:52:53.000Z,2024-10-01T18:11:45.000Z,4.565879335325975,1132.0,7.58,26.71,0.0
UberX,completed,2024-10-01T18:06:17.000Z,2024-10-01T18:12:23.000Z,2024-10-01T18:24:09.000Z,1.3793890452280102,706.0,7.41,15.66,0.0
UberX,completed,2024-10-01T18:17:30.000Z,2024-10-01T18:29:57.000Z,2024-10-01T18:44:33.000Z,3.0694137330256366,876.0,7.41,20.8,0.0
UberX,completed,2024-10-01T18:43:03.000Z,2024-10-01T18:49:48.000Z,2024-10-01T19:01:22.000Z,3.019812071948341,694.0,7.41,20.91,0.0
UberX,completed,2024-10-01T18:59:35.000Z,2024-10-01T19:11:07.000Z,2024-10-01T19:25:45.000Z,4.1446348045397245,878.0,7.41,25.39,0.0
UberX,completed,2024-10-01T19:23:27.000Z,2024-10-01T19:30:21.000Z,2024-10-01T19:49:41.000Z,7.319701153772136,1160.0,7.41,34.42,0.0
UberX,completed,2024-10-01T20:08:29.000Z,2024-10-01T20:24:56.000Z,2024-10-01T20:59:07.000Z,8.995207387957953,2000.0,7.41,42.64,0.0
UberX,completed,2024-10-01T20:53:59.000Z,2024-10-01T21:00:34.000Z,2024-10-01T21:05:11.000Z,0.9048538798088238,277.0,7.41,11.94,0.0
UberX,completed,2024-10-01T21:03:00.000Z,2024-10-01T21:09:20.000Z,2024-10-01T21:19:40.000Z,1.824509261297136,620.0,7.41,13.93,0.0
UberX,completed,2024-10-02T05:24:07.000Z,2024-10-02T05:34:29.000Z,2024-10-02T05:49:50.000Z,3.5473163419470635,921.0,7.41,21.78,0.0
UberX,completed,2024-10-02T05:50:19.000Z,2024-10-02T06:08:07.000Z,2024-10-02T06:24:40.000Z,4.483456179918014,993.0,7.41,25.61,0.0
UberX,completed,2024-10-02T06:23:02.000Z,2024-10-02T06:34:13.000Z,2024-10-02T06:54:45.000Z,3.9011355215850503,1214.0,7.41,25.06,0.0
UberX,completed,2024-10-02T06:52:16.000Z,2024-10-02T07:02:09.000Z,2024-10-02T07:18:55.000Z,4.132639610094716,1006.0,7.41,24.77,0.0
UberX,completed,2024-10-02T07:15:22.000Z,2024-10-02T07:26:59.000Z,2024-10-02T08:02:59.000Z,7.410533909377599,2160.0,7.58,41.46,0.0
UberX,completed,2024-10-02T08:02:40.000Z,2024-10-02T08:06:29.000Z,2024-10-02T08:21:41.000Z,5.531584486173474,912.0,7.58,26.87,0.0
UberX,completed,2024-10-02T08:26:29.000Z,2024-10-02T08:40:08.000Z,2024-10-02T08:59:25.000Z,5.996742642622314,1157.0,7.58,34.51,0.0
UberX,completed,2024-10-02T08:48:07.000Z,2024-10-02T09:05:09.000Z,2024-10-02T09:30:46.000Z,8.101190131,1537.0,7.58,54.84,0.0
UberX,completed,2024-10-02T09:20:12.000Z,2024-10-02T09:33:22.000Z,2024-10-02T10:13:27.000Z,9.592919347784552,2396.0,7.41,49.22,0.0
UberX,completed,2024-10-02T10:24:06.000Z,2024-10-02T10:28:48.000Z,2024-10-02T10:33:48.000Z,0.9784984020132372,300.0,7.41,12.39,0.0
UberX,rider_canceled,2024-10-02T14:31:23.000Z,,,0.0,0.0,,0.0,0.0
UberX,completed,2024-10-02T14:36:43.000Z,2024-10-02T14:44:51.000Z,2024-10-02T14:57:28.000Z,2.4015582681251617,757.0,7.58,29.93,0.0
UberX,completed,2024-10-02T14:53:15.000Z,2024-10-02T15:04:32.000Z,2024-10-02T15:15:44.000Z,2.108354785337476,672.0,7.58,18.3,0.0
UberX,completed,2024-10-02T15:13:06.000Z,2024-10-02T15:20:20.000Z,2024-10-02T15:29:05.000Z,1.8330352783500403,525.0,7.58,16.02,0.0
UberX,completed,2024-10-02T15:19:20.000Z,2024-10-02T15:37:19.000Z,2024-10-02T16:10:04.000Z,9.006450763290484,1965.0,7.58,68.93,0.0
UberX,completed,2024-10-02T15:43:31.000Z,2024-10-02T16:17:54.000Z,2024-10-02T16:43:36.000Z,9.034446461919917,1542.0,7.58,48.48,0.0
UberX,completed,2024-10-02T16:31:12.000Z,2024-10-02T16:50:19.000Z,2024-10-02T17:02:47.000Z,4.739732493727014,748.0,7.58,34.26,0.0
UberX,completed,2024-10-02T16:58:15.000Z,2024-10-02T17:10:11.000Z,2024-10-02T17:31:07.000Z,6.933050919800825,1256.0,7.58,34.89,0.0
UberX,rider_canceled,2024-10-02T17:20:37.000Z,,,0.0,0.0,,0.0,0.0
UberX,completed,2024-10-02T17:55:00.000Z,2024-10-02T17:49:57.000Z,2024-10-02T18:17:11.000Z,7.448641161939725,1634.0,7.58,57.32,0.0
UberX,completed,2024-10-02T18:16:26.000Z,2024-10-02T18:27:17.000Z,2024-10-02T18:51:01.000Z,3.746253329723021,1400.0,7.41,25.94,0.0
UberX,completed,2024-10-02T18:49:37.000Z,2024-10-02T18:52:39.000Z,2024-10-02T19:00:40.000Z,1.910566285,481.0,7.41,16.51,0.0
UberX,completed,2024-10-02T19:00:53.000Z,2024-10-02T19:10:45.000Z,2024-10-02T19:44:08.000Z,9.346934967542628,2003.0,7.41,49.88,0.0
UberX,completed,2024-10-02T19:51:12.000Z,2024-10-02T19:59:33.000Z,2024-10-02T20:21:19.000Z,5.907472746443867,1306.0,7.41,30.91,0.0
UberX,completed,2024-10-03T06:20:29.000Z,2024-10-03T06:28:09.000Z,2024-10-03T06:43:16.000Z,3.381071259465404,907.0,7.41,27.67,0.0
UberX,completed,2024-10-03T06:41:25.000Z,2024-10-03T06:46:21.000Z,2024-10-03T06:57:07.000Z,3.891904165852041,646.0,7.41,21.9,0.0
UberX,completed,2024-10-03T07:08:14.000Z,2024-10-03T07:16:39.000Z,2024-10-03T07:35:03.000Z,5.223234773571586,1063.0,7.58,31.52,0.0
UberX,completed,2024-10-03T07:29:12.000Z,2024-10-03T07:41:20.000Z,2024-10-03T07:58:23.000Z,2.2809107240921715,1023.0,7.58,18.91,0.0
UberX,completed,2024-10-03T07:52:35.000Z,2024-10-03T08:05:10.000Z,2024-10-03T08:28:04.000Z,4.564134413146714,1374.0,7.58,35.79,0.0
UberX,completed,2024-10-03T08:24:48.000Z,2024-10-03T08:33:25.000Z,2024-10-03T08:54:00.000Z,2.983373302560691,1235.0,7.58,22.13,0.0
UberX,completed,2024-10-03T08:46:18.000Z,2024-10-03T08:59:27.000Z,2024-10-03T09:43:02.000Z,12.712042640552845,2477.0,7.58,75.73,0.0
UberX,completed,2024-10-03T15:14:04.000Z,2024-10-03T15:33:17.000Z,2024-10-03T15:51:55.000Z,2.4100114261395778,1101.0,7.58,34.27,0.0
UberX,rider_canceled,2024-10-03T15:32:19.000Z,,,0.0,0.0,,0.0,0.0
UberX,rider_canceled,2024-10-03T15:42:20.000Z,,,0.0,0.0,,0.0,0.0
UberX,rider_canceled,2024-10-03T15:45:18.000Z,,,0.0,0.0,,0.0,0.0
UberX,completed,2024-10-03T15:46:22.000Z,2024-10-03T16:01:46.000Z,2024-10-03T16:20:18.000Z,2.5786752187416484,1112.0,7.58,28.9,0.0
UberX,rider_canceled,2024-10-03T16:06:29.000Z,,,0.0,0.0,,0.0,0.0
UberX,completed,2024-10-03T16:07:24.000Z,2024-10-03T16:22:03.000Z,2024-10-03T16:47:19.000Z,6.071331013043297,1516.0,7.58,38.09,0.0
UberX,completed,2024-10-03T16:44:14.000Z,2024-10-03T16:53:09.000Z,2024-10-03T17:16:40.000Z,9.932249341,1411.0,7.58,48.99,0.0
UberX,completed,2024-10-03T17:12:49.000Z,2024-10-03T17:21:22.000Z,2024-10-03T17:30:08.000Z,1.2427185047161156,526.0,7.58,13.95,0.0
UberX,completed,2024-10-03T17:25:19.000Z,2024-10-03T17:32:28.000Z,2024-10-03T17:51:28.000Z,3.357784587477849,1140.0,7.58,22.8,0.0
UberX,completed,2024-10-03T17:52:01.000Z,2024-10-03T18:00:31.000Z,2024-10-03T18:12:01.000Z,3.3246619094756347,690.0,7.58,22.22,0.0
UberX,driver_canceled,2024-10-03T18:07:05.000Z,,,0.0,0.0,,5.68,0.0
UberX,completed,2024-10-03T18:31:57.000Z,2024-10-03T18:39:21.000Z,2024-10-03T18:55:16.000Z,4.192693084365492,909.0,7.41,23.14,0.0
UberX,completed,2024-10-03T19:20:05.000Z,2024-10-03T19:30:04.000Z,2024-10-03T19:51:30.000Z,6.016251569856743,1286.0,7.41,31.92,0.0
UberX,completed,2024-10-04T06:35:40.000Z,2024-10-04T06:40:21.000Z,2024-10-04T06:48:36.000Z,1.858589540479529,495.0,7.41,16.78,0.0
UberX,completed,2024-10-04T06:39:04.000Z,2024-10-04T06:56:04.000Z,2024-10-04T07:10:27.000Z,3.711452807872185,863.0,7.41,21.95,0.0
UberX,rider_canceled,2024-10-04T07:13:56.000Z,,,0.0,0.0,,5.0,4.63
UberX,completed,2024-10-04T07:19:17.000Z,2024-10-04T07:31:52.000Z,2024-10-04T07:49:42.000Z,3.8725203401891934,1070.0,7.58,24.94,0.0
UberX,completed,2024-10-04T07:36:20.000Z,2024-10-04T07:58:35.000Z,2024-10-04T08:13:27.000Z,4.356245702261093,892.0,7.58,38.57,0.0
UberX,completed,2024-10-04T08:02:12.000Z,2024-10-04T08:20:48.000Z,2024-10-04T08:54:51.000Z,5.602636007955031,2043.0,7.58,41.64,0.0
UberX,completed,2024-10-04T09:04:36.000Z,2024-10-04T09:08:02.000Z,2024-10-04T09:23:30.000Z,4.261251932376572,916.0,7.41,25.53,0.0
UberX,completed,2024-10-04T09:20:50.000Z,2024-10-04T09:30:34.000Z,2024-10-04T09:57:39.000Z,6.385458717340605,1625.0,7.41,34.91,0.0
UberX,completed,2024-10-04T10:04:41.000Z,2024-10-04T10:05:33.000Z,2024-10-04T10:20:15.000Z,2.361807634666099,882.0,7.41,21.59,0.0
UberX,completed,2024-10-04T15:34:39.000Z,2024-10-04T15:41:18.000Z,2024-10-04T15:58:09.000Z,2.897965650207758,1011.0,7.58,24.09,0.0
UberX,completed,2024-10-04T15:57:08.000Z,2024-10-04T16:22:56.000Z,2024-10-04T16:50:05.000Z,3.957396647717154,1610.0,7.58,40.87,0.0
UberX,completed,2024-10-04T16:33:17.000Z,2024-10-04T16:58:25.000Z,2024-10-04T17:19:04.000Z,5.389314748349286,1239.0,7.58,30.22,0.0
UberX,completed,2024-10-04T16:51:00.000Z,2024-10-04T17:21:57.000Z,2024-10-04T17:38:45.000Z,4.895506242286697,1008.0,7.58,49.11,0.0
UberX,completed,2024-10-04T17:30:46.000Z,2024-10-04T17:47:28.000Z,2024-10-04T18:05:19.000Z,3.731338665172725,1071.0,7.58,25.75,0.0
UberX,completed,2024-10-04T17:54:54.000Z,2024-10-04T18:09:02.000Z,2024-10-04T18:15:25.000Z,1.422006422669535,383.0,7.58,16.12,0.0
UberX,completed,2024-10-04T18:10:32.000Z,2024-10-04T18:31:28.000Z,2024-10-04T18:59:00.000Z,5.625349244589971,1652.0,7.41,30.53,0.0
UberX,completed,2024-10-04T18:53:42.000Z,2024-10-04T19:08:14.000Z,2024-10-04T19:31:01.000Z,5.064537269222988,1367.0,7.41,29.79,0.0
UberX,completed,2024-10-04T19:12:19.000Z,2024-10-04T19:38:23.000Z,2024-10-04T20:10:09.000Z,8.209483447,1906.0,7.41,43.89,0.0
UberX,rider_canceled,2024-10-04T19:17:06.000Z,,,0.0,0.0,,0.0,0.0
UberX,completed,2024-10-04T20:06:42.000Z,2024-10-04T20:12:04.000Z,2024-10-04T20:24:47.000Z,1.7345864937062168,763.0,7.41,15.99,0.0
UberX,completed,2024-10-04T20:13:49.000Z,2024-10-04T20:30:51.000Z,2024-10-04T20:41:50.000Z,3.041422987398647,659.0,7.41,19.9,0.0
UberX,completed,2024-10-04T21:07:44.000Z,2024-10-04T21:11:56.000Z,2024-10-04T21:19:46.000Z,1.5259499111181842,470.0,7.41,13.9,0.0
UberX,completed,2024-10-04T21:19:24.000Z,2024-10-04T21:27:35.000Z,2024-10-04T21:45:16.000Z,5.333307753828708,1037.0,7.41,30.28,0.0
UberX,completed,2024-10-04T21:48:43.000Z,2024-10-04T21:54:21.000Z,2024-10-04T22:19:57.000Z,10.680259457275843,1512.0,7.41,57.41,0.0
UberX,completed,2024-10-04T22:38:54.000Z,2024-10-04T22:45:57.000Z,2024-10-04T23:09:34.000Z,7.707158609575442,1417.0,7.41,35.25,0.0
UberX,rider_canceled,2024-10-04T23:03:35.000Z,,,0.0,0.0,,0.0,0.0
UberX,completed,2024-10-04T23:14:58.000Z,2024-10-04T23:30:31.000Z,2024-10-04T23:49:32.000Z,7.875194912072962,1141.0,7.41,37.92,0.0
UberX,unfulfilled,2024-10-04T23:28:41.000Z,,,0.0,,,,0.0
UberX,completed,2024-10-05T00:13:19.000Z,2024-10-05T00:28:51.000Z,2024-10-05T00:51:11.000Z,9.462854186091644,1229.0,7.92,60.98,0.0
UberX,completed,2024-10-05T00:53:40.000Z,2024-10-05T01:08:48.000Z,2024-10-05T01:23:03.000Z,4.169199953466176,855.0,7.92,26.55,0.0
UberX,completed,2024-10-05T13:58:16.000Z,2024-10-05T14:09:00.000Z,2024-10-05T14:35:13.000Z,6.426713512156203,1573.0,7.58,37.86,0.0
UberX,rider_canceled,2024-10-05T14:31:45.000Z,,,0.0,0.0,,0.0,0.0
UberX,completed,2024-10-05T14:37:05.000Z,2024-10-05T14:44:26.000Z,2024-10-05T14:51:41.000Z,2.406777517773793,413.0,7.58,18.39,0.0
UberX,completed,2024-10-05T14:50:52.000Z,2024-10-05T15:10:07.000Z,2024-10-05T15:42:42.000Z,11.149972530231825,1955.0,7.58,65.14,0.0
UberX,completed,2024-10-05T15:39:22.000Z,2024-10-05T15:52:15.000Z,2024-10-05T16:12:20.000Z,3.573297731728696,1205.0,7.58,28.94,0.0
UberX,rider_canceled,2024-10-05T16:00:33.000Z,,,0.0,0.0,,0.0,0.0
UberX,completed,2024-10-05T16:06:48.000Z,2024-10-05T16:21:31.000Z,2024-10-05T16:38:24.000Z,2.9522813618036627,950.0,7.92,21.98,0.0
UberX,completed,2024-10-05T16:29:57.000Z,2024-10-05T16:48:22.000Z,2024-10-05T16:56:14.000Z,1.3815048203599063,463.0,7.92,19.99,0.0
UberX,completed,2024-10-05T16:49:21.000Z,2024-10-05T17:05:24.000Z,2024-10-05T17:15:36.000Z,1.9136338990785164,584.0,7.92,19.46,0.0
UberX,completed,2024-10-05T17:12:51.000Z,2024-10-05T17:18:04.000Z,2024-10-05T17:22:14.000Z,1.110986385482874,250.0,7.92,13.1,0.0
UberX,completed,2024-10-05T17:17:32.000Z,2024-10-05T17:28:10.000Z,2024-10-05T17:50:48.000Z,7.874924643474026,1358.0,7.92,41.3,0.0
UberX,completed,2024-10-05T17:39:04.000Z,2024-10-05T17:58:47.000Z,2024-10-05T18:19:13.000Z,7.075306376199822,1200.0,7.92,37.68,0.0
UberX,completed,2024-10-05T18:06:03.000Z,2024-10-05T18:23:31.000Z,2024-10-05T18:41:09.000Z,2.563538182171635,1038.0,7.92,23.99,0.0
UberX,completed,2024-10-05T18:31:55.000Z,2024-10-05T18:41:34.000Z,2024-10-05T18:52:49.000Z,2.388799349000855,675.0,7.92,19.78,0.0
UberX,completed,2024-10-05T18:41:24.000Z,2024-10-05T18:54:34.000Z,2024-10-05T19:06:43.000Z,3.911881512,729.0,7.92,24.64,0.0
UberX,completed,2024-10-05T19:04:24.000Z,2024-10-05T19:24:32.000Z,2024-10-05T19:38:07.000Z,3.16538065773278,815.0,7.92,23.21,0.0
UberX,completed,2024-10-05T19:32:46.000Z,2024-10-05T19:42:10.000Z,2024-10-05T20:00:31.000Z,4.527836187102712,1101.0,7.92,28.19,0.0
UberX,completed,2024-10-05T19:51:20.000Z,2024-10-05T20:03:31.000Z,2024-10-05T20:23:39.000Z,6.724388746363696,1208.0,7.92,35.93,0.0
UberX,completed,2024-10-05T20:10:40.000Z,2024-10-05T20:31:15.000Z,2024-10-05T20:43:53.000Z,4.902388624397876,758.0,7.92,26.99,0.0
UberX,completed,2024-10-05T21:01:56.000Z,2024-10-05T21:11:36.000Z,2024-10-05T21:31:21.000Z,3.3507741754533424,1125.0,7.92,24.96,0.0
UberX,completed,2024-10-05T21:31:53.000Z,2024-10-05T21:35:48.000Z,2024-10-05T21:48:39.000Z,3.793946082694253,748.0,7.92,24.5,0.0
UberX,completed,2024-10-05T21:47:17.000Z,2024-10-05T21:51:49.000Z,2024-10-05T22:07:24.000Z,4.047207504484502,935.0,7.92,25.7,0.0
UberX,completed,2024-10-05T21:56:39.000Z,2024-10-05T22:15:39.000Z,2024-10-05T22:32:00.000Z,7.103195973136274,981.0,7.92,37.92,0.0
UberX,completed,2024-10-05T22:31:05.000Z,2024-10-05T22:37:39.000Z,2024-10-05T23:04:49.000Z,7.3575615441028415,1630.0,7.92,39.44,0.0
UberX,completed,2024-10-05T23:13:37.000Z,2024-10-05T23:16:00.000Z,2024-10-05T23:25:31.000Z,3.5748585163526885,571.0,7.92,22.66,0.0
UberX,completed,2024-10-05T23:23:41.000Z,2024-10-05T23:30:53.000Z,2024-10-05T23:43:32.000Z,3.1457424208602496,759.0,7.92,21.91,0.0
UberX,completed,2024-10-05T23:34:27.000Z,2024-10-05T23:46:30.000Z,2024-10-05T23:58:21.000Z,2.9773344527936905,711.0,7.92,21.96,0.0
UberX,completed,2024-10-05T23:46:32.000Z,2024-10-06T00:07:03.000Z,2024-10-06T00:20:25.000Z,5.376276296415791,802.0,7.92,29.67,0.0
UberX,completed,2024-10-06T00:07:05.000Z,2024-10-06T00:22:41.000Z,2024-10-06T00:46:55.000Z,8.27506378,1444.0,7.92,37.95,0.0
UberX,completed,2024-10-06T01:28:12.000Z,2024-10-06T01:46:59.000Z,2024-10-06T01:55:21.000Z,3.1064191002081287,502.0,7.92,20.75,0.0
UberX,completed,2024-10-06T01:43:59.000Z,2024-10-06T02:01:00.000Z,2024-10-06T02:10:52.000Z,3.161677894815597,592.0,7.92,23.32,0.0
UberX,completed,2024-10-06T02:01:20.000Z,2024-10-06T02:19:16.000Z,2024-10-06T02:28:29.000Z,2.1903531036524897,553.0,7.92,26.14,0.0
UberX,completed,2024-10-06T02:20:32.000Z,2024-10-06T02:34:11.000Z,2024-10-06T02:55:26.000Z,9.237571033599275,1250.0,7.92,55.93,0.0
UberX,completed,2024-10-06T02:38:17.000Z,2024-10-06T03:10:41.000Z,2024-10-06T03:23:12.000Z,4.410357518124264,751.0,7.92,26.15,0.0
UberX,completed,2024-10-06T15:10:19.000Z,2024-10-06T15:16:06.000Z,2024-10-06T15:24:42.000Z,2.741425695,516.0,7.58,19.92,0.0
UberX,completed,2024-10-06T15:28:04.000Z,2024-10-06T15:37:23.000Z,2024-10-06T15:45:38.000Z,1.871940594399249,477.0,7.58,15.32,0.0
UberX,completed,2024-10-06T15:50:18.000Z,2024-10-06T15:59:49.000Z,2024-10-06T16:09:57.000Z,3.866826086858979,575.0,7.58,23.9,0.0
UberX,completed,2024-10-06T16:06:40.000Z,2024-10-06T16:10:05.000Z,2024-10-06T16:26:21.000Z,5.576039645,976.0,7.41,28.2,0.0
UberX,completed,2024-10-06T16:27:05.000Z,2024-10-06T16:32:57.000Z,2024-10-06T16:41:57.000Z,3.2527527566225096,540.0,7.41,20.23,0.0
UberX,completed,2024-10-06T16:46:21.000Z,2024-10-06T16:51:04.000Z,2024-10-06T16:58:45.000Z,2.130829312791872,461.0,7.41,16.98,0.0
UberX,completed,2024-10-06T16:54:47.000Z,2024-10-06T17:01:47.000Z,2024-10-06T17:15:39.000Z,3.7919308728421175,816.0,7.41,24.16,0.0
UberX,completed,2024-10-06T17:16:41.000Z,2024-10-06T17:25:34.000Z,2024-10-06T17:32:00.000Z,2.218876539056397,386.0,7.41,15.98,0.0
UberX,completed,2024-10-06T17:38:25.000Z,2024-10-06T17:53:54.000Z,2024-10-06T18:06:18.000Z,4.241675519242136,744.0,7.41,25.96,0.0
UberX,completed,2024-10-06T18:08:50.000Z,2024-10-06T18:13:34.000Z,2024-10-06T18:31:36.000Z,3.3311306607487907,1082.0,7.41,22.72,0.0
UberX,completed,2024-10-06T18:25:35.000Z,2024-10-06T18:36:29.000Z,2024-10-06T18:43:35.000Z,1.4057839712401807,388.0,7.41,13.97,0.0
UberX,completed,2024-10-06T18:41:42.000Z,2024-10-06T18:49:12.000Z,2024-10-06T19:03:19.000Z,2.34095129409208,748.0,7.41,17.04,0.0
UberX,completed,2024-10-06T19:01:57.000Z,2024-10-06T19:06:05.000Z,2024-10-06T19:20:30.000Z,2.5446104941458523,865.0,7.41,18.98,0.0
UberX,completed,2024-10-07T12:42:24.000Z,2024-10-07T12:45:09.000Z,2024-10-07T13:01:30.000Z,2.3265198788505312,981.0,7.41,15.93,0.0
UberX,completed,2024-10-07T13:06:06.000Z,2024-10-07T13:08:16.000Z,2024-10-07T13:16:13.000Z,1.2470405933235038,477.0,7.41,12.94,0.0
UberX,completed,2024-10-07T13:15:57.000Z,2024-10-07T13:30:47.000Z,2024-10-07T14:01:25.000Z,5.661616674566959,1838.0,7.41,35.99,0.0
UberX,completed,2024-10-07T14:01:25.000Z,2024-10-07T14:06:48.000Z,2024-10-07T14:33:44.000Z,5.236290207081662,1616.0,7.58,31.99,0.0
UberX,rider_canceled,2024-10-07T14:35:25.000Z,,,0.0,0.0,,0.0,0.0
UberX,completed,2024-10-07T14:54:30.000Z,2024-10-07T15:11:04.000Z,2024-10-07T15:34:26.000Z,4.955065408920396,1402.0,7.58,31.16,0.0
UberX,completed,2024-10-07T19:11:46.000Z,2024-10-07T19:15:28.000Z,2024-10-07T19:27:38.000Z,2.5200339814463173,730.0,7.41,19.97,0.0
UberX,completed,2024-10-07T19:29:20.000Z,2024-10-07T19:37:26.000Z,2024-10-07T19:56:11.000Z,3.359397443668993,1106.0,7.41,22.97,0.0
UberX,completed,2024-10-07T19:59:57.000Z,2024-10-07T20:08:25.000Z,2024-10-07T20:27:51.000Z,5.565504420476289,1166.0,7.41,29.91,0.0
UberX,completed,2024-10-07T20:25:45.000Z,2024-10-07T20:50:13.000Z,2024-10-07T21:13:10.000Z,8.891010331680476,1377.0,7.41,35.9,0.0
UberX,completed,2024-10-08T18:14:07.000Z,2024-10-08T18:16:37.000Z,2024-10-08T18:24:12.000Z,0.9537065012583832,440.0,7.41,11.92,0.0
UberX,completed,2024-10-08T18:21:07.000Z,2024-10-08T18:26:28.000Z,2024-10-08T18:37:07.000Z,3.007379287830078,639.0,7.41,19.29,0.0
UberX,completed,2024-10-08T18:34:38.000Z,2024-10-08T18:41:46.000Z,2024-10-08T18:57:07.000Z,2.055113977847724,921.0,7.41,20.56,0.0
UberX,completed,2024-10-08T18:41:50.000Z,2024-10-08T19:04:54.000Z,2024-10-08T19:15:26.000Z,1.6333524607286558,593.0,7.41,15.97,0.0
UberX,completed,2024-10-08T19:13:54.000Z,2024-10-08T19:21:23.000Z,2024-10-08T19:29:04.000Z,1.259492032578028,461.0,7.41,12.78,0.0
UberX,completed,2024-10-08T19:22:27.000Z,2024-10-08T19:29:41.000Z,2024-10-08T19:39:25.000Z,1.8395343227387095,584.0,7.41,15.95,0.0
UberX,completed,2024-10-08T19:30:49.000Z,2024-10-08T19:39:46.000Z,2024-10-08T19:53:25.000Z,1.5682418529874096,819.0,7.41,13.74,0.0
UberX,completed,2024-10-08T19:45:35.000Z,2024-10-08T19:58:43.000Z,2024-10-08T20:09:36.000Z,2.7139424692787766,653.0,7.41,19.15,0.0
UberX,completed,2024-10-08T20:08:23.000Z,2024-10-08T20:14:06.000Z,2024-10-08T20:21:30.000Z,1.9741623452158807,444.0,7.41,16.29,0.0
UberX,completed,2024-10-08T20:15:02.000Z,2024-10-08T20:35:18.000Z,2024-10-08T20:49:03.000Z,2.9983281718686903,814.0,7.41,20.98,0.0
UberX,completed,2024-10-09T14:07:11.000Z,2024-10-09T14:16:09.000Z,2024-10-09T14:41:58.000Z,3.015189883084382,1549.0,7.58,23.15,0.0
UberX,completed,2024-10-09T14:43:59.000Z,2024-10-09T14:51:01.000Z,2024-10-09T15:03:35.000Z,2.257479285276875,754.0,7.58,18.3,0.0
UberX,completed,2024-10-09T15:01:22.000Z,2024-10-09T15:05:27.000Z,2024-10-09T15:32:22.000Z,3.450503754587124,1586.0,7.58,25.62,0.0
UberX,rider_canceled,2024-10-09T15:24:59.000Z,,,0.0,0.0,,0.0,0.0
UberX,completed,2024-10-09T15:30:48.000Z,2024-10-09T15:44:32.000Z,2024-10-09T16:30:11.000Z,3.8659598095271326,2739.0,7.58,36.8,0.0
UberX,completed,2024-10-09T16:17:19.000Z,2024-10-09T16:38:44.000Z,2024-10-09T17:13:36.000Z,6.566981643348172,2092.0,7.58,39.21,0.0
UberX,completed,2024-10-09T17:23:36.000Z,2024-10-09T17:33:02.000Z,2024-10-09T17:52:07.000Z,4.796065137261091,1145.0,7.58,27.26,0.0
UberX,completed,2024-10-09T17:47:52.000Z,2024-10-09T17:57:09.000Z,2024-10-09T18:10:34.000Z,2.8565384566603464,805.0,7.58,19.92,0.0
UberX,completed,2024-10-09T18:10:15.000Z,2024-10-09T18:16:19.000Z,2024-10-09T18:28:16.000Z,3.059134111496187,691.0,7.41,21.83,0.0
UberX,completed,2024-10-09T18:21:49.000Z,2024-10-09T18:36:38.000Z,2024-10-09T18:53:24.000Z,4.009496361257834,1006.0,7.41,24.47,0.0
UberX,completed,2024-10-09T19:48:18.000Z,2024-10-09T19:57:11.000Z,2024-10-09T20:09:58.000Z,2.4363422521594877,767.0,7.41,17.92,0.0
UberX,completed,2024-10-09T20:09:44.000Z,2024-10-09T20:15:15.000Z,2024-10-09T20:36:55.000Z,4.932999981388104,1300.0,7.41,29.45,0.0
UberX,completed,2024-10-09T20:37:18.000Z,2024-10-09T20:43:17.000Z,2024-10-09T21:04:51.000Z,4.739997626586218,1294.0,7.41,26.94,0.0
UberX,completed,2024-10-17T16:25:42.000Z,2024-10-17T16:33:12.000Z,2024-10-17T16:39:29.000Z,1.379867879522422,377.0,7.58,16.21,0.0
UberX,completed,2024-10-17T16:36:52.000Z,2024-10-17T16:48:36.000Z,2024-10-17T17:14:26.000Z,3.719702814456696,1507.0,7.58,25.75,0.0
UberX,rider_canceled,2024-10-17T17:09:51.000Z,,,0.0,0.0,,0.0,0.0
UberX,completed,2024-10-17T17:12:12.000Z,2024-10-17T17:20:56.000Z,2024-10-17T17:35:24.000Z,2.9560547198887512,868.0,7.58,23.56,0.0
UberX,completed,2024-10-17T17:33:41.000Z,2024-10-17T17:40:23.000Z,2024-10-17T18:06:33.000Z,5.477125340762938,1560.0,7.58,30.63,0.0
UberX,completed,2024-10-17T18:54:41.000Z,2024-10-17T19:07:18.000Z,2024-10-17T19:11:44.000Z,0.7489547810238504,266.0,7.41,12.13,0.0
UberX,completed,2024-10-17T19:06:36.000Z,2024-10-17T19:16:50.000Z,2024-10-17T19:35:17.000Z,4.748411309483387,1107.0,7.41,27.92,0.0
UberX,completed,2024-10-18T16:00:25.000Z,2024-10-18T16:05:42.000Z,2024-10-18T16:21:33.000Z,3.276617888857517,951.0,7.58,23.97,0.0
UberX,completed,2024-10-18T16:09:11.000Z,2024-10-18T16:25:15.000Z,2024-10-18T16:41:22.000Z,3.489566440066099,967.0,7.58,35.24,0.0
UberX,completed,2024-10-18T16:32:25.000Z,2024-10-18T16:43:20.000Z,2024-10-18T16:57:36.000Z,3.7352207592323055,856.0,7.58,31.94,0.0
UberX,completed,2024-10-18T18:48:10.000Z,2024-10-18T18:59:40.000Z,2024-10-18T19:23:11.000Z,4.789394621197403,1312.0,7.41,30.07,0.0
UberX,completed,2024-10-18T19:21:29.000Z,2024-10-18T19:30:09.000Z,2024-10-18T19:55:22.000Z,5.375105938,1513.0,7.41,28.08,0.0
UberX,completed,2024-10-18T20:15:00.000Z,2024-10-18T20:12:39.000Z,2024-10-18T20:19:42.000Z,1.147769412283077,423.0,7.41,42.94,0.0
UberX,completed,2024-10-18T22:07:02.000Z,2024-10-18T22:13:43.000Z,2024-10-18T22:31:29.000Z,4.959146329139629,1066.0,7.41,28.56,0.0
UberX,completed,2024-10-18T22:36:02.000Z,2024-10-18T22:41:14.000Z,2024-10-18T22:55:02.000Z,4.943303796797587,828.0,7.41,26.21,0.0
UberX,completed,2024-10-18T23:44:06.000Z,2024-10-18T23:53:04.000Z,2024-10-19T00:02:18.000Z,3.022679197056628,554.0,7.41,19.05,0.0
UberX,completed,2024-10-19T00:02:05.000Z,2024-10-19T00:08:59.000Z,2024-10-19T00:24:58.000Z,6.624843396094608,959.0,7.92,33.99,0.0
UberX,completed,2024-10-19T00:21:13.000Z,2024-10-19T00:29:03.000Z,2024-10-19T00:40:09.000Z,3.473605262399095,666.0,7.92,22.91,0.0
UberX,completed,2024-10-19T00:44:53.000Z,2024-10-19T00:53:23.000Z,2024-10-19T01:05:08.000Z,4.349819316352425,705.0,7.92,26.65,0.0
UberX,completed,2024-10-19T14:31:14.000Z,2024-10-19T14:35:12.000Z,2024-10-19T14:55:21.000Z,4.034150626024854,1162.0,7.58,24.99,0.0
UberX,completed,2024-10-19T14:53:21.000Z,2024-10-19T15:01:21.000Z,2024-10-19T15:29:31.000Z,6.036910985661157,1690.0,7.58,35.84,0.0
UberX,completed,2024-10-19T16:58:50.000Z,2024-10-19T17:04:17.000Z,2024-10-19T17:29:36.000Z,7.2830598587188495,1519.0,7.92,37.98,0.0
UberX,completed,2024-10-19T17:22:04.000Z,2024-10-19T17:36:44.000Z,2024-10-19T17:47:45.000Z,0.9987623814044704,637.0,7.92,12.6,0.0
UberX,completed,2024-10-19T17:36:08.000Z,2024-10-19T17:48:16.000Z,2024-10-19T18:03:27.000Z,3.5301193748250985,911.0,7.92,27.19,0.0
UberX,completed,2024-10-19T18:05:24.000Z,2024-10-19T18:21:01.000Z,2024-10-19T18:34:44.000Z,5.725708831,823.0,7.92,33.19,0.0
UberX,completed,2024-10-19T20:15:00.000Z,2024-10-19T20:04:53.000Z,2024-10-19T20:14:22.000Z,1.5487820670106156,569.0,7.92,42.98,0.0
UberX,completed,2024-10-20T00:02:36.000Z,2024-10-20T00:11:50.000Z,2024-10-20T00:32:26.000Z,7.432129598946925,1236.0,7.92,40.99,0.0
UberX,completed,2024-10-20T00:37:32.000Z,2024-10-20T00:52:57.000Z,2024-10-20T01:07:07.000Z,5.3852720737392605,850.0,7.92,28.63,0.0
UberX,completed,2024-10-20T04:13:28.000Z,2024-10-20T04:26:42.000Z,2024-10-20T04:50:45.000Z,9.26357857,1443.0,7.41,60.4,0.0
UberX,driver_canceled,2024-10-20T04:50:38.000Z,,,0.0,0.0,,10.0,9.26
UberX,completed,2024-10-20T05:16:41.000Z,2024-10-20T05:32:22.000Z,2024-10-20T05:43:32.000Z,2.8576183510952595,670.0,7.41,29.13,0.0
UberX,completed,2024-10-20T05:41:39.000Z,2024-10-20T05:48:09.000Z,2024-10-20T06:02:56.000Z,3.073921058183089,887.0,7.41,25.26,0.0
UberX,completed,2024-10-20T17:04:46.000Z,2024-10-20T17:15:04.000Z,2024-10-20T17:44:19.000Z,6.641350954922154,1737.0,7.41,32.95,0.0
UberX,completed,2024-10-20T17:47:11.000Z,2024-10-20T17:56:39.000Z,2024-10-20T18:08:35.000Z,3.2854713382835032,716.0,7.41,20.84,0.0
UberX,completed,2024-10-20T18:09:08.000Z,2024-10-20T18:17:44.000Z,2024-10-20T18:32:55.000Z,4.127318576494121,877.0,7.41,22.11,0.0
UberX,completed,2024-10-20T18:36:11.000Z,2024-10-20T18:44:18.000Z,2024-10-20T18:57:03.000Z,3.6916362686742414,701.0,7.41,22.65,0.0
UberX,completed,2024-10-20T18:58:21.000Z,2024-10-20T19:04:48.000Z,2024-10-20T19:12:54.000Z,2.060595655953392,486.0,7.41,14.95,0.0
UberX,completed,2024-10-20T19:13:36.000Z,2024-10-20T19:20:52.000Z,2024-10-20T19:40:51.000Z,5.202523510546689,1160.0,7.41,26.92,0.0
UberX,completed,2024-10-21T14:28:06.000Z,2024-10-21T14:33:42.000Z,2024-10-21T14:48:04.000Z,5.817832354109027,846.0,7.58,30.98,0.0
UberX,completed,2024-10-21T15:12:07.000Z,2024-10-21T15:28:30.000Z,2024-10-21T15:35:50.000Z,1.375183308216016,427.0,7.58,13.82,0.0
UberX,rider_canceled,2024-10-21T15:27:54.000Z,,,0.0,0.0,,0.0,0.0
UberX,rider_canceled,2024-10-21T15:29:16.000Z,,,0.0,0.0,,0.0,0.0
UberX,completed,2024-10-21T15:33:02.000Z,2024-10-21T15:40:40.000Z,2024-10-21T16:14:27.000Z,8.382889659683155,2027.0,7.58,53.95,0.0
UberX,rider_canceled,2024-10-21T16:14:57.000Z,,,0.0,0.0,,0.0,0.0
UberX,completed,2024-10-21T16:18:30.000Z,2024-10-21T16:31:35.000Z,2024-10-21T16:50:00.000Z,4.528747740447999,1105.0,7.58,26.59,0.0
UberX,rider_canceled,2024-10-21T16:43:50.000Z,,,0.0,0.0,,6.54,0.0
UberX,completed,2024-10-21T17:02:42.000Z,2024-10-21T17:15:03.000Z,2024-10-21T17:29:35.000Z,2.582258769578776,872.0,7.58,25.31,0.0
UberX,completed,2024-10-21T17:24:58.000Z,2024-10-21T17:34:50.000Z,2024-10-21T17:49:40.000Z,2.444442184777916,890.0,7.58,20.99,0.0
UberX,completed,2024-10-21T17:51:00.000Z,2024-10-21T17:57:36.000Z,2024-10-21T18:22:24.000Z,8.037222077236486,1488.0,7.58,38.58,0.0
UberX,completed,2024-10-21T18:26:00.000Z,2024-10-21T18:36:17.000Z,2024-10-21T18:54:45.000Z,5.569888584708534,1108.0,7.41,32.61,0.0
UberX,completed,2024-10-22T18:03:39.000Z,2024-10-22T18:10:59.000Z,2024-10-22T18:22:01.000Z,1.7315041660409078,662.0,7.41,20.82,0.0
UberX,completed,2024-10-22T18:22:51.000Z,2024-10-22T18:27:43.000Z,2024-10-22T18:39:23.000Z,2.2712324303316347,700.0,7.41,18.35,0.0
UberX,completed,2024-10-22T18:40:09.000Z,2024-10-22T18:47:29.000Z,2024-10-22T19:05:39.000Z,2.5122916052730067,1090.0,7.41,22.98,0.0
UberX,completed,2024-10-23T14:18:09.000Z,2024-10-23T14:25:11.000Z,2024-10-23T14:48:56.000Z,3.964891117168285,1425.0,7.58,34.59,0.0
UberX,completed,2024-10-23T15:28:55.000Z,2024-10-23T15:32:47.000Z,2024-10-23T15:48:30.000Z,3.904079763600996,943.0,7.58,25.57,0.0
UberX,completed,2024-10-23T15:48:09.000Z,2024-10-23T15:49:32.000Z,2024-10-23T16:08:54.000Z,4.476463773544812,1162.0,7.58,26.55,0.0
UberX,completed,2024-10-23T16:06:47.000Z,2024-10-23T16:14:51.000Z,2024-10-23T16:33:30.000Z,2.030754347775752,1119.0,7.58,16.92,0.0
UberX,completed,2024-10-23T16:29:05.000Z,2024-10-23T16:39:07.000Z,2024-10-23T17:09:07.000Z,4.032679642,1789.0,7.58,28.25,0.0
UberX,completed,2024-10-23T17:04:18.000Z,2024-10-23T17:14:40.000Z,2024-10-23T17:43:58.000Z,7.151007333116388,1739.0,7.58,35.39,0.0
UberX,completed,2024-10-23T19:31:35.000Z,2024-10-23T19:35:18.000Z,2024-10-23T19:53:49.000Z,5.7180178904003895,1111.0,7.41,27.56,0.0
UberX,completed,2024-10-24T07:03:42.000Z,2024-10-24T07:11:37.000Z,2024-10-24T07:17:38.000Z,1.2303950123708465,361.0,7.58,20.58,0.0
UberX,completed,2024-10-24T07:14:06.000Z,2024-10-24T07:21:20.000Z,2024-10-24T07:44:18.000Z,3.530178781242472,1378.0,7.58,25.97,0.0
UberX,completed,2024-10-24T07:39:13.000Z,2024-10-24T07:54:36.000Z,2024-10-24T08:04:11.000Z,1.0869219720278545,560.0,7.58,22.83,0.0
UberX,rider_canceled,2024-10-24T08:00:45.000Z,,,0.0,0.0,,0.0,0.0
UberX,completed,2024-10-24T08:13:12.000Z,2024-10-24T08:32:18.000Z,2024-10-24T08:55:00.000Z,5.204402309004481,1303.0,7.58,33.95,0.0
UberX,rider_canceled,2024-10-24T08:51:29.000Z,,,0.0,0.0,,0.0,0.0
UberX,rider_canceled,2024-10-24T16:19:26.000Z,,,0.0,0.0,,0.0,0.0
UberX,completed,2024-10-24T16:19:32.000Z,2024-10-24T16:34:57.000Z,2024-10-24T17:24:31.000Z,11.73720586920333,2939.0,7.58,91.6,0.0
UberX,completed,2024-10-24T17:29:29.000Z,2024-10-24T17:50:31.000Z,2024-10-24T18:18:20.000Z,6.020764082491239,1654.0,7.58,35.28,0.0
UberX,completed,2024-10-24T18:07:26.000Z,2024-10-24T18:20:22.000Z,2024-10-24T18:24:48.000Z,0.8021650783274694,266.0,7.41,11.87,0.0
UberX,completed,2024-10-24T18:26:39.000Z,2024-10-24T18:34:53.000Z,2024-10-24T18:51:14.000Z,3.472839672317398,981.0,7.41,24.57,0.0
UberX,completed,2024-10-25T14:41:06.000Z,2024-10-25T14:50:29.000Z,2024-10-25T15:13:36.000Z,4.596556293111969,1387.0,7.58,30.95,0.0
UberX,completed,2024-10-25T15:07:18.000Z,2024-10-25T15:17:41.000Z,2024-10-25T15:27:18.000Z,1.640053905,577.0,7.58,15.2,0.0
UberX,rider_canceled,2024-10-25T15:17:44.000Z,,,0.0,0.0,,0.0,0.0
UberX,completed,2024-10-25T15:23:02.000Z,2024-10-25T15:36:11.000Z,2024-10-25T15:50:06.000Z,2.591573606873688,835.0,7.58,29.92,0.0
UberX,completed,2024-10-25T15:38:40.000Z,2024-10-25T16:03:47.000Z,2024-10-25T16:24:30.000Z,3.494585628875606,1243.0,7.58,25.93,0.0
UberX,completed,2024-10-25T16:16:50.000Z,2024-10-25T16:35:29.000Z,2024-10-25T16:51:43.000Z,2.1861348627806025,974.0,7.58,20.16,0.0
UberX,completed,2024-10-25T17:15:00.000Z,2024-10-25T17:07:44.000Z,2024-10-25T17:23:43.000Z,3.075396690856504,959.0,7.58,42.8,0.0
UberX,completed,2024-10-25T17:25:25.000Z,2024-10-25T17:42:30.000Z,2024-10-25T17:58:41.000Z,2.824726161183545,971.0,7.58,20.87,0.0
UberX,completed,2024-10-25T17:46:52.000Z,2024-10-25T18:01:09.000Z,2024-10-25T18:18:55.000Z,3.319959660862086,1066.0,7.58,24.55,0.0
UberX,completed,2024-10-25T18:13:45.000Z,2024-10-25T18:27:01.000Z,2024-10-25T18:42:11.000Z,2.1234232502968693,910.0,7.41,18.16,0.0
UberX,rider_canceled,2024-10-25T18:37:01.000Z,,,0.0,0.0,,0.0,0.0
UberX,completed,2024-10-25T18:38:31.000Z,2024-10-25T18:48:31.000Z,2024-10-25T19:02:29.000Z,3.644024722525148,838.0,7.41,25.06,0.0
UberX,completed,2024-10-25T18:51:06.000Z,2024-10-25T19:06:11.000Z,2024-10-25T19:28:10.000Z,3.5923971241218493,1319.0,7.41,31.97,0.0
UberX,completed,2024-10-25T19:23:15.000Z,2024-10-25T19:40:10.000Z,2024-10-25T19:49:42.000Z,1.9079543281767792,572.0,7.41,21.5,0.0
UberX,completed,2024-10-25T19:46:25.000Z,2024-10-25T20:05:13.000Z,2024-10-25T20:22:44.000Z,5.625739739293413,1051.0,7.41,30.05,0.0
UberX,completed,2024-10-25T20:18:42.000Z,2024-10-25T20:29:00.000Z,2024-10-25T20:39:36.000Z,2.025039430560043,636.0,7.41,16.76,0.0
UberX,completed,2024-10-25T20:55:45.000Z,2024-10-25T21:03:28.000Z,2024-10-25T21:20:38.000Z,6.164584885230465,1030.0,7.41,31.96,0.0
UberX,completed,2024-10-25T22:04:50.000Z,2024-10-25T22:16:20.000Z,2024-10-25T22:31:39.000Z,4.408693944,895.0,7.41,26.54,0.0
UberX,completed,2024-10-25T22:40:06.000Z,2024-10-25T22:49:37.000Z,2024-10-25T23:06:59.000Z,5.310754711171859,1032.0,7.41,27.38,0.0
UberX,completed,2024-10-25T23:06:48.000Z,2024-10-25T23:15:56.000Z,2024-10-25T23:28:12.000Z,3.851159920659753,736.0,7.41,23.93,0.0
UberX,completed,2024-10-25T23:10:52.000Z,2024-10-25T23:31:38.000Z,2024-10-25T23:49:01.000Z,8.124387644597194,1043.0,7.41,39.94,0.0
UberX,completed,2024-10-26T00:18:11.000Z,2024-10-26T00:25:26.000Z,2024-10-26T00:43:41.000Z,7.949010640691285,1095.0,7.92,41.77,0.0
UberX,completed,2024-10-26T00:56:52.000Z,2024-10-26T01:03:04.000Z,2024-10-26T01:12:28.000Z,3.898793668428009,564.0,7.92,22.94,0.0
UberX,completed,2024-10-26T01:14:24.000Z,2024-10-26T01:21:44.000Z,2024-10-26T01:39:29.000Z,7.940523106695343,1065.0,7.92,40.26,0.0
UberX,completed,2024-10-26T01:48:50.000Z,2024-10-26T02:03:27.000Z,2024-10-26T02:24:47.000Z,6.177496207315948,1280.0,7.92,38.92,0.0
UberX,completed,2024-10-26T02:18:12.000Z,2024-10-26T02:27:28.000Z,2024-10-26T02:46:01.000Z,8.048342648986875,1113.0,7.92,41.12,0.0
UberX,completed,2024-10-26T14:56:12.000Z,2024-10-26T15:04:28.000Z,2024-10-26T15:12:57.000Z,1.5311455465813846,509.0,7.58,18.2,0.0
UberX,completed,2024-10-26T15:09:01.000Z,2024-10-26T15:18:55.000Z,2024-10-26T15:30:44.000Z,1.9693913119473363,709.0,7.58,18.1,0.0
UberX,completed,2024-10-26T15:18:58.000Z,2024-10-26T15:32:28.000Z,2024-10-26T15:53:10.000Z,6.044723936,1242.0,7.58,32.98,0.0
UberX,completed,2024-10-26T15:53:43.000Z,2024-10-26T16:09:16.000Z,2024-10-26T16:33:05.000Z,6.287355714119546,1429.0,7.58,33.51,0.0
UberX,completed,2024-10-26T16:16:35.000Z,2024-10-26T16:38:06.000Z,2024-10-26T16:54:51.000Z,4.305877560516925,1005.0,7.92,26.96,0.0
UberX,completed,2024-10-26T16:44:16.000Z,2024-10-26T16:59:00.000Z,2024-10-26T17:10:21.000Z,2.5853506211595305,681.0,7.92,19.97,0.0
UberX,completed,2024-10-26T17:03:13.000Z,2024-10-26T17:13:00.000Z,2024-10-26T17:19:08.000Z,1.1386619247331689,361.0,7.92,13.96,0.0
UberX,completed,2024-10-26T17:20:51.000Z,2024-10-26T17:29:08.000Z,2024-10-26T17:44:46.000Z,3.0868553185827485,933.0,7.92,19.94,0.0
UberX,completed,2024-10-26T17:27:57.000Z,2024-10-26T17:49:05.000Z,2024-10-26T18:22:11.000Z,8.514493531,1934.0,7.92,52.12,0.0
UberX,rider_canceled,2024-10-26T18:02:24.000Z,,,0.0,0.0,,0.0,0.0
UberX,completed,2024-10-26T18:09:23.000Z,2024-10-26T18:25:26.000Z,2024-10-26T18:36:19.000Z,3.848815838567989,653.0,7.92,24.9,0.0
UberX,completed,2024-10-26T18:25:09.000Z,2024-10-26T18:41:54.000Z,2024-10-26T18:47:24.000Z,1.684089202402697,330.0,7.92,21.92,0.0
UberX,completed,2024-10-26T18:41:51.000Z,2024-10-26T18:58:27.000Z,2024-10-26T19:07:02.000Z,1.7849754322262437,515.0,7.92,20.97,0.0
UberX,completed,2024-10-26T18:59:34.000Z,2024-10-26T19:11:39.000Z,2024-10-26T19:24:55.000Z,3.0442342117698904,796.0,7.92,21.44,0.0
UberX,rider_canceled,2024-10-26T19:20:45.000Z,,,0.0,0.0,,0.0,0.0
UberX,completed,2024-10-26T19:24:09.000Z,2024-10-26T19:30:52.000Z,2024-10-26T19:43:07.000Z,3.394896980561259,735.0,7.92,21.9,0.0
UberX,completed,2024-10-26T19:38:07.000Z,2024-10-26T19:52:24.000Z,2024-10-26T20:04:46.000Z,5.194504757562024,742.0,7.92,28.29,0.0
UberX,completed,2024-10-26T19:59:29.000Z,2024-10-26T20:17:34.000Z,2024-10-26T20:29:26.000Z,2.9316056777002792,686.0,7.92,21.21,0.0
UberX,completed,2024-10-26T20:20:22.000Z,2024-10-26T20:39:41.000Z,2024-10-26T20:48:41.000Z,3.5876529646189668,540.0,7.92,22.97,0.0
UberX,completed,2024-10-26T20:47:05.000Z,2024-10-26T21:03:25.000Z,2024-10-26T21:44:06.000Z,15.441071442366251,2441.0,7.92,95.37,0.0
UberX,rider_canceled,2024-10-26T21:38:15.000Z,,,0.0,0.0,,10.0,9.26
UberX,completed,2024-10-26T22:28:51.000Z,2024-10-26T22:34:16.000Z,2024-10-26T23:02:50.000Z,9.450464728787244,1714.0,7.92,52.17,0.0
UberX,rider_canceled,2024-10-26T23:52:18.000Z,,,0.0,0.0,,5.0,4.63
UberX,completed,2024-10-26T23:59:20.000Z,2024-10-27T00:05:45.000Z,2024-10-27T00:11:43.000Z,1.5594647124897254,358.0,7.92,14.91,0.0
UberX,completed,2024-10-27T00:10:36.000Z,2024-10-27T00:17:33.000Z,2024-10-27T00:28:58.000Z,3.499091173284814,620.0,7.92,23.84,0.0
UberX,completed,2024-10-27T00:16:42.000Z,2024-10-27T00:34:02.000Z,2024-10-27T00:45:02.000Z,4.4793799999952615,660.0,7.92,25.77,0.0
UberX,completed,2024-10-27T00:42:25.000Z,2024-10-27T01:01:39.000Z,2024-10-27T01:14:27.000Z,4.372166285,750.0,7.92,28.79,0.0
UberX,completed,2024-10-27T00:58:32.000Z,2024-10-27T01:19:33.000Z,2024-10-27T01:39:13.000Z,5.939402575189713,1180.0,7.92,34.98,0.0
UberX,rider_canceled,2024-10-27T01:01:20.000Z,,,0.0,0.0,,0.0,0.0
UberX,rider_canceled,2024-10-27T02:00:51.000Z,,,0.0,0.0,,0.0,0.0
UberX,completed,2024-10-27T02:14:14.000Z,2024-10-27T02:20:46.000Z,2024-10-27T02:37:15.000Z,6.184017104609996,989.0,7.92,31.9,0.0
UberX,completed,2024-10-27T02:24:52.000Z,2024-10-27T02:41:30.000Z,2024-10-27T02:58:35.000Z,5.498103100719975,1025.0,7.92,35.95,0.0
UberX,completed,2024-10-27T02:46:33.000Z,2024-10-27T02:06:04.000Z,2024-10-27T02:20:34.000Z,3.2742908573606955,870.0,7.92,21.95,0.0
UberX,completed,2024-10-27T02:19:46.000Z,2024-10-27T02:27:42.000Z,2024-10-27T02:49:35.000Z,6.557144736005022,1313.0,7.92,38.9,0.0
UberX,completed,2024-10-27T02:41:29.000Z,2024-10-27T03:03:12.000Z,2024-10-27T03:25:48.000Z,8.941493833206584,1333.0,7.92,47.84,0.0
UberX,rider_canceled,2024-10-27T03:07:08.000Z,,,0.0,0.0,,10.0,9.26
UberX,completed,2024-10-27T03:22:51.000Z,2024-10-27T03:29:46.000Z,2024-10-27T03:39:20.000Z,3.1972146219135342,574.0,7.92,21.9,0.0
UberX,completed,2024-10-27T16:46:43.000Z,2024-10-27T16:54:44.000Z,2024-10-27T17:13:50.000Z,4.275119443729619,1146.0,7.41,32.5,0.0
UberX,rider_canceled,2024-10-27T18:19:37.000Z,,,0.0,0.0,,0.0,0.0
UberX,completed,2024-10-28T14:38:23.000Z,2024-10-28T14:56:42.000Z,2024-10-28T15:24:35.000Z,4.210469298790539,1673.0,7.58,27.7,0.0
UberX,completed,2024-10-28T15:16:39.000Z,2024-10-28T15:33:49.000Z,2024-10-28T15:59:38.000Z,6.469708244428491,1549.0,7.58,35.99,0.0
UberX,rider_canceled,2024-10-28T15:48:39.000Z,,,0.0,0.0,,0.0,0.0
UberX,completed,2024-10-28T15:53:59.000Z,2024-10-28T16:03:19.000Z,2024-10-28T16:32:59.000Z,4.849249628665081,1746.0,7.58,43.34,0.0
UberX,completed,2024-10-28T16:34:23.000Z,2024-10-28T16:43:01.000Z,2024-10-28T17:16:32.000Z,5.802296115854042,2011.0,7.58,35.94,0.0
UberX,rider_canceled,2024-10-28T16:56:29.000Z,,,0.0,0.0,,0.0,0.0
UberX,completed,2024-10-28T17:07:49.000Z,2024-10-28T17:24:43.000Z,2024-10-28T17:38:16.000Z,2.5271745488821784,813.0,7.58,18.93,0.0
UberX,completed,2024-10-28T17:28:54.000Z,2024-10-28T17:42:30.000Z,2024-10-28T17:52:39.000Z,1.7355941400653638,609.0,7.58,17.79,0.0
UberX,rider_canceled,2024-10-28T17:43:10.000Z,,,0.0,0.0,,0.0,0.0
UberX,completed,2024-10-28T17:48:22.000Z,2024-10-28T17:56:30.000Z,2024-10-28T18:29:32.000Z,7.9417936198393155,1938.0,7.58,42.99,0.0
UberX,completed,2024-10-28T18:26:03.000Z,2024-10-28T18:44:38.000Z,2024-10-28T19:06:04.000Z,7.405233427558012,1286.0,7.41,35.82,0.0
UberX,completed,2024-10-28T19:08:28.000Z,2024-10-28T19:14:22.000Z,2024-10-28T19:18:04.000Z,0.8086120320633667,222.0,7.41,16.5,0.0
UberX,completed,2024-10-28T19:24:05.000Z,2024-10-28T19:29:59.000Z,2024-10-28T19:46:22.000Z,4.934076864252961,957.0,7.41,26.69,0.0
UberX,completed,2024-10-29T07:30:09.000Z,2024-10-29T07:41:22.000Z,2024-10-29T07:46:32.000Z,0.7806098705868566,310.0,7.58,12.28,0.0
UberX,completed,2024-10-29T07:41:39.000Z,2024-10-29T07:54:27.000Z,2024-10-29T08:16:26.000Z,3.9098103657028256,1279.0,7.58,25.04,0.0
UberX,completed,2024-10-29T08:00:34.000Z,2024-10-29T08:27:31.000Z,2024-10-29T08:52:02.000Z,6.257844102930948,1471.0,7.58,28.51,0.0
UberX,completed,2024-10-29T08:46:02.000Z,2024-10-29T08:56:55.000Z,2024-10-29T09:02:01.000Z,0.5996553976161398,265.0,7.58,11.5,0.0
UberX,completed,2024-10-29T08:59:39.000Z,2024-10-29T09:06:21.000Z,2024-10-29T09:26:40.000Z,4.203516113650013,1219.0,7.58,24.15,0.0
UberX,completed,2024-10-29T14:29:05.000Z,2024-10-29T14:46:41.000Z,2024-10-29T15:11:51.000Z,4.138451572175843,1510.0,7.58,26.72,0.0
UberX,completed,2024-10-29T15:08:17.000Z,2024-10-29T15:14:40.000Z,2024-10-29T15:43:26.000Z,6.186489984187066,1726.0,7.58,36.4,0.0
UberX,completed,2024-10-29T15:40:59.000Z,2024-10-29T15:50:18.000Z,2024-10-29T16:06:38.000Z,4.060602638462639,980.0,7.58,28.53,0.0
UberX,completed,2024-10-29T15:55:12.000Z,2024-10-29T16:15:54.000Z,2024-10-29T16:22:03.000Z,0.57834011,369.0,7.58,13.8,0.0
UberX,completed,2024-10-29T16:17:09.000Z,2024-10-29T16:30:33.000Z,2024-10-29T16:54:14.000Z,3.417298344504742,1421.0,7.58,25.97,0.0
UberX,completed,2024-10-29T16:42:24.000Z,2024-10-29T16:59:16.000Z,2024-10-29T17:39:19.000Z,7.921671278053523,2403.0,7.58,58.92,0.0
UberX,completed,2024-10-29T17:39:21.000Z,2024-10-29T18:01:36.000Z,2024-10-29T18:45:48.000Z,9.459225378633612,2652.0,7.58,56.08,0.0
UberX,completed,2024-10-29T18:47:20.000Z,2024-10-29T18:52:11.000Z,2024-10-29T19:12:40.000Z,3.8610195551310698,1229.0,7.41,24.65,0.0
UberX,completed,2024-10-30T08:15:13.000Z,2024-10-30T08:26:02.000Z,2024-10-30T08:54:12.000Z,5.791015104015455,1690.0,7.58,33.56,0.0
UberX,completed,2024-10-30T08:58:43.000Z,2024-10-30T09:05:42.000Z,2024-10-30T09:20:50.000Z,3.1041654310022597,908.0,7.58,19.91,0.0
UberX,rider_canceled,2024-10-30T09:18:03.000Z,,,0.0,0.0,,0.0,0.0
UberX,completed,2024-10-30T09:23:55.000Z,2024-10-30T09:27:46.000Z,2024-10-30T09:44:40.000Z,4.643442793932413,1014.0,7.41,25.6,0.0
UberX,completed,2024-10-30T09:49:19.000Z,2024-10-30T10:05:44.000Z,2024-10-30T10:17:31.000Z,2.8465725373545085,707.0,7.41,18.92,0.0
UberX,completed,2024-10-30T14:29:02.000Z,2024-10-30T14:44:24.000Z,2024-10-30T14:59:49.000Z,2.207712787812905,925.0,7.58,19.14,0.0
UberX,completed,2024-10-30T14:54:09.000Z,2024-10-30T15:10:04.000Z,2024-10-30T15:26:50.000Z,3.619018227804199,963.0,7.58,22.96,0.0
UberX,completed,2024-10-30T15:24:39.000Z,2024-10-30T15:45:48.000Z,2024-10-30T16:19:48.000Z,8.564099632034647,2040.0,7.58,51.97,0.0
UberX,rider_canceled,2024-10-30T16:07:48.000Z,,,0.0,0.0,,0.0,0.0
UberX,completed,2024-10-30T16:23:11.000Z,2024-10-30T16:33:06.000Z,2024-10-30T16:48:57.000Z,3.6816231639741273,951.0,7.58,24.07,0.0
UberX,completed,2024-10-30T16:40:21.000Z,2024-10-30T16:57:53.000Z,2024-10-30T17:10:04.000Z,3.232859271755552,731.0,7.58,22.01,0.0
UberX,completed,2024-10-30T17:00:26.000Z,2024-10-30T17:16:03.000Z,2024-10-30T17:47:11.000Z,6.543992447512389,1817.0,7.58,43.36,0.0
UberX,completed,2024-10-30T17:46:52.000Z,2024-10-30T18:00:59.000Z,2024-10-30T18:07:50.000Z,1.9559450562193432,411.0,7.58,17.32,0.0
UberX,rider_canceled,2024-10-30T18:07:07.000Z,,,0.0,0.0,,0.0,0.0
UberX,completed,2024-10-30T18:09:04.000Z,2024-10-30T18:26:20.000Z,2024-10-30T18:45:11.000Z,3.3703942231045314,1131.0,7.41,22.31,0.0
UberX,completed,2024-10-31T07:27:42.000Z,2024-10-31T07:40:36.000Z,2024-10-31T07:52:32.000Z,1.5165070379907966,716.0,7.58,14.96,0.0
UberX,rider_canceled,2024-10-31T07:44:48.000Z,,,0.0,0.0,,0.0,0.0
UberX,completed,2024-10-31T07:50:21.000Z,2024-10-31T07:59:54.000Z,2024-10-31T08:16:37.000Z,2.6867608946713912,1003.0,7.58,18.96,0.0
UberX,completed,2024-10-31T08:14:14.000Z,2024-10-31T08:20:18.000Z,2024-10-31T08:33:26.000Z,2.0175482253697283,734.0,7.58,17.37,0.0
UberX,completed,2024-10-31T08:33:02.000Z,2024-10-31T08:44:45.000Z,2024-10-31T08:58:06.000Z,2.6844044060071472,801.0,7.58,19.93,0.0
UberX,completed,2024-10-31T08:57:55.000Z,2024-10-31T09:06:58.000Z,2024-10-31T09:15:43.000Z,1.7645803215697955,525.0,7.58,15.04,0.0
UberX,completed,2024-10-31T09:20:51.000Z,2024-10-31T09:35:59.000Z,2024-10-31T10:39:26.000Z,6.367104772526393,3773.0,7.41,45.12,0.0
UberX,rider_canceled,2024-10-31T09:53:25.000Z,,,0.0,0.0,,0.0,0.0
UberX,completed,2024-10-31T10:48:52.000Z,2024-10-31T11:08:12.000Z,2024-10-31T11:27:36.000Z,2.3224449553982107,1164.0,7.41,18.91,0.0
UberX,completed,2024-10-31T15:37:15.000Z,2024-10-31T15:47:09.000Z,2024-10-31T16:03:02.000Z,2.640228667916308,953.0,7.58,30.62,0.0
UberX,driver_canceled,2024-10-31T15:51:46.000Z,,,0.0,0.0,,5.0,4.63
UberX,completed,2024-10-31T16:12:44.000Z,2024-10-31T16:24:29.000Z,2024-10-31T16:59:50.000Z,6.647687087954942,2104.0,7.58,43.72,0.0
UberX,rider_canceled,2024-10-31T16:37:55.000Z,,,0.0,0.0,,0.0,0.0
UberX,rider_canceled,2024-10-31T16:41:31.000Z,,,0.0,0.0,,0.0,0.0
UberX,completed,2024-10-31T17:05:00.000Z,2024-10-31T17:05:36.000Z,2024-10-31T17:53:59.000Z,10.140956527547326,2876.0,7.58,78.93,0.0
UberX,completed,2024-10-31T17:49:55.000Z,2024-10-31T18:08:37.000Z,2024-10-31T18:39:17.000Z,7.921631955800893,1840.0,7.58,46.45,0.0
UberX,completed,2024-10-31T18:26:45.000Z,2024-10-31T18:50:46.000Z,2024-10-31T18:59:51.000Z,3.158142849610027,545.0,7.41,19.97,0.0
UberX,completed,2024-10-31T18:44:38.000Z,2024-10-31T19:09:36.000Z,2024-10-31T19:17:17.000Z,2.844671030617104,461.0,7.41,22.55,0.0
UberX,rider_canceled,2024-10-31T18:56:13.000Z,,,0.0,0.0,,0.0,0.0
UberX,completed,2024-10-31T19:05:10.000Z,2024-10-31T19:29:06.000Z,2024-10-31T19:45:32.000Z,5.402577297664239,986.0,7.41,28.07,0.0
UberX,completed,2024-10-31T19:48:30.000Z,2024-10-31T20:06:43.000Z,2024-10-31T20:23:14.000Z,3.029501517712008,991.0,7.41,29.54,0.0
UberX,completed,2024-10-31T20:27:04.000Z,2024-10-31T20:33:00.000Z,2024-10-31T20:45:48.000Z,3.2764032373569982,768.0,7.41,20.99,0.0
UberX,completed,2024-10-31T20:30:29.000Z,2024-10-31T20:53:12.000Z,2024-10-31T21:01:39.000Z,1.4540771440449254,507.0,7.41,18.57,0.0
UberX,completed,2024-10-31T20:58:18.000Z,2024-10-31T21:11:08.000Z,2024-10-31T21:24:49.000Z,4.031114884826343,821.0,7.41,23.57,0.0
UberX,completed,2024-10-31T21:15:43.000Z,2024-10-31T21:35:32.000Z,2024-10-31T21:48:58.000Z,5.1275863624722025,806.0,7.41,26.67,0.0
UberX,driver_canceled,2024-10-31T21:43:01.000Z,,,0.0,0.0,,9.28,0.0
UberX,completed,2024-10-31T22:05:13.000Z,2024-10-31T22:13:26.000Z,2024-10-31T22:22:38.000Z,2.468390687379878,540.0,7.41,18.18,0.0
UberX,rider_canceled,2024-10-31T22:17:15.000Z,,,0.0,0.0,,0.0,0.0
UberX,completed,2024-10-31T22:18:07.000Z,2024-10-31T22:27:30.000Z,2024-10-31T22:41:23.000Z,3.9602090980472378,833.0,7.41,23.9,0.0
UberX,completed,2024-10-31T23:18:43.000Z,2024-10-31T23:29:31.000Z,2024-10-31T23:50:12.000Z,4.660183555462235,1241.0,7.41,25.1,0.0
UberX,completed,2024-10-31T23:33:55.000Z,2024-11-01T00:02:53.000Z,2024-11-01T00:25:15.000Z,8.701861171878388,1342.0,7.41,39.91,0.0
UberX,completed,2024-11-01T00:03:38.000Z,2024-11-01T00:34:43.000Z,2024-11-01T00:38:17.000Z,0.6512377548868958,214.0,7.41,11.5,0.0
UberX,rider_canceled,2024-11-01T00:26:58.000Z,,,0.0,0.0,,0.0,0.0
UberX,completed,2024-11-01T15:29:11.000Z,2024-11-01T15:33:00.000Z,2024-11-01T15:45:40.000Z,1.6578027353942135,760.0,7.58,14.97,0.0
UberX,completed,2024-11-01T17:53:39.000Z,2024-11-01T17:55:10.000Z,2024-11-01T18:07:41.000Z,3.0905154643769284,751.0,7.58,20.71,0.0
UberX,completed,2024-11-01T18:06:46.000Z,2024-11-01T18:16:16.000Z,2024-11-01T18:41:47.000Z,5.521813810657881,1531.0,7.41,31.52,0.0
UberX,completed,2024-11-01T19:11:15.000Z,2024-11-01T19:19:13.000Z,2024-11-01T19:30:05.000Z,3.4684758173723638,652.0,7.41,22.16,0.0
UberX,completed,2024-11-01T19:30:18.000Z,2024-11-01T19:34:53.000Z,2024-11-01T19:48:37.000Z,4.130948785636536,824.0,7.41,22.16,0.0
UberX,completed,2024-11-04T15:02:02.000Z,2024-11-04T15:08:05.000Z,2024-11-04T15:25:37.000Z,2.495498724317632,1052.0,7.58,20.78,0.0
UberX,rider_canceled,2024-11-04T15:10:45.000Z,,,0.0,0.0,,0.0,0.0
UberX,completed,2024-11-04T15:22:41.000Z,2024-11-04T15:33:53.000Z,2024-11-04T15:51:13.000Z,2.599102430068738,1040.0,7.58,27.72,0.0
UberX,completed,2024-11-04T15:48:01.000Z,2024-11-04T15:55:29.000Z,2024-11-04T16:14:19.000Z,3.5817733615597884,1130.0,7.58,25.41,0.0
UberX,completed,2024-11-04T16:13:37.000Z,2024-11-04T16:18:53.000Z,2024-11-04T16:46:24.000Z,3.962045601751529,1651.0,7.58,26.65,0.0
UberX,completed,2024-11-04T16:44:32.000Z,2024-11-04T17:10:58.000Z,2024-11-04T17:36:06.000Z,4.862285834538695,1508.0,7.58,33.36,0.0
UberX,completed,2024-11-04T17:35:30.000Z,2024-11-04T17:52:55.000Z,2024-11-04T18:09:51.000Z,6.149588740489464,1016.0,7.58,34.67,0.0
UberX,completed,2024-11-04T18:07:41.000Z,2024-11-04T18:20:38.000Z,2024-11-04T18:40:33.000Z,8.974668579815594,1195.0,7.41,51.31,0.0
UberX,completed,2024-11-05T14:32:20.000Z,2024-11-05T14:44:03.000Z,2024-11-05T14:58:10.000Z,3.3667718281814527,847.0,7.58,19.94,0.0
UberX,completed,2024-11-05T14:56:18.000Z,2024-11-05T15:14:17.000Z,2024-11-05T15:39:07.000Z,2.513183085668192,1490.0,7.58,21.0,0.0
UberX,rider_canceled,2024-11-05T15:25:20.000Z,,,0.0,0.0,,0.0,0.0
UberX,completed,2024-11-05T15:29:46.000Z,2024-11-05T15:42:50.000Z,2024-11-05T16:09:41.000Z,3.6726161013865752,1587.0,7.58,24.99,0.0
UberX,rider_canceled,2024-11-05T15:51:58.000Z,,,0.0,0.0,,0.0,0.0
UberX,completed,2024-11-05T17:12:35.000Z,2024-11-05T17:21:31.000Z,2024-11-05T17:39:53.000Z,3.9004865659729617,1102.0,7.58,26.32,0.0
UberX,completed,2024-11-05T17:39:04.000Z,2024-11-05T17:49:14.000Z,2024-11-05T18:16:15.000Z,4.656194104145973,1621.0,7.58,26.23,0.0
UberX,completed,2024-11-05T18:16:28.000Z,2024-11-05T18:22:31.000Z,2024-11-05T18:28:44.000Z,1.4955531,373.0,7.41,14.93,0.0
UberX,completed,2024-11-07T07:38:18.000Z,2024-11-07T07:48:14.000Z,2024-11-07T08:31:58.000Z,4.791799675740935,2624.0,7.58,35.06,0.0
UberX,completed,2024-11-07T08:35:16.000Z,2024-11-07T08:53:31.000Z,2024-11-07T09:15:52.000Z,5.843882827317044,1341.0,7.58,31.34,0.0
UberX,completed,2024-11-07T16:26:47.000Z,2024-11-07T16:32:38.000Z,2024-11-07T16:46:08.000Z,2.438975358348731,810.0,7.58,19.07,0.0
UberX,completed,2024-11-07T16:46:39.000Z,2024-11-07T17:01:11.000Z,2024-11-07T17:15:02.000Z,1.6821097636088236,796.0,7.58,16.99,0.0
UberX,completed,2024-11-07T17:13:49.000Z,2024-11-07T17:19:05.000Z,2024-11-07T17:32:47.000Z,0.5905370151371773,822.0,7.58,12.78,0.0
UberX,completed,2024-11-07T17:21:11.000Z,2024-11-07T17:35:12.000Z,2024-11-07T17:44:28.000Z,1.903403894497014,556.0,7.58,15.5,0.0
UberX,completed,2024-11-07T17:38:59.000Z,2024-11-07T17:53:48.000Z,2024-11-07T18:19:19.000Z,4.209436013997727,1531.0,7.58,29.03,0.0
UberX,completed,2024-11-07T18:18:19.000Z,2024-11-07T18:23:14.000Z,2024-11-07T18:48:30.000Z,5.671197183278443,1516.0,7.41,30.92,0.0
UberX,completed,2024-11-07T18:50:26.000Z,2024-11-07T19:02:00.000Z,2024-11-07T19:16:27.000Z,4.967790809080447,830.0,7.41,27.95,0.0
UberX,completed,2024-11-08T14:01:56.000Z,2024-11-08T14:19:02.000Z,2024-11-08T14:48:17.000Z,6.455797021662843,1755.0,7.58,33.93,0.0
UberX,completed,2024-11-08T14:42:35.000Z,2024-11-08T14:57:37.000Z,2024-11-08T15:30:55.000Z,5.862768097,1998.0,7.58,36.9,0.0
UberX,completed,2024-11-08T15:11:38.000Z,2024-11-08T15:42:10.000Z,2024-11-08T16:45:08.000Z,7.960086761893398,3778.0,7.58,42.99,0.0
UberX,completed,2024-11-08T16:47:37.000Z,2024-11-08T16:57:55.000Z,2024-11-08T17:17:52.000Z,4.058726143951492,1197.0,7.58,29.96,0.0
UberX,completed,2024-11-08T17:09:33.000Z,2024-11-08T17:31:17.000Z,2024-11-08T17:52:26.000Z,3.9196907797090663,1269.0,7.58,29.87,0.0
UberX,completed,2024-11-08T17:47:05.000Z,2024-11-08T17:56:56.000Z,2024-11-08T18:04:59.000Z,1.573548529395707,483.0,7.58,14.92,0.0
UberX,completed,2024-11-08T17:48:54.000Z,2024-11-08T18:11:08.000Z,2024-11-08T18:23:50.000Z,2.7475173038669456,762.0,7.58,20.94,0.0
UberX,completed,2024-11-08T18:20:55.000Z,2024-11-08T18:30:41.000Z,2024-11-08T18:41:32.000Z,3.238164193951296,651.0,7.41,20.94,0.0
UberX,completed,2024-11-08T18:30:35.000Z,2024-11-08T18:51:56.000Z,2024-11-08T19:03:35.000Z,3.263734170079641,699.0,7.41,21.18,0.0
UberX,completed,2024-11-08T18:57:42.000Z,2024-11-08T19:14:54.000Z,2024-11-08T19:27:39.000Z,3.789565596936726,765.0,7.41,36.29,0.0
UberX,completed,2024-11-09T10:47:32.000Z,2024-11-09T10:57:56.000Z,2024-11-09T11:07:44.000Z,3.098291690709634,588.0,7.58,21.25,0.0
UberX,completed,2024-11-09T11:03:52.000Z,2024-11-09T11:08:38.000Z,2024-11-09T11:17:38.000Z,1.955217319443376,540.0,7.58,15.33,0.0
UberX,driver_canceled,2024-11-09T11:24:21.000Z,,,0.0,0.0,,5.0,4.63
UberX,completed,2024-11-09T11:39:25.000Z,2024-11-09T11:48:41.000Z,2024-11-09T12:02:12.000Z,2.7160712420859574,811.0,7.58,24.97,0.0
UberX,completed,2024-11-09T11:56:17.000Z,2024-11-09T12:16:51.000Z,2024-11-09T12:34:35.000Z,5.736921214,1064.0,7.58,29.97,0.0
UberX,completed,2024-11-09T12:30:23.000Z,2024-11-09T12:38:54.000Z,2024-11-09T12:46:39.000Z,2.3529440186420425,465.0,7.58,20.94,0.0
UberX,completed,2024-11-09T12:43:48.000Z,2024-11-09T12:51:15.000Z,2024-11-09T13:02:54.000Z,2.53611202922792,699.0,7.58,18.96,0.0
UberX,completed,2024-11-09T13:05:37.000Z,2024-11-09T13:12:45.000Z,2024-11-09T13:31:58.000Z,3.913100264580846,1153.0,7.58,25.2,0.0
UberX,completed,2024-11-09T13:32:05.000Z,2024-11-09T13:43:40.000Z,2024-11-09T13:51:30.000Z,2.3538732592401472,426.0,7.58,19.94,0.0
UberX,completed,2024-11-09T13:53:32.000Z,2024-11-09T14:02:17.000Z,2024-11-09T14:12:15.000Z,2.6924117250111568,583.0,7.58,18.4,0.0
UberX,completed,2024-11-09T14:08:48.000Z,2024-11-09T14:18:19.000Z,2024-11-09T14:35:05.000Z,2.5056439376899147,1006.0,7.58,19.96,0.0
UberX,completed,2024-11-09T14:36:16.000Z,2024-11-09T14:48:09.000Z,2024-11-09T15:04:14.000Z,3.354196782040905,930.0,7.58,22.95,0.0
UberX,completed,2024-11-09T15:32:41.000Z,2024-11-09T15:50:09.000Z,2024-11-09T16:12:07.000Z,6.987343956743939,1318.0,7.58,38.3,0.0
UberX,completed,2024-11-09T16:03:20.000Z,2024-11-09T16:26:47.000Z,2024-11-09T16:46:44.000Z,4.230539861570045,1197.0,7.92,28.47,0.0
UberX,completed,2024-11-09T17:01:13.000Z,2024-11-09T17:09:02.000Z,2024-11-09T17:17:15.000Z,1.4456584155264316,493.0,7.92,22.98,0.0
UberX,completed,2024-11-09T17:02:11.000Z,2024-11-09T17:24:45.000Z,2024-11-09T17:41:48.000Z,4.409119223283027,1023.0,7.92,31.48,0.0
UberX,completed,2024-11-09T18:24:23.000Z,2024-11-09T18:43:01.000Z,2024-11-09T19:06:05.000Z,5.798235450831449,1384.0,7.92,33.45,0.0
UberX,completed,2024-11-09T18:30:00.000Z,2024-11-09T18:24:10.000Z,2024-11-09T18:34:47.000Z,2.000351919787026,609.0,7.92,42.93,0.0
UberX,completed,2024-11-09T18:49:37.000Z,2024-11-09T19:14:47.000Z,2024-11-09T19:21:52.000Z,1.3872759414368772,425.0,7.92,16.76,0.0
UberX,completed,2024-11-09T19:12:52.000Z,2024-11-09T19:28:37.000Z,2024-11-09T19:51:04.000Z,5.742701446095469,1347.0,7.92,40.67,0.0
UberX,completed,2024-11-09T19:38:07.000Z,2024-11-09T19:53:10.000Z,2024-11-09T19:57:36.000Z,1.1531982646153442,241.0,7.92,21.92,0.0
UberX,completed,2024-11-09T19:52:48.000Z,2024-11-09T20:05:17.000Z,2024-11-09T20:18:49.000Z,4.117293791388756,812.0,7.92,23.74,0.0
UberX,completed,2024-11-09T20:11:58.000Z,2024-11-09T20:23:13.000Z,2024-11-09T20:32:19.000Z,2.079981394267895,546.0,7.92,17.95,0.0
UberX,completed,2024-11-10T05:17:12.000Z,2024-11-10T05:28:24.000Z,2024-11-10T05:43:03.000Z,4.092211170700781,879.0,7.41,34.8,0.0
UberX,completed,2024-11-10T05:40:41.000Z,2024-11-10T05:46:56.000Z,2024-11-10T05:49:56.000Z,1.2723039898164523,180.0,7.41,12.52,0.0
UberX,rider_canceled,2024-11-10T05:49:17.000Z,,,0.0,0.0,,10.0,9.26
UberX,completed,2024-11-10T09:18:32.000Z,2024-11-10T09:27:01.000Z,2024-11-10T09:44:53.000Z,5.891873226,1072.0,7.58,30.81,0.0
UberX,completed,2024-11-12T09:47:19.000Z,2024-11-12T09:58:03.000Z,2024-11-12T10:14:12.000Z,2.400131588702802,969.0,7.41,21.99,0.0
UberX,completed,2024-11-12T10:08:46.000Z,2024-11-12T10:21:20.000Z,2024-11-12T10:32:30.000Z,2.4922050094585457,670.0,7.41,19.07,0.0
UberX,completed,2024-11-12T10:31:32.000Z,2024-11-12T10:45:06.000Z,2024-11-12T11:01:43.000Z,3.677892750480726,997.0,7.41,24.08,0.0
UberX,completed,2024-11-12T11:01:41.000Z,2024-11-12T11:05:42.000Z,2024-11-12T11:28:26.000Z,5.688107180693409,1364.0,7.41,32.14,0.0
UberX,completed,2024-11-12T13:25:17.000Z,2024-11-12T13:34:24.000Z,2024-11-12T13:49:05.000Z,2.859915058256025,881.0,7.41,24.94,0.0
UberX,rider_canceled,2024-11-12T13:58:16.000Z,,,0.0,0.0,,0.0,0.0
UberX,completed,2024-11-12T14:00:32.000Z,2024-11-12T14:05:18.000Z,2024-11-12T14:24:30.000Z,3.981593421897661,1152.0,7.58,26.96,0.0
UberX,completed,2024-11-12T14:09:15.000Z,2024-11-12T14:30:40.000Z,2024-11-12T14:50:03.000Z,2.2915138592840574,1163.0,7.58,18.54,0.0
UberX,completed,2024-11-12T14:43:55.000Z,2024-11-12T14:53:24.000Z,2024-11-12T14:57:57.000Z,0.7275686172624157,273.0,7.58,11.5,0.0
UberX,completed,2024-11-12T14:51:24.000Z,2024-11-12T15:05:51.000Z,2024-11-12T15:31:06.000Z,4.570759942430266,1494.0,7.58,28.9,0.0
UberX,completed,2024-11-12T15:36:17.000Z,2024-11-12T15:47:43.000Z,2024-11-12T16:02:10.000Z,3.7940694161083375,867.0,7.58,36.98,0.0
UberX,rider_canceled,2024-11-12T15:46:50.000Z,,,0.0,0.0,,0.0,0.0
UberX,rider_canceled,2024-11-12T15:52:57.000Z,,,0.0,0.0,,0.0,0.0
UberX,rider_canceled,2024-11-12T15:57:34.000Z,,,0.0,0.0,,0.0,0.0
UberX,completed,2024-11-12T15:58:27.000Z,2024-11-12T16:12:41.000Z,2024-11-12T16:22:57.000Z,1.9922039503721576,616.0,7.58,22.53,0.0
UberX,completed,2024-11-12T16:13:34.000Z,2024-11-12T16:29:56.000Z,2024-11-12T16:35:09.000Z,1.076771358731304,266.0,7.58,17.32,0.0
UberX,completed,2024-11-12T16:35:07.000Z,2024-11-12T16:45:46.000Z,2024-11-12T16:54:51.000Z,2.528715988744653,545.0,7.58,24.43,0.0
UberX,completed,2024-11-12T16:47:13.000Z,2024-11-12T17:04:46.000Z,2024-11-12T17:41:03.000Z,10.291724307018344,2177.0,7.58,61.51,0.0
UberX,completed,2024-11-12T17:33:55.000Z,2024-11-12T17:51:31.000Z,2024-11-12T18:03:25.000Z,3.507320709885467,714.0,7.58,22.58,0.0
UberX,completed,2024-11-12T17:58:16.000Z,2024-11-12T18:09:07.000Z,2024-11-12T18:30:09.000Z,7.003985373713817,1262.0,7.58,34.01,0.0
UberX,rider_canceled,2024-11-12T18:29:52.000Z,,,0.0,0.0,,0.0,0.0
UberX,completed,2024-11-12T18:31:29.000Z,2024-11-12T18:39:58.000Z,2024-11-12T19:17:07.000Z,6.616534761506103,2229.0,7.41,38.21,0.0
UberX,rider_canceled,2024-11-13T12:33:25.000Z,,,0.0,0.0,,0.0,0.0
UberX,completed,2024-11-13T12:38:46.000Z,2024-11-13T12:49:16.000Z,2024-11-13T13:04:13.000Z,4.121035573,897.0,7.41,24.58,0.0
UberX,completed,2024-11-13T13:05:57.000Z,2024-11-13T13:14:45.000Z,2024-11-13T13:27:07.000Z,3.0130433525314557,722.0,7.41,20.25,0.0
UberX,rider_canceled,2024-11-13T13:17:08.000Z,,,0.0,0.0,,0.0,0.0
UberX,completed,2024-11-13T13:20:34.000Z,2024-11-13T13:32:55.000Z,2024-11-13T13:56:38.000Z,9.802790425011066,1423.0,7.41,47.94,0.0
UberX,completed,2024-11-13T13:55:15.000Z,2024-11-13T14:05:13.000Z,2024-11-13T14:29:28.000Z,8.096016538,1455.0,7.41,40.9,0.0
UberX,completed,2024-11-13T14:23:01.000Z,2024-11-13T14:33:11.000Z,2024-11-13T14:55:00.000Z,4.531092444160606,1309.0,7.58,28.19,0.0
UberX,rider_canceled,2024-11-13T14:45:01.000Z,,,0.0,0.0,,0.0,0.0
UberX,completed,2024-11-13T14:45:19.000Z,2024-11-13T15:05:43.000Z,2024-11-13T15:34:13.000Z,3.962046054768073,1710.0,7.58,28.58,0.0
UberX,completed,2024-11-13T15:15:37.000Z,2024-11-13T15:44:22.000Z,2024-11-13T16:14:23.000Z,6.322890829227692,1801.0,7.58,37.93,0.0
UberX,completed,2024-11-13T15:54:58.000Z,2024-11-13T16:23:01.000Z,2024-11-13T16:39:25.000Z,1.8336693912236617,964.0,7.58,22.24,0.0
UberX,rider_canceled,2024-11-13T16:28:34.000Z,,,0.0,0.0,,0.0,0.0
UberX,completed,2024-11-13T16:32:59.000Z,2024-11-13T16:46:34.000Z,2024-11-13T17:05:53.000Z,1.5791627217646946,1159.0,7.58,26.06,0.0
UberX,rider_canceled,2024-11-13T16:53:11.000Z,,,0.0,0.0,,0.0,0.0
UberX,completed,2024-11-13T17:02:12.000Z,2024-11-13T17:17:28.000Z,2024-11-13T17:23:26.000Z,1.495533501163268,358.0,7.58,14.65,0.0
UberX,completed,2024-11-13T17:22:25.000Z,2024-11-13T17:31:00.000Z,2024-11-13T17:45:59.000Z,2.269090228999114,899.0,7.58,19.76,0.0
UberX,completed,2024-11-13T17:34:19.000Z,2024-11-13T17:50:49.000Z,2024-11-13T18:08:12.000Z,3.1964786250173955,1043.0,7.58,22.97,0.0
UberX,completed,2024-11-14T15:30:54.000Z,2024-11-14T15:37:12.000Z,2024-11-14T15:43:19.000Z,1.2464808107031042,367.0,7.58,18.06,0.0
UberX,completed,2024-11-14T15:39:23.000Z,2024-11-14T15:47:28.000Z,2024-11-14T15:53:17.000Z,0.9680347233177834,349.0,7.58,23.71,0.0
UberX,completed,2024-11-14T15:43:50.000Z,2024-11-14T16:06:17.000Z,2024-11-14T16:39:24.000Z,3.80597232589846,1987.0,7.58,30.95,0.0
UberX,rider_canceled,2024-11-14T16:21:40.000Z,,,0.0,0.0,,0.0,0.0
UberX,completed,2024-11-14T16:24:55.000Z,2024-11-14T16:50:41.000Z,2024-11-14T17:17:21.000Z,3.2755015576772286,1600.0,7.58,25.92,0.0
UberX,completed,2024-11-14T16:58:23.000Z,2024-11-14T17:32:54.000Z,2024-11-14T17:45:29.000Z,2.1722395331688444,755.0,7.58,22.36,0.0
UberX,completed,2024-11-14T17:37:14.000Z,2024-11-14T17:53:05.000Z,2024-11-14T18:08:26.000Z,2.735955775890784,921.0,7.58,22.94,0.0
UberX,completed,2024-11-14T17:54:05.000Z,2024-11-14T18:16:32.000Z,2024-11-14T18:33:48.000Z,2.4742016113152885,1036.0,7.58,24.38,0.0
UberX,rider_canceled,2024-11-14T18:27:30.000Z,,,0.0,0.0,,0.0,0.0
UberX,rider_canceled,2024-11-14T18:27:34.000Z,,,0.0,0.0,,0.0,0.0
UberX,completed,2024-11-14T18:32:11.000Z,2024-11-14T18:49:59.000Z,2024-11-14T19:15:57.000Z,5.570987294144068,1558.0,7.41,30.99,0.0
UberX,completed,2024-11-15T16:17:08.000Z,2024-11-15T16:27:33.000Z,2024-11-15T16:38:17.000Z,2.217502600590552,644.0,7.58,32.89,0.0
UberX,completed,2024-11-15T16:24:54.000Z,2024-11-15T16:46:27.000Z,2024-11-15T17:05:20.000Z,4.290062462636817,1133.0,7.58,33.56,0.0
UberX,rider_canceled,2024-11-15T17:01:56.000Z,,,0.0,0.0,,0.0,0.0
UberX,completed,2024-11-15T17:07:47.000Z,2024-11-15T17:28:48.000Z,2024-11-15T17:48:17.000Z,3.5509429019591425,1169.0,7.58,24.6,0.0
UberX,rider_canceled,2024-11-15T17:39:02.000Z,,,0.0,0.0,,0.0,0.0
UberX,completed,2024-11-15T17:42:52.000Z,2024-11-15T17:53:11.000Z,2024-11-15T18:14:33.000Z,4.761966385390669,1282.0,7.58,37.01,0.0
UberX,completed,2024-11-15T18:05:49.000Z,2024-11-15T18:23:10.000Z,2024-11-15T18:54:10.000Z,6.942785913902079,1860.0,7.41,34.95,0.0
UberX,completed,2024-11-15T18:48:04.000Z,2024-11-15T19:12:00.000Z,2024-11-15T19:38:05.000Z,3.571504001210676,1562.0,7.41,30.28,0.0
UberX,completed,2024-11-15T20:21:05.000Z,2024-11-15T20:30:23.000Z,2024-11-15T20:54:51.000Z,8.531952653647755,1468.0,7.41,42.93,0.0
UberX,completed,2024-11-15T21:17:38.000Z,2024-11-15T21:23:03.000Z,2024-11-15T21:45:05.000Z,4.901464166390047,1322.0,7.41,29.13,0.0
UberX,completed,2024-11-15T21:43:48.000Z,2024-11-15T21:49:27.000Z,2024-11-15T21:57:28.000Z,1.3864810734843331,481.0,7.41,13.96,0.0
UberX,completed,2024-11-16T04:55:43.000Z,2024-11-16T05:04:22.000Z,2024-11-16T05:15:48.000Z,3.8523884460035687,686.0,7.41,21.88,0.0
UberX,completed,2024-11-16T05:12:43.000Z,2024-11-16T05:31:18.000Z,2024-11-16T05:53:32.000Z,9.63994959,1334.0,7.41,51.23,0.0
UberX,completed,2024-11-16T05:23:39.000Z,2024-11-16T06:03:07.000Z,2024-11-16T06:13:14.000Z,4.436419008892223,599.0,7.41,24.52,0.0
UberX,completed,2024-11-16T06:03:03.000Z,2024-11-16T06:24:13.000Z,2024-11-16T06:36:33.000Z,1.5748461838203445,740.0,7.41,17.4,0.0
UberX,completed,2024-11-16T06:31:21.000Z,2024-11-16T06:40:52.000Z,2024-11-16T07:00:44.000Z,7.153294029,1192.0,7.41,34.69,0.0
UberX,completed,2024-11-16T06:54:15.000Z,2024-11-16T07:09:23.000Z,2024-11-16T07:25:23.000Z,4.705595868111068,932.0,7.41,25.19,0.0
UberX,completed,2024-11-16T07:07:50.000Z,2024-11-16T07:29:51.000Z,2024-11-16T07:36:29.000Z,1.7710054055433406,398.0,7.41,14.55,0.0
UberX,completed,2024-11-16T07:28:27.000Z,2024-11-16T07:46:56.000Z,2024-11-16T07:57:25.000Z,4.197122023531625,629.0,7.41,23.67,0.0
UberX,completed,2024-11-16T07:42:11.000Z,2024-11-16T08:13:26.000Z,2024-11-16T08:36:02.000Z,7.901721148099123,1356.0,7.41,39.82,0.0
UberX,completed,2024-11-16T08:30:45.000Z,2024-11-16T08:45:47.000Z,2024-11-16T08:56:41.000Z,2.231360060280444,654.0,7.41,17.99,0.0
UberX,completed,2024-11-16T08:48:19.000Z,2024-11-16T08:59:47.000Z,2024-11-16T09:11:06.000Z,2.727853440021432,679.0,7.41,20.94,0.0
UberX,completed,2024-11-16T14:52:54.000Z,2024-11-16T15:09:45.000Z,2024-11-16T15:16:34.000Z,1.4054557149032123,345.0,7.58,14.08,0.0
UberX,completed,2024-11-16T15:13:10.000Z,2024-11-16T15:19:33.000Z,2024-11-16T15:34:32.000Z,3.3743081946265248,899.0,7.58,18.99,0.0
UberX,completed,2024-11-16T15:28:02.000Z,2024-11-16T15:38:44.000Z,2024-11-16T15:57:57.000Z,4.2564075366186405,1153.0,7.58,26.9,0.0
UberX,completed,2024-11-16T15:46:16.000Z,2024-11-16T16:01:27.000Z,2024-11-16T16:08:04.000Z,1.2584232765253405,397.0,7.58,12.18,0.0
UberX,completed,2024-11-16T15:53:43.000Z,2024-11-16T16:26:01.000Z,2024-11-16T16:48:21.000Z,10.66663954681612,1340.0,7.58,57.74,0.0
UberX,completed,2024-11-16T16:47:35.000Z,2024-11-16T17:07:10.000Z,2024-11-16T17:35:29.000Z,9.439900234,1699.0,7.92,52.97,0.0
UberX,completed,2024-11-16T17:34:52.000Z,2024-11-16T17:50:04.000Z,2024-11-16T18:09:28.000Z,4.633533880075479,1082.0,7.92,30.9,0.0
UberX,completed,2024-11-16T17:59:14.000Z,2024-11-16T18:22:09.000Z,2024-11-16T18:53:17.000Z,7.580311674361606,1868.0,7.92,48.91,0.0
UberX,completed,2024-11-16T18:46:37.000Z,2024-11-16T18:59:00.000Z,2024-11-16T19:27:53.000Z,7.587118593422998,1708.0,7.92,41.52,0.0
UberX,completed,2024-11-16T19:26:59.000Z,2024-11-16T19:40:23.000Z,2024-11-16T19:51:39.000Z,2.2808308618213893,676.0,7.92,18.61,0.0
UberX,completed,2024-11-16T19:54:56.000Z,2024-11-16T20:05:43.000Z,2024-11-16T20:21:45.000Z,6.525176385135137,962.0,7.92,35.33,0.0
UberX,completed,2024-11-16T20:16:46.000Z,2024-11-16T20:27:28.000Z,2024-11-16T20:44:21.000Z,3.322612621266591,948.0,7.92,23.55,0.0
UberX,completed,2024-11-17T05:03:56.000Z,2024-11-17T05:14:29.000Z,2024-11-17T05:23:11.000Z,2.3855821888792152,522.0,7.41,24.16,0.0
UberX,rider_canceled,2024-11-17T05:07:23.000Z,,,0.0,0.0,,0.0,0.0
UberX,completed,2024-11-17T05:10:04.000Z,2024-11-17T05:33:35.000Z,2024-11-17T05:46:11.000Z,4.100520068724016,756.0,7.41,22.9,0.0
UberX,completed,2024-11-17T05:28:41.000Z,2024-11-17T06:03:10.000Z,2024-11-17T06:24:45.000Z,11.53654234669444,1268.0,7.41,58.92,0.0
UberX,driver_canceled,2024-11-17T06:29:17.000Z,,,0.0,0.0,,10.0,9.26
UberX,completed,2024-11-17T06:58:21.000Z,2024-11-17T07:32:29.000Z,2024-11-17T07:58:18.000Z,8.501185282,1425.0,7.41,45.59,0.0
UberX,completed,2024-11-17T07:39:55.000Z,2024-11-17T08:07:31.000Z,2024-11-17T08:23:15.000Z,4.214806043500369,944.0,7.41,31.96,0.0
UberX,rider_canceled,2024-11-17T08:16:23.000Z,,,0.0,0.0,,0.0,0.0
UberX,completed,2024-11-17T08:22:52.000Z,2024-11-17T08:29:17.000Z,2024-11-17T08:34:03.000Z,1.395525287206058,286.0,7.41,14.35,0.0
UberX,rider_canceled,2024-11-17T08:25:58.000Z,,,0.0,0.0,,0.0,0.0
UberX,completed,2024-11-17T08:33:04.000Z,2024-11-17T08:50:10.000Z,2024-11-17T09:08:56.000Z,5.784003774915202,1126.0,7.41,30.96,0.0
UberX,completed,2024-11-17T09:00:57.000Z,2024-11-17T09:18:00.000Z,2024-11-17T09:43:03.000Z,6.556617524,1503.0,7.58,37.12,0.0
UberX,completed,2024-11-17T09:46:02.000Z,2024-11-17T09:55:40.000Z,2024-11-17T10:06:33.000Z,2.912590426407396,643.0,7.58,19.93,0.0
UberX,completed,2024-11-17T15:56:28.000Z,2024-11-17T16:02:22.000Z,2024-11-17T16:17:47.000Z,3.9196165393010376,925.0,7.58,22.87,0.0
UberX,completed,2024-11-17T16:40:00.000Z,2024-11-17T16:58:45.000Z,2024-11-17T17:29:29.000Z,9.478206371334316,1844.0,7.41,47.8,0.0
UberX,completed,2024-11-17T17:28:53.000Z,2024-11-17T17:41:20.000Z,2024-11-17T17:51:30.000Z,3.4832275516681035,610.0,7.41,20.92,0.0
UberX,completed,2024-11-17T17:55:57.000Z,2024-11-17T17:58:01.000Z,2024-11-17T18:09:53.000Z,2.7042495429917404,712.0,7.41,19.97,0.0
UberX,completed,2024-11-18T12:35:27.000Z,2024-11-18T12:47:25.000Z,2024-11-18T13:11:40.000Z,7.058164102496823,1455.0,7.41,40.9,0.0
UberX,completed,2024-11-18T13:03:54.000Z,2024-11-18T13:20:48.000Z,2024-11-18T13:39:26.000Z,3.894068425365615,1118.0,7.41,24.58,0.0
UberX,rider_canceled,2024-11-18T13:22:43.000Z,,,0.0,0.0,,0.0,0.0
UberX,completed,2024-11-18T13:25:45.000Z,2024-11-18T13:40:49.000Z,2024-11-18T14:04:15.000Z,3.717680256767967,1406.0,7.41,33.25,0.0
UberX,completed,2024-11-18T14:30:00.000Z,2024-11-18T14:32:06.000Z,2024-11-18T14:48:59.000Z,5.432557102360676,916.0,7.41,42.8,0.0
UberX,completed,2024-11-18T14:48:58.000Z,2024-11-18T15:15:19.000Z,2024-11-18T15:40:19.000Z,4.013416747985134,1500.0,7.58,37.04,0.0
UberX,completed,2024-11-19T14:23:21.000Z,2024-11-19T14:31:34.000Z,2024-11-19T15:06:11.000Z,6.429459492464063,2077.0,7.58,38.26,0.0
UberX,completed,2024-11-19T14:58:15.000Z,2024-11-19T15:25:24.000Z,2024-11-19T16:05:54.000Z,9.008064118792626,2430.0,7.58,52.28,0.0
UberX,completed,2024-11-19T15:44:06.000Z,2024-11-19T16:18:16.000Z,2024-11-19T16:37:07.000Z,3.726935728796952,1131.0,7.58,24.57,0.0
UberX,completed,2024-11-19T16:22:55.000Z,2024-11-19T16:47:44.000Z,2024-11-19T16:55:09.000Z,2.289969011672069,445.0,7.58,29.26,0.0
UberX,completed,2024-11-19T16:56:31.000Z,2024-11-19T17:03:39.000Z,2024-11-19T17:23:50.000Z,5.055934248800328,1211.0,7.58,34.03,0.0
UberX,rider_canceled,2024-11-19T17:18:07.000Z,,,0.0,0.0,,0.0,0.0
UberX,completed,2024-11-19T17:24:50.000Z,2024-11-19T17:33:35.000Z,2024-11-19T18:02:28.000Z,3.3557782045239097,1733.0,7.58,30.56,0.0
UberX,completed,2024-11-19T17:51:58.000Z,2024-11-19T18:05:23.000Z,2024-11-19T18:15:26.000Z,1.70273976696509,603.0,7.58,17.5,0.0
UberX,completed,2024-11-19T18:10:00.000Z,2024-11-19T18:25:26.000Z,2024-11-19T18:49:17.000Z,5.988123138230644,1431.0,7.41,38.98,0.0
UberX,completed,2024-11-19T18:48:28.000Z,2024-11-19T18:58:54.000Z,2024-11-19T19:22:02.000Z,7.091627235407921,1371.0,7.41,33.98,0.0
UberX,rider_canceled,2024-11-20T14:15:21.000Z,,,0.0,0.0,,0.0,0.0
UberX,completed,2024-11-20T14:16:23.000Z,2024-11-20T14:29:04.000Z,2024-11-20T14:56:58.000Z,8.483467137792386,1674.0,7.58,49.17,0.0
UberX,completed,2024-11-20T14:59:33.000Z,2024-11-20T15:07:02.000Z,2024-11-20T15:26:32.000Z,6.125962214991219,1170.0,7.58,32.42,0.0
UberX,completed,2024-11-20T15:13:02.000Z,2024-11-20T15:37:00.000Z,2024-11-20T15:50:31.000Z,2.567128306950552,811.0,7.58,17.94,0.0
UberX,completed,2024-11-20T15:43:03.000Z,2024-11-20T15:55:24.000Z,2024-11-20T16:12:05.000Z,2.798974908371201,1001.0,7.58,21.13,0.0
UberX,rider_canceled,2024-11-20T15:55:22.000Z,,,0.0,0.0,,0.0,0.0
UberX,completed,2024-11-20T16:12:32.000Z,2024-11-20T16:21:29.000Z,2024-11-20T16:34:34.000Z,5.263706867417982,749.0,7.58,37.48,0.0
UberX,completed,2024-11-20T16:39:00.000Z,2024-11-20T17:02:36.000Z,2024-11-20T17:26:17.000Z,4.951664692484632,1421.0,7.58,39.62,0.0
UberX,rider_canceled,2024-11-20T17:32:10.000Z,,,0.0,0.0,,0.0,0.0
UberX,completed,2024-11-20T17:44:57.000Z,2024-11-20T18:06:27.000Z,2024-11-20T18:38:34.000Z,5.93353006,1892.0,7.58,37.79,0.0
UberX,completed,2024-11-20T19:05:00.000Z,2024-11-20T19:06:53.000Z,2024-11-20T19:29:42.000Z,8.678856089,1369.0,7.41,67.11,0.0
UberX,completed,2024-11-20T19:32:41.000Z,2024-11-20T19:38:41.000Z,2024-11-20T19:49:15.000Z,2.2280962931161508,596.0,7.41,18.34,0.0
UberX,completed,2024-11-21T07:32:15.000Z,2024-11-21T07:45:46.000Z,2024-11-21T08:11:21.000Z,5.894368442847889,1486.0,7.58,45.01,0.0
UberX,completed,2024-11-21T08:00:29.000Z,2024-11-21T08:20:38.000Z,2024-11-21T08:46:38.000Z,9.240434943,1539.0,7.58,50.11,0.0
UberX,completed,2024-11-21T08:41:11.000Z,2024-11-21T08:53:06.000Z,2024-11-21T09:09:09.000Z,6.300104499483777,963.0,7.58,31.63,0.0
UberX,completed,2024-11-21T09:10:12.000Z,2024-11-21T09:16:47.000Z,2024-11-21T09:27:36.000Z,1.6585753409086157,649.0,7.41,16.96,0.0
UberX,completed,2024-11-21T15:36:13.000Z,2024-11-21T15:51:59.000Z,2024-11-21T16:09:29.000Z,4.489914057752864,1050.0,7.58,31.63,0.0
UberX,completed,2024-11-21T15:59:03.000Z,2024-11-21T16:13:17.000Z,2024-11-21T16:24:55.000Z,1.693941246529009,698.0,7.58,16.87,0.0
UberX,completed,2024-11-21T16:23:48.000Z,2024-11-21T16:43:08.000Z,2024-11-21T17:11:07.000Z,4.2032482551472805,1679.0,7.58,35.06,0.0
UberX,completed,2024-11-21T16:55:07.000Z,2024-11-21T17:22:23.000Z,2024-11-21T17:29:12.000Z,2.2096871074448208,394.0,7.58,17.86,0.0
UberX,completed,2024-11-21T17:23:32.000Z,2024-11-21T17:29:33.000Z,2024-11-21T17:53:40.000Z,3.865070951708279,1447.0,7.58,30.93,0.0
UberX,completed,2024-11-21T17:45:59.000Z,2024-11-21T17:55:19.000Z,2024-11-21T18:06:00.000Z,2.5268149839531926,641.0,7.58,19.97,0.0
UberX,completed,2024-11-21T17:56:01.000Z,2024-11-21T18:12:48.000Z,2024-11-21T18:28:23.000Z,2.1962584854084604,935.0,7.58,21.41,0.0
UberX,completed,2024-11-21T18:48:18.000Z,2024-11-21T19:02:42.000Z,2024-11-21T19:21:48.000Z,4.394458213435218,1123.0,7.41,28.78,0.0
UberX,completed,2024-11-22T07:48:59.000Z,2024-11-22T08:08:16.000Z,2024-11-22T08:22:43.000Z,2.380088991484416,867.0,7.58,23.65,0.0
UberX,completed,2024-11-22T08:13:52.000Z,2024-11-22T08:25:23.000Z,2024-11-22T08:31:03.000Z,0.9432859451585452,340.0,7.58,12.63,0.0
UberX,completed,2024-11-22T08:26:04.000Z,2024-11-22T08:35:08.000Z,2024-11-22T08:54:10.000Z,4.226794312968726,1142.0,7.58,25.99,0.0
UberX,completed,2024-11-22T08:55:59.000Z,2024-11-22T09:08:45.000Z,2024-11-22T09:32:24.000Z,4.367710115349534,1412.0,7.58,27.79,0.0
UberX,completed,2024-11-22T09:27:48.000Z,2024-11-22T09:44:57.000Z,2024-11-22T10:01:56.000Z,4.831309782740029,1019.0,7.41,25.46,0.0
UberX,completed,2024-11-22T09:59:33.000Z,2024-11-22T10:11:13.000Z,2024-11-22T10:35:07.000Z,6.164020322522189,1383.0,7.41,30.9,0.0
UberX,completed,2024-11-22T14:48:17.000Z,2024-11-22T14:56:11.000Z,2024-11-22T15:19:22.000Z,6.867574984343207,1391.0,7.58,41.98,0.0
UberX,rider_canceled,2024-11-22T15:11:44.000Z,,,0.0,0.0,,0.0,0.0
UberX,completed,2024-11-22T15:20:22.000Z,2024-11-22T15:49:35.000Z,2024-11-22T16:12:08.000Z,4.9056077352385685,1353.0,7.58,40.3,0.0
UberX,completed,2024-11-22T16:05:45.000Z,2024-11-22T16:25:10.000Z,2024-11-22T16:44:55.000Z,3.76229439179249,1159.0,7.58,28.97,0.0
UberX,completed,2024-11-22T16:28:26.000Z,2024-11-22T16:47:31.000Z,2024-11-22T17:10:53.000Z,3.601389094241678,1332.0,7.58,39.98,0.0
UberX,completed,2024-11-22T16:48:09.000Z,2024-11-22T17:24:10.000Z,2024-11-22T17:38:05.000Z,4.713109956895613,802.0,7.58,28.93,0.0
UberX,completed,2024-11-22T17:30:43.000Z,2024-11-22T17:46:12.000Z,2024-11-22T18:04:42.000Z,4.518203692,1110.0,7.58,27.11,0.0
UberX,completed,2024-11-22T17:49:10.000Z,2024-11-22T18:15:46.000Z,2024-11-22T18:24:22.000Z,1.8453244696348052,516.0,7.58,15.99,0.0
UberX,completed,2024-11-22T18:17:34.000Z,2024-11-22T18:36:01.000Z,2024-11-22T18:49:16.000Z,3.1547244508462664,795.0,7.41,21.99,0.0
UberX,rider_canceled,2024-11-22T18:42:16.000Z,,,0.0,0.0,,0.0,0.0
UberX,completed,2024-11-22T18:44:05.000Z,2024-11-22T19:01:23.000Z,2024-11-22T19:17:39.000Z,4.872463151619965,946.0,7.41,26.99,0.0
UberX,completed,2024-11-22T18:55:26.000Z,2024-11-22T19:23:40.000Z,2024-11-22T19:48:25.000Z,8.841518958885695,1485.0,7.41,51.0,0.0
UberX,completed,2024-11-22T19:42:51.000Z,2024-11-22T19:51:35.000Z,2024-11-22T20:01:17.000Z,2.642878215302571,582.0,7.41,16.92,0.0
UberX,completed,2024-11-22T20:08:15.000Z,2024-11-22T20:20:37.000Z,2024-11-22T20:30:00.000Z,3.723430760785347,563.0,7.41,21.58,0.0
UberX,completed,2024-11-22T20:29:02.000Z,2024-11-22T20:37:34.000Z,2024-11-22T20:51:46.000Z,4.619335763734155,852.0,7.41,24.97,0.0
UberX,completed,2024-11-23T05:34:47.000Z,2024-11-23T05:44:45.000Z,2024-11-23T06:10:54.000Z,5.992926615160762,1480.0,7.41,31.55,0.0
UberX,completed,2024-11-23T05:55:28.000Z,2024-11-23T06:21:19.000Z,2024-11-23T06:29:28.000Z,1.6939550487971493,489.0,7.41,13.91,0.0
UberX,rider_canceled,2024-11-23T06:20:35.000Z,,,0.0,0.0,,0.0,0.0
UberX,completed,2024-11-23T06:25:20.000Z,2024-11-23T06:34:24.000Z,2024-11-23T06:46:35.000Z,2.542262753109564,731.0,7.41,18.45,0.0
UberX,driver_canceled,2024-11-23T06:38:41.000Z,,,0.0,0.0,,10.0,9.26
UberX,rider_canceled,2024-11-23T07:10:16.000Z,,,0.0,0.0,,0.0,0.0
UberX,completed,2024-11-23T07:12:08.000Z,2024-11-23T07:17:55.000Z,2024-11-23T07:26:26.000Z,3.263790933715908,511.0,7.41,19.34,0.0
UberX,completed,2024-11-23T07:26:41.000Z,2024-11-23T07:30:51.000Z,2024-11-23T07:47:26.000Z,7.182526981559124,995.0,7.41,42.2,0.0
UberX,rider_canceled,2024-11-23T07:41:04.000Z,,,0.0,0.0,,0.0,0.0
UberX,completed,2024-11-23T07:43:33.000Z,2024-11-23T07:56:26.000Z,2024-11-23T08:09:03.000Z,3.4080077369453203,757.0,7.41,26.21,0.0
UberX,completed,2024-11-23T14:39:49.000Z,2024-11-23T14:47:16.000Z,2024-11-23T14:58:39.000Z,1.6539802384596258,683.0,7.58,15.91,0.0
UberX,completed,2024-11-23T14:45:53.000Z,2024-11-23T14:59:33.000Z,2024-11-23T15:21:52.000Z,6.519989984584191,1339.0,7.58,34.94,0.0
UberX,rider_canceled,2024-11-23T15:05:40.000Z,,,0.0,0.0,,0.0,0.0
UberX,completed,2024-11-23T15:18:52.000Z,2024-11-23T15:41:55.000Z,2024-11-23T15:59:07.000Z,4.7098221988974425,1032.0,7.58,28.93,0.0
UberX,completed,2024-11-23T15:44:10.000Z,2024-11-23T16:12:33.000Z,2024-11-23T16:29:20.000Z,3.528975787943958,1007.0,7.58,29.7,0.0
UberX,completed,2024-11-23T17:51:02.000Z,2024-11-23T18:04:17.000Z,2024-11-23T18:16:52.000Z,4.290886846459308,755.0,7.92,36.95,0.0
UberX,completed,2024-11-23T18:09:19.000Z,2024-11-23T18:26:37.000Z,2024-11-23T19:02:19.000Z,7.398020922225195,2106.0,7.92,40.92,0.0
UberX,completed,2024-11-23T18:56:27.000Z,2024-11-23T19:16:39.000Z,2024-11-23T19:31:04.000Z,3.716617420957364,831.0,7.92,23.42,0.0
UberX,completed,2024-11-23T19:29:04.000Z,2024-11-23T19:47:40.000Z,2024-11-23T19:58:27.000Z,3.969839477665108,647.0,7.92,23.31,0.0
UberX,completed,2024-11-23T19:49:57.000Z,2024-11-23T19:59:14.000Z,2024-11-23T20:09:36.000Z,2.8825357197140367,622.0,7.92,21.4,0.0
UberX,completed,2024-11-23T20:02:22.000Z,2024-11-23T20:14:33.000Z,2024-11-23T20:25:27.000Z,3.078749016821193,654.0,7.92,21.13,0.0
UberX,completed,2024-11-23T20:19:53.000Z,2024-11-23T20:26:36.000Z,2024-11-23T20:35:18.000Z,3.357692248179565,522.0,7.92,20.91,0.0
UberX,completed,2024-11-24T05:31:52.000Z,2024-11-24T05:42:37.000Z,2024-11-24T06:03:52.000Z,4.263563403189685,1225.0,7.41,25.93,0.0
UberX,completed,2024-11-24T06:01:47.000Z,2024-11-24T06:09:43.000Z,2024-11-24T06:18:40.000Z,2.9995566114092167,505.0,7.41,30.74,0.0
UberX,rider_canceled,2024-11-24T06:08:48.000Z,,,0.0,0.0,,0.0,0.0
UberX,completed,2024-11-24T06:15:15.000Z,2024-11-24T06:27:31.000Z,2024-11-24T06:37:32.000Z,4.588302233994639,601.0,7.41,25.25,0.0
UberX,completed,2024-11-24T06:28:19.000Z,2024-11-24T06:42:16.000Z,2024-11-24T06:56:01.000Z,4.630768386055557,791.0,7.41,25.93,0.0
UberX,completed,2024-11-24T06:57:45.000Z,2024-11-24T07:02:10.000Z,2024-11-24T07:17:50.000Z,3.066021202574672,940.0,7.41,19.94,0.0
UberX,completed,2024-11-24T07:04:39.000Z,2024-11-24T07:35:44.000Z,2024-11-24T08:05:36.000Z,11.527571510605968,1792.0,7.41,62.08,0.0
UberX,completed,2024-11-24T07:45:54.000Z,2024-11-24T08:15:15.000Z,2024-11-24T08:36:19.000Z,4.951818961028968,1264.0,7.41,37.35,0.0
UberX,completed,2024-11-24T08:29:59.000Z,2024-11-24T08:46:29.000Z,2024-11-24T08:54:22.000Z,2.1565510710796474,473.0,7.41,16.34,0.0
UberX,completed,2024-11-24T08:45:23.000Z,2024-11-24T09:04:02.000Z,2024-11-24T09:17:52.000Z,3.1554133256490435,830.0,7.41,24.52,0.0
UberX,completed,2024-11-24T09:05:43.000Z,2024-11-24T09:24:57.000Z,2024-11-24T09:41:43.000Z,3.6067166397103194,1006.0,7.58,21.95,0.0
UberX,completed,2024-11-25T12:32:44.000Z,2024-11-25T12:44:23.000Z,2024-11-25T12:51:33.000Z,1.6472436097929937,430.0,7.41,15.18,0.0
UberX,completed,2024-11-25T12:48:22.000Z,2024-11-25T12:54:39.000Z,2024-11-25T13:14:23.000Z,3.1429468865607424,1184.0,7.41,21.99,0.0
UberX,completed,2024-11-25T13:08:00.000Z,2024-11-25T13:16:06.000Z,2024-11-25T13:21:22.000Z,0.5462272108117037,316.0,7.41,18.4,0.0
UberX,completed,2024-11-25T13:17:27.000Z,2024-11-25T13:27:20.000Z,2024-11-25T13:48:15.000Z,3.659917952686836,1255.0,7.41,23.96,0.0
UberX,rider_canceled,2024-11-25T13:37:36.000Z,,,0.0,0.0,,0.0,0.0
UberX,rider_canceled,2024-11-25T13:38:59.000Z,,,0.0,0.0,,0.0,0.0
UberX,completed,2024-11-25T13:41:49.000Z,2024-11-25T13:53:14.000Z,2024-11-25T14:05:06.000Z,2.0845374602799347,702.0,7.41,18.75,0.0
UberX,completed,2024-11-25T13:59:33.000Z,2024-11-25T14:06:09.000Z,2024-11-25T14:21:52.000Z,3.659362496157487,943.0,7.41,23.04,0.0
UberX,completed,2024-11-25T14:16:52.000Z,2024-11-25T14:32:52.000Z,2024-11-25T14:55:08.000Z,4.623327929254182,1336.0,7.58,26.48,0.0
UberX,completed,2024-11-25T14:39:06.000Z,2024-11-25T15:00:47.000Z,2024-11-25T15:39:49.000Z,5.619490359653105,2342.0,7.58,33.95,0.0
UberX,completed,2024-11-25T15:34:13.000Z,2024-11-25T15:54:28.000Z,2024-11-25T16:03:29.000Z,1.665868131653246,541.0,7.58,16.8,0.0
UberX,rider_canceled,2024-11-25T15:54:14.000Z,,,0.0,0.0,,0.0,0.0
UberX,completed,2024-11-25T15:55:10.000Z,2024-11-25T16:05:51.000Z,2024-11-25T16:27:56.000Z,2.120134364313485,1325.0,7.58,24.93,0.0
UberX,completed,2024-11-25T16:12:41.000Z,2024-11-25T16:55:11.000Z,2024-11-25T17:14:58.000Z,4.140128376603728,1187.0,7.58,36.55,0.0
UberX,rider_canceled,2024-11-25T17:01:41.000Z,,,0.0,0.0,,0.0,0.0
UberX,completed,2024-11-25T17:04:06.000Z,2024-11-25T17:17:50.000Z,2024-11-25T17:32:44.000Z,2.133298190090016,894.0,7.58,22.85,0.0
UberX,completed,2024-11-25T17:18:19.000Z,2024-11-25T17:37:45.000Z,2024-11-25T18:00:16.000Z,4.190215018176567,1333.0,7.58,37.22,0.0
UberX,rider_canceled,2024-11-25T17:47:21.000Z,,,0.0,0.0,,0.0,0.0
UberX,completed,2024-11-25T17:50:24.000Z,2024-11-25T18:01:30.000Z,2024-11-25T18:08:55.000Z,2.306234596581884,445.0,7.58,17.22,0.0
UberX,completed,2024-11-25T18:05:44.000Z,2024-11-25T18:13:05.000Z,2024-11-25T18:34:28.000Z,9.064580205869955,1283.0,7.41,44.36,0.0
UberX,completed,2024-11-26T14:49:50.000Z,2024-11-26T15:15:34.000Z,2024-11-26T15:45:16.000Z,6.88538319,1782.0,7.58,46.46,0.0
UberX,completed,2024-11-26T15:39:50.000Z,2024-11-26T15:51:09.000Z,2024-11-26T16:19:20.000Z,5.491566477540068,1691.0,7.58,36.7,0.0
UberX,completed,2024-11-26T16:10:01.000Z,2024-11-26T16:34:22.000Z,2024-11-26T16:57:23.000Z,4.411304651,1363.0,7.58,37.38,0.0
UberX,completed,2024-11-26T16:46:19.000Z,2024-11-26T17:05:51.000Z,2024-11-26T17:38:43.000Z,8.695185805536234,1917.0,7.58,47.94,0.0
UberX,completed,2024-11-26T18:06:42.000Z,2024-11-26T18:13:29.000Z,2024-11-26T18:27:37.000Z,3.848390505508128,848.0,7.41,22.5,0.0
UberX,completed,2024-11-26T18:23:53.000Z,2024-11-26T18:30:54.000Z,2024-11-26T18:36:14.000Z,1.2393036071447447,320.0,7.41,11.5,0.0
UberX,completed,2024-11-27T14:16:20.000Z,2024-11-27T14:34:02.000Z,2024-11-27T14:45:54.000Z,3.020384774828697,712.0,7.58,19.91,0.0
UberX,completed,2024-11-27T14:43:54.000Z,2024-11-27T15:01:19.000Z,2024-11-27T15:28:41.000Z,5.96619516,1642.0,7.58,33.3,0.0
UberX,completed,2024-11-27T15:42:02.000Z,2024-11-27T15:46:02.000Z,2024-11-27T16:27:10.000Z,8.693609256,2468.0,7.58,50.41,0.0
UberX,completed,2024-11-27T16:44:50.000Z,2024-11-27T17:02:46.000Z,2024-11-27T17:22:29.000Z,3.8910465972424624,1132.0,7.58,25.82,0.0
UberX,completed,2024-11-27T17:32:48.000Z,2024-11-27T17:40:12.000Z,2024-11-27T17:52:52.000Z,2.193534034563112,760.0,7.58,18.27,0.0
UberX,completed,2024-11-28T07:53:23.000Z,2024-11-28T08:09:59.000Z,2024-11-28T08:32:20.000Z,5.7901171422783495,1341.0,7.58,38.51,0.0
UberX,completed,2024-11-28T08:38:15.000Z,2024-11-28T08:44:47.000Z,2024-11-28T09:02:34.000Z,4.609561759405591,1067.0,7.58,27.03,0.0
UberX,completed,2024-11-28T09:01:41.000Z,2024-11-28T09:10:58.000Z,2024-11-28T09:34:02.000Z,6.581803377825668,1360.0,7.41,34.11,0.0
UberX,completed,2024-11-28T16:54:54.000Z,2024-11-28T17:22:26.000Z,2024-11-28T17:47:24.000Z,5.655433248220583,1498.0,7.58,36.86,0.0
UberX,completed,2024-11-28T17:37:57.000Z,2024-11-28T17:55:42.000Z,2024-11-28T18:11:09.000Z,3.4343742603410794,927.0,7.58,21.36,0.0
UberX,completed,2024-11-28T18:16:12.000Z,2024-11-28T18:22:04.000Z,2024-11-28T18:35:04.000Z,3.318237602453972,780.0,7.41,19.9,0.0
UberX,completed,2024-11-28T18:27:48.000Z,2024-11-28T18:39:36.000Z,2024-11-28T18:46:35.000Z,1.2868584642644365,419.0,7.41,12.49,0.0
UberX,completed,2024-11-28T18:48:38.000Z,2024-11-28T18:58:09.000Z,2024-11-28T19:16:29.000Z,3.3082358798097053,1100.0,7.41,22.5,0.0
UberX,completed,2024-11-29T14:09:11.000Z,2024-11-29T14:18:53.000Z,2024-11-29T14:30:05.000Z,1.456445526061987,672.0,7.58,19.94,0.0
UberX,completed,2024-11-29T14:18:07.000Z,2024-11-29T14:32:55.000Z,2024-11-29T15:05:37.000Z,5.396717108891513,1962.0,7.58,33.02,0.0
UberX,completed,2024-11-29T14:59:22.000Z,2024-11-29T15:16:14.000Z,2024-11-29T15:34:05.000Z,3.660441886680029,1071.0,7.58,25.91,0.0
UberX,rider_canceled,2024-11-29T15:21:51.000Z,,,0.0,0.0,,0.0,0.0
UberX,completed,2024-11-29T15:25:16.000Z,2024-11-29T15:47:38.000Z,2024-11-29T16:08:28.000Z,3.6637077793777024,1250.0,7.58,28.8,0.0
UberX,completed,2024-11-29T16:04:37.000Z,2024-11-29T16:18:41.000Z,2024-11-29T16:34:40.000Z,2.159827507290024,959.0,7.58,17.59,0.0
UberX,rider_canceled,2024-11-29T16:22:11.000Z,,,0.0,0.0,,0.0,0.0
UberX,completed,2024-11-29T16:24:14.000Z,2024-11-29T16:38:03.000Z,2024-11-29T17:01:53.000Z,4.318379217,1430.0,7.58,30.93,0.0
UberX,completed,2024-11-29T16:51:56.000Z,2024-11-29T17:12:42.000Z,2024-11-29T17:31:17.000Z,6.417053274653525,1105.0,7.58,33.93,0.0
UberX,completed,2024-11-29T17:21:52.000Z,2024-11-29T17:43:10.000Z,2024-11-29T17:56:58.000Z,3.416935396068576,828.0,7.58,19.99,0.0
UberX,completed,2024-11-29T17:44:50.000Z,2024-11-29T18:04:08.000Z,2024-11-29T18:22:03.000Z,4.523186295830865,1075.0,7.58,26.73,0.0
UberX,completed,2024-11-29T18:12:24.000Z,2024-11-29T18:24:34.000Z,2024-11-29T18:38:22.000Z,3.715557360298503,828.0,7.41,24.46,0.0
UberX,completed,2024-11-29T18:34:44.000Z,2024-11-29T18:52:51.000Z,2024-11-29T19:18:10.000Z,6.118989494005911,1519.0,7.41,31.8,0.0
UberX,completed,2024-11-29T19:14:57.000Z,2024-11-29T19:22:24.000Z,2024-11-29T19:46:05.000Z,5.726456453285147,1421.0,7.41,29.98,0.0
UberX,completed,2024-11-29T19:55:13.000Z,2024-11-29T20:04:39.000Z,2024-11-29T20:24:01.000Z,6.313106467839696,1162.0,7.41,32.01,0.0
UberX,completed,2024-11-30T04:48:51.000Z,2024-11-30T05:01:25.000Z,2024-11-30T05:22:50.000Z,6.193929680490506,1285.0,7.41,30.23,0.0
UberX,completed,2024-11-30T05:15:34.000Z,2024-11-30T05:40:15.000Z,2024-11-30T05:57:44.000Z,5.505662967373328,1049.0,7.41,27.96,0.0
UberX,completed,2024-11-30T06:15:00.000Z,2024-11-30T06:18:03.000Z,2024-11-30T06:36:00.000Z,5.520642598791656,1022.0,7.41,42.8,0.0
UberX,rider_canceled,2024-11-30T06:30:41.000Z,,,0.0,0.0,,0.0,0.0
UberX,completed,2024-11-30T06:31:25.000Z,2024-11-30T06:41:16.000Z,2024-11-30T06:54:01.000Z,4.131058087079216,765.0,7.41,22.93,0.0
UberX,completed,2024-11-30T08:49:28.000Z,2024-11-30T09:09:57.000Z,2024-11-30T09:28:54.000Z,5.743461586,1137.0,7.41,30.87,0.0
UberX,completed,2024-11-30T14:57:41.000Z,2024-11-30T15:05:01.000Z,2024-11-30T15:26:13.000Z,6.447995334580766,1272.0,7.58,35.98,0.0
UberX,completed,2024-11-30T15:07:58.000Z,2024-11-30T15:32:44.000Z,2024-11-30T15:39:22.000Z,1.643503350834032,398.0,7.58,14.21,0.0
UberX,completed,2024-11-30T15:40:00.000Z,2024-11-30T15:47:15.000Z,2024-11-30T16:02:39.000Z,4.194770783894868,880.0,7.58,23.61,0.0
UberX,completed,2024-11-30T15:59:06.000Z,2024-11-30T16:23:00.000Z,2024-11-30T16:54:41.000Z,9.268768107122696,1901.0,7.58,72.6,0.0
UberX,completed,2024-11-30T16:45:05.000Z,2024-11-30T16:59:18.000Z,2024-11-30T17:22:17.000Z,5.018601821523595,1379.0,7.92,31.68,0.0
UberX,completed,2024-11-30T17:09:44.000Z,2024-11-30T17:29:41.000Z,2024-11-30T18:00:04.000Z,8.172347488237644,1823.0,7.92,45.44,0.0
UberX,completed,2024-11-30T17:48:10.000Z,2024-11-30T18:14:18.000Z,2024-11-30T18:30:25.000Z,5.488858430345814,967.0,7.92,33.9,0.0
UberX,rider_canceled,2024-11-30T18:05:52.000Z,,,0.0,0.0,,0.0,0.0
UberX,completed,2024-11-30T18:18:14.000Z,2024-11-30T18:44:12.000Z,2024-11-30T19:16:23.000Z,7.885721657632704,1931.0,7.92,74.9,0.0
UberX,completed,2024-11-30T19:01:36.000Z,2024-11-30T19:22:11.000Z,2024-11-30T19:44:30.000Z,5.000225030135347,1339.0,7.92,89.94,0.0
UberX,completed,2024-11-30T19:27:05.000Z,2024-11-30T19:45:39.000Z,2024-11-30T19:52:59.000Z,2.385040602128765,440.0,7.92,41.93,0.0
UberX,rider_canceled,2024-11-30T19:45:54.000Z,,,0.0,0.0,,0.0,0.0
UberX,completed,2024-11-30T19:49:06.000Z,2024-11-30T20:02:07.000Z,2024-11-30T20:15:29.000Z,3.8621148133783736,802.0,7.92,24.98,0.0
UberX,completed,2024-11-30T20:23:33.000Z,2024-11-30T20:39:14.000Z,2024-11-30T20:50:19.000Z,1.8854345268700896,665.0,7.92,15.9,0.0
UberX,completed,2024-11-30T20:47:43.000Z,2024-11-30T20:52:50.000Z,2024-11-30T21:20:49.000Z,9.295347874478756,1679.0,7.92,50.07,0.0
UberX,completed,2024-11-30T21:23:15.000Z,2024-11-30T21:32:54.000Z,2024-11-30T21:52:27.000Z,6.986737985310097,1140.0,7.92,36.12,0.0
UberX,completed,2024-12-01T05:11:35.000Z,2024-12-01T05:17:57.000Z,2024-12-01T05:29:32.000Z,3.2566031409738687,695.0,7.41,31.94,0.0
UberX,completed,2024-12-01T05:15:05.000Z,2024-12-01T05:38:40.000Z,2024-12-01T05:50:02.000Z,4.731372042,667.0,7.41,24.8,0.0
UberX,completed,2024-12-01T05:42:52.000Z,2024-12-01T05:57:18.000Z,2024-12-01T06:06:25.000Z,3.228086357981755,547.0,7.41,17.94,0.0
UberX,completed,2024-12-01T05:52:47.000Z,2024-12-01T06:20:57.000Z,2024-12-01T06:35:40.000Z,5.466443483270831,883.0,7.41,29.94,0.0
UberX,completed,2024-12-01T06:43:56.000Z,2024-12-01T06:53:46.000Z,2024-12-01T07:09:10.000Z,6.688424403072785,924.0,7.41,32.95,0.0
UberX,completed,2024-12-01T08:06:18.000Z,2024-12-01T08:39:03.000Z,2024-12-01T09:09:29.000Z,12.30696417900546,1801.0,7.41,68.97,0.0
UberX,completed,2024-12-01T09:06:56.000Z,2024-12-01T09:13:52.000Z,2024-12-01T09:22:33.000Z,1.9736636892518296,496.0,7.58,15.91,0.0
UberX,completed,2024-12-01T17:48:07.000Z,2024-12-01T17:56:25.000Z,2024-12-01T18:09:22.000Z,2.822989127,777.0,7.41,19.92,0.0
UberX,completed,2024-12-02T16:06:50.000Z,2024-12-02T16:20:17.000Z,2024-12-02T16:45:04.000Z,4.896293065618906,1487.0,7.58,38.91,0.0
UberX,completed,2024-12-02T16:40:33.000Z,2024-12-02T16:50:34.000Z,2024-12-02T17:06:49.000Z,2.668449881026412,975.0,7.58,26.94,0.0
UberX,rider_canceled,2024-12-02T16:53:17.000Z,,,0.0,0.0,,0.0,0.0
UberX,completed,2024-12-02T16:57:29.000Z,2024-12-02T17:10:53.000Z,2024-12-02T17:34:05.000Z,5.408527375460533,1392.0,7.58,32.96,0.0
UberX,completed,2024-12-02T17:47:30.000Z,2024-12-02T18:03:56.000Z,2024-12-02T18:25:56.000Z,6.5551340364147705,1289.0,7.58,34.59,0.0
UberX,completed,2024-12-02T18:22:43.000Z,2024-12-02T18:33:12.000Z,2024-12-02T18:43:30.000Z,2.092726102969753,618.0,7.41,18.68,0.0
UberX,completed,2024-12-02T18:37:55.000Z,2024-12-02T18:54:07.000Z,2024-12-02T19:03:53.000Z,2.7519736618199504,552.0,7.41,19.15,0.0
UberX,completed,2024-12-04T15:24:23.000Z,2024-12-04T15:32:31.000Z,2024-12-04T15:51:55.000Z,2.9875616262402542,1164.0,7.58,23.94,0.0
UberX,rider_canceled,2024-12-04T17:22:16.000Z,,,0.0,0.0,,5.0,4.63
UberX,rider_canceled,2024-12-04T17:33:45.000Z,,,0.0,0.0,,5.0,4.63
UberX,completed,2024-12-04T18:40:20.000Z,2024-12-04T18:49:01.000Z,2024-12-04T19:05:02.000Z,6.392349437158314,961.0,7.41,33.11,0.0
UberX,completed,2024-12-05T08:02:40.000Z,2024-12-05T08:12:59.000Z,2024-12-05T08:20:59.000Z,2.0929169669201872,480.0,7.58,23.51,0.0
UberX,completed,2024-12-05T08:14:51.000Z,2024-12-05T08:25:47.000Z,2024-12-05T08:36:04.000Z,2.160713954991201,617.0,7.58,18.56,0.0
UberX,rider_canceled,2024-12-05T08:41:35.000Z,,,0.0,0.0,,0.0,0.0
UberX,completed,2024-12-05T08:46:59.000Z,2024-12-05T09:02:10.000Z,2024-12-05T09:19:15.000Z,4.031894857505708,1025.0,7.58,26.25,0.0
UberX,completed,2024-12-05T09:26:41.000Z,2024-12-05T09:31:27.000Z,2024-12-05T09:45:07.000Z,3.084425445342773,820.0,7.41,22.5,0.0
UberX,completed,2024-12-05T15:34:53.000Z,2024-12-05T15:46:46.000Z,2024-12-05T16:11:58.000Z,2.3756976890303467,1512.0,7.58,23.85,0.0
UberX,completed,2024-12-05T15:58:59.000Z,2024-12-05T16:17:06.000Z,2024-12-05T16:43:54.000Z,4.5489259230927495,1608.0,7.58,29.93,0.0
UberX,completed,2024-12-05T16:40:14.000Z,2024-12-05T16:50:00.000Z,2024-12-05T17:25:59.000Z,3.771366006551353,2141.0,7.58,29.69,0.0
UberX,rider_canceled,2024-12-05T17:18:28.000Z,,,0.0,0.0,,0.0,0.0
UberX,rider_canceled,2024-12-05T17:37:15.000Z,,,0.0,0.0,,0.0,0.0
UberX,completed,2024-12-05T17:38:42.000Z,2024-12-05T17:43:03.000Z,2024-12-05T17:52:14.000Z,2.482106488218079,531.0,7.58,18.41,0.0
UberX,completed,2024-12-05T17:48:42.000Z,2024-12-05T18:02:14.000Z,2024-12-05T18:13:53.000Z,2.646418833998632,699.0,7.58,20.7,0.0
UberX,completed,2024-12-05T18:11:43.000Z,2024-12-05T18:17:40.000Z,2024-12-05T18:23:21.000Z,0.906398794,341.0,7.41,11.52,0.0
UberX,completed,2024-12-05T18:22:28.000Z,2024-12-05T18:31:52.000Z,2024-12-05T18:54:22.000Z,3.084853586983847,1350.0,7.41,21.79,0.0
UberX,completed,2024-12-05T19:30:33.000Z,2024-12-05T19:38:29.000Z,2024-12-05T19:48:06.000Z,1.652414162467882,577.0,7.41,18.98,0.0
UberX,completed,2024-12-06T08:11:44.000Z,2024-12-06T08:21:11.000Z,2024-12-06T08:40:07.000Z,3.037796154783676,1136.0,7.58,24.94,0.0
UberX,completed,2024-12-06T08:32:10.000Z,2024-12-06T08:46:03.000Z,2024-12-06T09:01:24.000Z,3.9911039807450175,921.0,7.58,27.94,0.0
UberX,completed,2024-12-06T14:26:48.000Z,2024-12-06T14:46:34.000Z,2024-12-06T15:23:19.000Z,3.52966808128286,1926.0,7.58,31.45,0.0
UberX,completed,2024-12-06T14:48:02.000Z,2024-12-06T15:23:27.000Z,2024-12-06T15:35:21.000Z,1.2302236633510544,575.0,7.58,21.91,0.0
UberX,rider_canceled,2024-12-06T15:25:05.000Z,,,0.0,0.0,,0.0,0.0
UberX,completed,2024-12-06T15:25:37.000Z,2024-12-06T15:42:19.000Z,2024-12-06T16:15:06.000Z,10.252742626202064,1967.0,7.58,72.9,0.0
UberX,completed,2024-12-06T16:12:20.000Z,2024-12-06T16:38:39.000Z,2024-12-06T17:16:30.000Z,9.398542949457838,2206.0,7.58,55.68,0.0
UberX,completed,2024-12-06T17:23:59.000Z,2024-12-06T17:34:02.000Z,2024-12-06T17:51:50.000Z,5.662108041132997,1068.0,7.58,36.95,0.0
UberX,completed,2024-12-06T17:31:57.000Z,2024-12-06T17:53:50.000Z,2024-12-06T18:08:56.000Z,4.720881612387895,892.0,7.58,46.1,0.0
UberX,completed,2024-12-06T18:03:39.000Z,2024-12-06T18:15:25.000Z,2024-12-06T18:36:33.000Z,6.6970142267231525,1232.0,7.41,31.32,0.0
UberX,rider_canceled,2024-12-06T18:20:10.000Z,,,0.0,0.0,,0.0,0.0
UberX,completed,2024-12-06T18:34:49.000Z,2024-12-06T18:44:54.000Z,2024-12-06T19:07:00.000Z,6.823418253383891,1326.0,7.41,43.69,0.0
UberX,completed,2024-12-06T19:23:53.000Z,2024-12-06T19:33:00.000Z,2024-12-06T19:45:22.000Z,4.178546741259436,742.0,7.41,22.94,0.0
UberX,completed,2024-12-06T19:37:21.000Z,2024-12-06T19:59:52.000Z,2024-12-06T20:16:49.000Z,4.457163925645162,997.0,7.41,25.99,0.0
UberX,completed,2024-12-06T20:09:28.000Z,2024-12-06T20:26:42.000Z,2024-12-06T20:47:47.000Z,3.530247632488729,1265.0,7.41,24.2,0.0
UberX,completed,2024-12-07T05:20:46.000Z,2024-12-07T05:28:24.000Z,2024-12-07T05:49:13.000Z,9.459622114439144,1249.0,7.41,48.9,0.0
UberX,completed,2024-12-07T05:50:22.000Z,2024-12-07T06:08:14.000Z,2024-12-07T06:18:55.000Z,3.630059514383479,641.0,7.41,20.99,0.0
UberX,completed,2024-12-07T06:16:37.000Z,2024-12-07T06:38:35.000Z,2024-12-07T07:05:21.000Z,7.323786832031995,1606.0,7.41,33.09,0.0
UberX,completed,2024-12-07T07:43:03.000Z,2024-12-07T07:51:57.000Z,2024-12-07T08:01:31.000Z,2.9416833507538147,574.0,7.41,19.52,0.0
UberX,completed,2024-12-07T07:55:40.000Z,2024-12-07T08:14:27.000Z,2024-12-07T08:34:57.000Z,6.048624879927274,1230.0,7.41,32.88,0.0
UberX,completed,2024-12-07T08:34:45.000Z,2024-12-07T08:48:47.000Z,2024-12-07T08:56:39.000Z,2.974387443140704,472.0,7.41,29.44,0.0
UberX,completed,2024-12-07T08:47:55.000Z,2024-12-07T09:06:23.000Z,2024-12-07T09:22:18.000Z,5.961956588016744,955.0,7.41,35.96,0.0
UberX,completed,2024-12-07T09:14:32.000Z,2024-12-07T09:26:35.000Z,2024-12-07T09:53:06.000Z,7.160133097,1556.0,7.58,34.9,0.0
UberX,completed,2024-12-07T14:44:46.000Z,2024-12-07T14:53:22.000Z,2024-12-07T15:10:18.000Z,4.0823361693860845,1016.0,7.58,35.93,0.0
UberX,completed,2024-12-07T15:03:00.000Z,2024-12-07T15:15:24.000Z,2024-12-07T15:35:25.000Z,3.7941533489525128,1201.0,7.58,22.94,0.0
UberX,completed,2024-12-07T15:24:48.000Z,2024-12-07T15:48:04.000Z,2024-12-07T16:04:09.000Z,4.381255332655138,965.0,7.58,24.31,0.0
UberX,completed,2024-12-07T15:50:19.000Z,2024-12-07T16:09:29.000Z,2024-12-07T16:24:58.000Z,5.881705427374167,929.0,7.58,47.74,0.0
UberX,completed,2024-12-07T16:05:49.000Z,2024-12-07T16:30:42.000Z,2024-12-07T16:45:37.000Z,3.985142239335996,873.0,7.92,24.95,0.0
UberX,completed,2024-12-07T16:23:08.000Z,2024-12-07T16:53:06.000Z,2024-12-07T17:03:07.000Z,1.5932402500394582,538.0,7.92,17.5,0.0
UberX,completed,2024-12-07T16:52:21.000Z,2024-12-07T17:03:20.000Z,2024-12-07T17:15:34.000Z,1.104566763805764,734.0,7.92,27.98,0.0
UberX,rider_canceled,2024-12-07T16:59:43.000Z,,,0.0,0.0,,0.0,0.0
UberX,completed,2024-12-07T17:14:31.000Z,2024-12-07T17:19:42.000Z,2024-12-07T17:24:53.000Z,0.9105606608874508,311.0,7.92,13.9,0.0
UberX,completed,2024-12-07T17:20:52.000Z,2024-12-07T17:35:57.000Z,2024-12-07T17:40:46.000Z,0.4635722051524448,278.0,7.92,15.97,0.0
UberX,completed,2024-12-07T17:33:29.000Z,2024-12-07T17:48:08.000Z,2024-12-07T18:00:34.000Z,3.2278158372701355,746.0,7.92,35.5,0.0
UberX,completed,2024-12-07T17:51:51.000Z,2024-12-07T18:07:25.000Z,2024-12-07T18:23:51.000Z,4.441092078255409,986.0,7.92,27.09,0.0
UberX,completed,2024-12-07T18:01:41.000Z,2024-12-07T18:28:25.000Z,2024-12-07T18:42:29.000Z,4.843351569692396,844.0,7.92,34.1,0.0
UberX,completed,2024-12-07T18:27:33.000Z,2024-12-07T18:53:34.000Z,2024-12-07T19:22:15.000Z,7.163460941,1721.0,7.92,72.93,0.0
UberX,rider_canceled,2024-12-07T19:11:28.000Z,,,0.0,0.0,,0.0,0.0
UberX,completed,2024-12-07T19:14:03.000Z,2024-12-07T19:28:53.000Z,2024-12-07T19:47:29.000Z,3.8040180598020936,1116.0,7.92,25.93,0.0
UberX,completed,2024-12-07T19:36:27.000Z,2024-12-07T19:52:49.000Z,2024-12-07T19:58:20.000Z,0.9002212887009557,322.0,7.92,12.17,0.0
UberX,completed,2024-12-07T19:52:35.000Z,2024-12-07T20:06:39.000Z,2024-12-07T20:23:53.000Z,3.526338320926337,1034.0,7.92,24.53,0.0
UberX,completed,2024-12-07T20:15:59.000Z,2024-12-07T20:28:25.000Z,2024-12-07T20:47:22.000Z,7.067400796847676,1137.0,7.92,35.81,0.0
UberX,completed,2024-12-08T07:08:20.000Z,2024-12-08T07:15:35.000Z,2024-12-08T07:46:49.000Z,9.719060451704538,1874.0,7.41,60.15,0.0
UberX,completed,2024-12-08T07:27:29.000Z,2024-12-08T08:08:04.000Z,2024-12-08T08:22:04.000Z,5.223209405357082,840.0,7.41,28.39,0.0
UberX,completed,2024-12-08T08:13:52.000Z,2024-12-08T08:30:39.000Z,2024-12-08T08:37:54.000Z,1.4060878115980382,435.0,7.41,13.25,0.0
UberX,completed,2024-12-08T08:32:31.000Z,2024-12-08T08:46:14.000Z,2024-12-08T08:55:18.000Z,2.313259415929337,544.0,7.41,15.79,0.0
UberX,completed,2024-12-08T09:40:35.000Z,2024-12-08T09:53:44.000Z,2024-12-08T10:03:26.000Z,2.3465208808156968,582.0,7.58,17.2,0.0
UberX,completed,2024-12-08T09:58:26.000Z,2024-12-08T10:06:28.000Z,2024-12-08T10:14:48.000Z,2.098226363240473,500.0,7.58,16.98,0.0
UberX,completed,2024-12-08T10:13:49.000Z,2024-12-08T10:17:03.000Z,2024-12-08T10:29:16.000Z,3.836222522361549,733.0,7.58,22.99,0.0
UberX,completed,2024-12-08T10:37:37.000Z,2024-12-08T10:43:13.000Z,2024-12-08T10:52:00.000Z,2.025862997984889,520.0,7.58,16.8,0.0
UberX,completed,2024-12-08T10:42:20.000Z,2024-12-08T10:56:30.000Z,2024-12-08T11:02:35.000Z,1.4488619170561234,351.0,7.58,14.92,0.0
UberX,completed,2024-12-08T10:59:00.000Z,2024-12-08T11:07:25.000Z,2024-12-08T11:28:47.000Z,5.120642131897818,1282.0,7.58,28.11,0.0
UberX,completed,2024-12-08T11:40:14.000Z,2024-12-08T12:00:11.000Z,2024-12-08T12:11:53.000Z,3.355986296950704,687.0,7.58,18.76,0.0
UberX,completed,2024-12-09T16:18:17.000Z,2024-12-09T16:46:43.000Z,2024-12-09T17:21:32.000Z,7.942353928556356,2089.0,7.58,45.85,0.0
UberX,completed,2024-12-09T17:06:40.000Z,2024-12-09T17:32:31.000Z,2024-12-09T17:58:09.000Z,6.7793090843275055,1504.0,7.58,39.1,0.0
UberX,completed,2024-12-09T18:07:41.000Z,2024-12-09T18:20:10.000Z,2024-12-09T18:33:01.000Z,2.9402298622397347,760.0,7.41,18.9,0.0
UberX,rider_canceled,2024-12-09T18:16:16.000Z,,,0.0,0.0,,0.0,0.0
UberX,rider_canceled,2024-12-09T18:22:58.000Z,,,0.0,0.0,,0.0,0.0
UberX,completed,2024-12-09T18:23:27.000Z,2024-12-09T18:38:50.000Z,2024-12-09T18:53:29.000Z,2.815877354013732,879.0,7.41,20.43,0.0
UberX,rider_canceled,2024-12-09T18:40:49.000Z,,,0.0,0.0,,0.0,0.0
UberX,completed,2024-12-09T18:53:58.000Z,2024-12-09T19:02:22.000Z,2024-12-09T19:17:29.000Z,3.7710762064897088,907.0,7.41,22.73,0.0
UberX,completed,2024-12-10T14:41:24.000Z,2024-12-10T14:47:52.000Z,2024-12-10T15:05:47.000Z,2.542944129879108,1075.0,7.58,20.85,0.0
UberX,rider_canceled,2024-12-10T14:55:38.000Z,,,0.0,0.0,,0.0,0.0
UberX,completed,2024-12-10T15:00:53.000Z,2024-12-10T15:09:48.000Z,2024-12-10T15:26:18.000Z,2.115983105443297,990.0,7.58,20.24,0.0
UberX,completed,2024-12-10T15:18:55.000Z,2024-12-10T15:30:46.000Z,2024-12-10T15:54:14.000Z,4.7190965737236015,1408.0,7.58,32.54,0.0
UberX,completed,2024-12-10T15:46:30.000Z,2024-12-10T16:07:27.000Z,2024-12-10T16:35:12.000Z,5.361899730296126,1665.0,7.58,50.42,0.0
UberX,completed,2024-12-10T16:35:05.000Z,2024-12-10T16:49:56.000Z,2024-12-10T17:14:49.000Z,6.989475740980941,1493.0,7.58,38.05,0.0
UberX,completed,2024-12-10T17:03:53.000Z,2024-12-10T17:18:21.000Z,2024-12-10T17:42:45.000Z,4.720372028,1454.0,7.58,31.56,0.0
UberX,rider_canceled,2024-12-10T17:37:54.000Z,,,0.0,0.0,,8.26,0.0
UberX,completed,2024-12-10T17:47:21.000Z,2024-12-10T17:56:45.000Z,2024-12-10T18:31:30.000Z,11.05124281049622,2085.0,7.58,60.5,0.0
UberX,completed,2024-12-10T18:41:18.000Z,2024-12-10T18:44:18.000Z,2024-12-10T19:04:34.000Z,9.225399857870256,1216.0,7.41,47.99,0.0
UberX,completed,2024-12-10T19:04:37.000Z,2024-12-10T19:35:22.000Z,2024-12-10T20:01:20.000Z,7.4026643,1558.0,7.41,39.24,0.0
UberX,completed,2024-12-11T15:00:24.000Z,2024-12-11T15:05:11.000Z,2024-12-11T15:42:48.000Z,7.118293176835969,2254.0,7.58,41.5,0.0
UberX,rider_canceled,2024-12-11T15:32:56.000Z,,,0.0,0.0,,0.0,0.0
UberX,completed,2024-12-11T15:35:55.000Z,2024-12-11T15:57:10.000Z,2024-12-11T16:19:30.000Z,4.229623829,1340.0,7.58,27.76,0.0
UberX,completed,2024-12-11T16:07:44.000Z,2024-12-11T16:23:18.000Z,2024-12-11T16:59:00.000Z,4.677415016833654,2142.0,7.58,32.97,0.0
UberX,completed,2024-12-11T16:54:31.000Z,2024-12-11T17:09:26.000Z,2024-12-11T17:20:21.000Z,3.671274169694787,655.0,7.58,23.16,0.0
UberX,completed,2024-12-11T17:15:08.000Z,2024-12-11T17:31:14.000Z,2024-12-11T17:54:57.000Z,3.690154006945629,1423.0,7.58,25.62,0.0
UberX,completed,2024-12-11T17:51:56.000Z,2024-12-11T18:04:35.000Z,2024-12-11T18:24:44.000Z,4.463742392670587,1209.0,7.58,33.06,0.0
UberX,completed,2024-12-11T18:20:23.000Z,2024-12-11T18:32:06.000Z,2024-12-11T18:56:29.000Z,5.257255698522946,1463.0,7.41,31.8,0.0
UberX,completed,2024-12-12T08:11:33.000Z,2024-12-12T08:18:33.000Z,2024-12-12T08:53:16.000Z,9.917414209102766,2061.0,7.58,56.96,0.0
UberX,completed,2024-12-12T08:29:13.000Z,2024-12-12T09:06:51.000Z,2024-12-12T09:20:01.000Z,4.748677786648671,764.0,7.58,27.69,0.0
UberX,completed,2024-12-12T09:21:07.000Z,2024-12-12T09:28:00.000Z,2024-12-12T09:54:55.000Z,7.147824673875459,1615.0,7.41,35.98,0.0
UberX,rider_canceled,2024-12-12T15:25:04.000Z,,,0.0,0.0,,0.0,0.0
UberX,completed,2024-12-12T15:27:00.000Z,2024-12-12T15:44:57.000Z,2024-12-12T15:51:55.000Z,1.377520289355449,418.0,7.58,15.28,0.0
UberX,completed,2024-12-12T15:44:50.000Z,2024-12-12T16:00:30.000Z,2024-12-12T16:22:04.000Z,5.155516722532933,1294.0,7.58,31.88,0.0
UberX,completed,2024-12-12T16:11:31.000Z,2024-12-12T16:26:09.000Z,2024-12-12T16:42:26.000Z,3.2143190921783744,977.0,7.58,22.96,0.0
UberX,completed,2024-12-12T16:34:13.000Z,2024-12-12T16:55:57.000Z,2024-12-12T17:20:20.000Z,4.264782363,1463.0,7.58,28.95,0.0
UberX,completed,2024-12-12T17:09:55.000Z,2024-12-12T17:23:24.000Z,2024-12-12T17:35:37.000Z,1.7825027463660343,698.0,7.58,21.93,0.0
UberX,completed,2024-12-12T17:23:08.000Z,2024-12-12T17:47:51.000Z,2024-12-12T17:58:58.000Z,3.276080217,667.0,7.58,20.65,0.0
UberX,completed,2024-12-12T17:49:26.000Z,2024-12-12T18:25:12.000Z,2024-12-12T18:58:38.000Z,7.502148492909318,2006.0,7.58,38.96,0.0
UberX,completed,2024-12-13T09:05:55.000Z,2024-12-13T09:11:53.000Z,2024-12-13T09:23:24.000Z,3.171642660044298,691.0,7.41,21.38,0.0
UberX,completed,2024-12-13T09:12:34.000Z,2024-12-13T09:30:23.000Z,2024-12-13T09:52:08.000Z,6.909179862236416,1305.0,7.41,33.68,0.0
UberX,completed,2024-12-13T09:47:08.000Z,2024-12-13T09:55:40.000Z,2024-12-13T10:20:36.000Z,8.225863436137008,1474.0,7.41,40.03,0.0
UberX,completed,2024-12-13T10:22:15.000Z,2024-12-13T10:32:02.000Z,2024-12-13T10:48:27.000Z,3.1922815559385374,973.0,7.41,28.5,0.0
UberX,completed,2024-12-13T14:59:49.000Z,2024-12-13T15:21:13.000Z,2024-12-13T15:50:01.000Z,9.921074617,1728.0,7.58,55.6,0.0
UberX,completed,2024-12-13T15:49:28.000Z,2024-12-13T16:01:44.000Z,2024-12-13T16:23:05.000Z,6.542488522452832,1281.0,7.58,34.9,0.0
UberX,completed,2024-12-13T16:11:53.000Z,2024-12-13T16:24:54.000Z,2024-12-13T17:02:44.000Z,4.348835048819568,2270.0,7.58,41.54,0.0
UberX,rider_canceled,2024-12-13T16:25:13.000Z,,,0.0,0.0,,0.0,0.0
UberX,rider_canceled,2024-12-13T16:42:37.000Z,,,0.0,0.0,,0.0,0.0
UberX,completed,2024-12-13T17:20:00.000Z,2024-12-13T17:14:14.000Z,2024-12-13T17:34:33.000Z,6.524762594290273,1172.0,7.58,48.96,0.0
UberX,completed,2024-12-13T17:26:39.000Z,2024-12-13T17:38:51.000Z,2024-12-13T17:47:24.000Z,1.732003110038658,513.0,7.58,18.89,0.0
UberX,completed,2024-12-13T17:41:48.000Z,2024-12-13T17:55:21.000Z,2024-12-13T18:02:32.000Z,1.7242535686989997,431.0,7.58,14.76,0.0
UberX,completed,2024-12-13T17:52:01.000Z,2024-12-13T18:11:02.000Z,2024-12-13T18:38:16.000Z,5.336977081105302,1634.0,7.58,33.95,0.0
UberX,completed,2024-12-13T18:20:00.000Z,2024-12-13T18:46:17.000Z,2024-12-13T19:00:09.000Z,7.775705047,832.0,7.41,52.92,0.0
UberX,rider_canceled,2024-12-13T18:50:37.000Z,,,0.0,0.0,,0.0,0.0
UberX,completed,2024-12-13T18:53:36.000Z,2024-12-13T19:08:58.000Z,2024-12-13T19:26:10.000Z,5.762307525667764,1003.0,7.41,45.96,0.0
UberX,completed,2024-12-13T19:24:00.000Z,2024-12-13T19:41:05.000Z,2024-12-13T20:06:53.000Z,7.105976552952903,1548.0,7.41,43.08,0.0
UberX,completed,2024-12-13T20:38:21.000Z,2024-12-13T20:43:03.000Z,2024-12-13T20:51:14.000Z,2.0406872683599664,491.0,7.41,19.93,0.0
UberX,completed,2024-12-14T05:05:36.000Z,2024-12-14T05:23:48.000Z,2024-12-14T05:48:42.000Z,7.030440089239498,1494.0,7.41,41.88,0.0
UberX,completed,2024-12-14T05:41:05.000Z,2024-12-14T05:56:02.000Z,2024-12-14T06:17:57.000Z,5.7038832024178205,1315.0,7.41,28.09,0.0
UberX,completed,2024-12-14T06:01:23.000Z,2024-12-14T06:29:48.000Z,2024-12-14T06:55:47.000Z,12.569147160801432,1559.0,7.41,69.19,0.0
UberX,rider_canceled,2024-12-14T06:53:10.000Z,,,0.0,0.0,,0.0,0.0
UberX,completed,2024-12-14T07:23:29.000Z,2024-12-14T07:30:43.000Z,2024-12-14T07:41:15.000Z,3.395734101054696,632.0,7.41,19.76,0.0
UberX,completed,2024-12-14T07:34:36.000Z,2024-12-14T07:48:37.000Z,2024-12-14T07:59:45.000Z,3.5146775055789163,620.0,7.41,21.15,0.0
RiderItemDelivery,completed,2024-12-14T07:53:48.000Z,2024-12-14T08:10:53.000Z,2024-12-14T08:20:35.000Z,2.205684223426141,582.0,7.41,15.87,0.0
UberX,completed,2024-12-14T08:17:19.000Z,2024-12-14T08:24:28.000Z,2024-12-14T08:38:14.000Z,4.369528610950582,826.0,7.41,29.02,0.0
UberX,completed,2024-12-14T08:40:12.000Z,2024-12-14T08:48:25.000Z,2024-12-14T08:58:12.000Z,3.401182372828353,587.0,7.41,20.06,0.0
UberX,completed,2024-12-14T08:55:36.000Z,2024-12-14T09:00:59.000Z,2024-12-14T09:09:29.000Z,1.444596866123443,476.0,7.41,14.1,0.0
UberX,completed,2024-12-14T09:07:32.000Z,2024-12-14T09:13:51.000Z,2024-12-14T09:25:45.000Z,2.644404000726753,714.0,7.58,18.89,0.0
UberX,completed,2024-12-14T09:31:29.000Z,2024-12-14T09:40:17.000Z,2024-12-14T09:53:28.000Z,2.569835929698081,777.0,7.58,20.25,0.0
UberX,completed,2024-12-14T09:49:20.000Z,2024-12-14T10:00:52.000Z,2024-12-14T10:13:29.000Z,2.9418928245157594,757.0,7.58,21.04,0.0
UberX,completed,2024-12-14T16:00:34.000Z,2024-12-14T16:11:02.000Z,2024-12-14T16:28:58.000Z,2.176744449778538,1076.0,7.92,18.93,0.0
UberX,completed,2024-12-14T16:20:55.000Z,2024-12-14T16:32:14.000Z,2024-12-14T16:56:17.000Z,5.605613056383706,1443.0,7.92,36.97,0.0
UberX,completed,2024-12-14T18:13:49.000Z,2024-12-14T18:22:16.000Z,2024-12-14T18:45:52.000Z,6.311760496741708,1416.0,7.92,37.92,0.0
UberX,completed,2024-12-14T18:41:59.000Z,2024-12-14T18:56:01.000Z,2024-12-14T19:15:48.000Z,5.996150880044091,1187.0,7.92,33.9,0.0
UberX,completed,2024-12-14T18:53:14.000Z,2024-12-14T19:19:52.000Z,2024-12-14T19:40:28.000Z,6.431487657372621,1236.0,7.92,37.05,0.0
UberX,completed,2024-12-14T19:30:54.000Z,2024-12-14T19:54:51.000Z,2024-12-14T20:23:39.000Z,6.948169003576436,1728.0,7.92,44.27,0.0
UberX,completed,2024-12-14T20:54:51.000Z,2024-12-14T21:12:44.000Z,2024-12-14T21:36:57.000Z,11.562543449993692,1453.0,7.92,66.36,0.0
UberX,completed,2024-12-14T21:42:47.000Z,2024-12-14T22:03:47.000Z,2024-12-14T22:31:28.000Z,8.464888179180482,1645.0,7.92,46.75,0.0
UberX,completed,2024-12-15T05:24:32.000Z,2024-12-15T05:36:49.000Z,2024-12-15T05:52:28.000Z,4.267622918704534,939.0,7.41,23.78,0.0
UberX,rider_canceled,2024-12-15T05:34:45.000Z,,,0.0,0.0,,0.0,0.0
UberX,completed,2024-12-15T05:46:57.000Z,2024-12-15T05:56:11.000Z,2024-12-15T06:08:06.000Z,3.297624874892438,715.0,7.41,20.9,0.0
UberX,completed,2024-12-15T05:54:34.000Z,2024-12-15T06:16:23.000Z,2024-12-15T06:33:37.000Z,5.453749071520387,978.0,7.41,28.63,0.0
UberX,completed,2024-12-15T06:23:04.000Z,2024-12-15T06:39:10.000Z,2024-12-15T07:03:01.000Z,9.569578806664138,1431.0,7.41,48.84,0.0
UberX,rider_canceled,2024-12-15T06:58:57.000Z,,,0.0,0.0,,0.0,0.0
UberX,driver_canceled,2024-12-15T07:12:21.000Z,,,0.0,0.0,,5.0,4.63
UberX,rider_canceled,2024-12-15T10:56:04.000Z,,,0.0,0.0,,0.0,0.0
UberX,completed,2024-12-15T11:09:33.000Z,2024-12-15T11:21:06.000Z,2024-12-15T11:34:52.000Z,3.3139936202371456,826.0,7.58,21.05,0.0
UberX,completed,2024-12-16T12:22:25.000Z,2024-12-16T12:30:54.000Z,2024-12-16T12:53:05.000Z,3.738753252032957,1331.0,7.41,26.99,0.0
UberX,completed,2024-12-16T12:46:11.000Z,2024-12-16T13:01:43.000Z,2024-12-16T13:20:34.000Z,3.7309764674417374,1131.0,7.41,23.12,0.0
UberX,completed,2024-12-16T13:08:32.000Z,2024-12-16T13:27:27.000Z,2024-12-16T13:46:03.000Z,3.652300020715943,1116.0,7.41,25.38,0.0
UberX,completed,2024-12-16T13:29:53.000Z,2024-12-16T13:55:49.000Z,2024-12-16T14:01:33.000Z,0.7974437651871608,344.0,7.41,17.26,0.0
UberX,completed,2024-12-16T13:53:03.000Z,2024-12-16T14:17:33.000Z,2024-12-16T14:36:22.000Z,3.5496118696531376,1129.0,7.41,28.19,0.0
UberX,rider_canceled,2024-12-16T14:17:23.000Z,,,0.0,0.0,,0.0,0.0
UberX,completed,2024-12-16T14:30:06.000Z,2024-12-16T14:51:51.000Z,2024-12-16T15:16:19.000Z,5.843941260243668,1468.0,7.58,31.98,0.0
UberX,rider_canceled,2024-12-16T15:00:08.000Z,,,0.0,0.0,,0.0,0.0
UberX,rider_canceled,2024-12-16T15:04:02.000Z,,,0.0,0.0,,0.0,0.0
UberX,completed,2024-12-16T15:10:52.000Z,2024-12-16T15:23:53.000Z,2024-12-16T15:50:44.000Z,4.861823110441268,1509.0,7.58,31.12,0.0
UberX,rider_canceled,2024-12-16T15:26:03.000Z,,,0.0,0.0,,0.0,0.0
UberX,rider_canceled,2024-12-16T15:30:20.000Z,,,0.0,0.0,,0.0,0.0
UberX,rider_canceled,2024-12-16T15:33:32.000Z,,,0.0,0.0,,0.0,0.0
UberX,completed,2024-12-16T15:36:34.000Z,2024-12-16T15:55:20.000Z,2024-12-16T16:06:47.000Z,2.245228861691154,687.0,7.58,22.92,0.0
UberX,completed,2024-12-16T15:58:07.000Z,2024-12-16T16:15:22.000Z,2024-12-16T16:24:45.000Z,2.369261439523364,563.0,7.58,37.34,0.0
UberX,completed,2024-12-16T16:16:29.000Z,2024-12-16T16:27:49.000Z,2024-12-16T16:55:21.000Z,5.037965326605925,1652.0,7.58,44.18,0.0
UberX,completed,2024-12-16T16:42:57.000Z,2024-12-16T17:05:03.000Z,2024-12-16T17:24:16.000Z,2.0322286741419138,1083.0,7.58,35.76,0.0
UberX,completed,2024-12-16T18:39:20.000Z,2024-12-16T18:41:39.000Z,2024-12-16T18:48:07.000Z,1.2709810289479695,388.0,7.41,16.1,0.0
UberX,rider_canceled,2024-12-17T13:44:11.000Z,,,0.0,0.0,,0.0,0.0
UberX,completed,2024-12-17T13:44:29.000Z,2024-12-17T13:46:52.000Z,2024-12-17T13:57:40.000Z,1.687796028909384,648.0,7.41,26.91,0.0
UberX,rider_canceled,2024-12-17T13:46:34.000Z,,,0.0,0.0,,0.0,0.0
UberX,completed,2024-12-17T13:50:02.000Z,2024-12-17T14:04:50.000Z,2024-12-17T14:30:39.000Z,3.787959187455854,1509.0,7.41,30.97,0.0
UberX,completed,2024-12-17T14:15:38.000Z,2024-12-17T14:36:46.000Z,2024-12-17T15:01:26.000Z,4.094601178988433,1480.0,7.58,28.99,0.0
UberX,completed,2024-12-17T14:53:18.000Z,2024-12-17T15:03:37.000Z,2024-12-17T15:36:12.000Z,5.415091680252802,1955.0,7.58,62.33,0.0
UberX,completed,2024-12-17T15:25:08.000Z,2024-12-17T15:44:39.000Z,2024-12-17T16:01:47.000Z,2.166480177229718,1028.0,7.58,18.02,0.0
UberX,completed,2024-12-17T15:46:28.000Z,2024-12-17T16:04:39.000Z,2024-12-17T16:26:25.000Z,3.7181304171828153,1306.0,7.58,24.99,0.0
UberX,completed,2024-12-17T16:14:27.000Z,2024-12-17T16:37:28.000Z,2024-12-17T16:57:48.000Z,3.416002378839577,1199.0,7.58,23.9,0.0
UberX,completed,2024-12-17T16:47:02.000Z,2024-12-17T17:10:38.000Z,2024-12-17T17:26:35.000Z,2.943828969508313,957.0,7.58,24.37,0.0
UberX,rider_canceled,2024-12-17T17:26:48.000Z,,,0.0,0.0,,0.0,0.0
UberX,completed,2024-12-17T17:27:23.000Z,2024-12-17T17:38:49.000Z,2024-12-17T18:01:19.000Z,3.261471416698881,1350.0,7.58,23.99,0.0
UberX,completed,2024-12-19T16:18:44.000Z,2024-12-19T16:30:11.000Z,2024-12-19T16:43:55.000Z,0.8279688258497154,824.0,7.58,13.99,0.0
UberX,completed,2024-12-19T16:31:19.000Z,2024-12-19T16:52:44.000Z,2024-12-19T17:18:23.000Z,2.854723875691473,1539.0,7.58,25.99,0.0
UberX,completed,2024-12-19T17:12:01.000Z,2024-12-19T17:28:39.000Z,2024-12-19T17:46:14.000Z,3.958701307874126,1055.0,7.58,41.07,0.0
UberX,completed,2024-12-19T17:36:12.000Z,2024-12-19T17:56:46.000Z,2024-12-19T18:15:50.000Z,4.537809602471045,1144.0,7.58,27.79,0.0
UberX,completed,2024-12-19T18:05:17.000Z,2024-12-19T18:24:03.000Z,2024-12-19T18:52:20.000Z,4.385782111419768,1697.0,7.41,30.04,0.0
UberX,rider_canceled,2024-12-19T18:42:24.000Z,,,0.0,0.0,,0.0,0.0
UberX,completed,2024-12-19T18:45:34.000Z,2024-12-19T19:03:25.000Z,2024-12-19T19:28:03.000Z,7.179416022160673,1478.0,7.41,49.93,0.0
UberX,completed,2024-12-20T12:03:57.000Z,2024-12-20T12:17:02.000Z,2024-12-20T12:37:51.000Z,4.631922711206895,1249.0,7.41,33.06,0.0
UberX,completed,2024-12-20T12:35:49.000Z,2024-12-20T12:44:02.000Z,2024-12-20T12:58:19.000Z,3.786839803289598,857.0,7.41,22.96,0.0
UberX,completed,2024-12-20T16:08:11.000Z,2024-12-20T16:16:03.000Z,2024-12-20T16:32:29.000Z,3.255988618378603,986.0,7.58,59.88,0.0
UberX,completed,2024-12-20T16:26:32.000Z,2024-12-20T16:40:07.000Z,2024-12-20T17:05:35.000Z,4.858978879135383,1528.0,7.58,42.91,0.0
UberX,completed,2024-12-20T16:54:19.000Z,2024-12-20T17:13:12.000Z,2024-12-20T17:35:21.000Z,3.385290674046637,1329.0,7.58,24.0,0.0
UberX,rider_canceled,2024-12-20T17:16:32.000Z,,,0.0,0.0,,0.0,0.0
UberX,completed,2024-12-20T17:27:30.000Z,2024-12-20T17:43:53.000Z,2024-12-20T17:56:26.000Z,2.2387569283754427,753.0,7.58,21.99,0.0
UberX,completed,2024-12-20T17:44:01.000Z,2024-12-20T17:58:22.000Z,2024-12-20T18:15:02.000Z,2.667860947665281,1000.0,7.58,33.61,0.0
UberX,completed,2024-12-20T18:06:22.000Z,2024-12-20T18:17:15.000Z,2024-12-20T18:24:55.000Z,2.1058236248747084,460.0,7.41,19.36,0.0
UberX,completed,2024-12-20T18:47:37.000Z,2024-12-20T18:54:23.000Z,2024-12-20T19:07:56.000Z,3.556041774533186,813.0,7.41,24.28,0.0
UberX,completed,2024-12-20T19:06:23.000Z,2024-12-20T19:14:45.000Z,2024-12-20T19:34:34.000Z,5.643017392514185,1134.0,7.41,28.71,0.0
UberX,completed,2024-12-20T19:31:08.000Z,2024-12-20T19:41:57.000Z,2024-12-20T19:54:45.000Z,2.800555675355532,758.0,7.41,20.0,0.0
UberX,completed,2024-12-20T19:51:14.000Z,2024-12-20T19:58:19.000Z,2024-12-20T20:21:20.000Z,7.372864059169452,1381.0,7.41,34.96,0.0
UberX,completed,2024-12-20T20:35:57.000Z,2024-12-20T20:43:16.000Z,2024-12-20T20:55:51.000Z,3.8211770022793368,693.0,7.41,24.94,0.0
UberX,completed,2024-12-20T21:01:08.000Z,2024-12-20T21:12:44.000Z,2024-12-20T21:37:58.000Z,7.6228526332229185,1479.0,7.41,34.93,0.0
UberX,completed,2024-12-21T05:14:58.000Z,2024-12-21T05:27:09.000Z,2024-12-21T05:49:51.000Z,7.163345283410568,1362.0,7.41,44.32,0.0
UberX,completed,2024-12-21T05:38:50.000Z,2024-12-21T06:10:35.000Z,2024-12-21T06:29:02.000Z,4.388715730505271,1107.0,7.41,33.53,0.0
UberX,completed,2024-12-21T06:23:27.000Z,2024-12-21T06:43:44.000Z,2024-12-21T07:00:19.000Z,6.621675809870296,959.0,7.41,32.86,0.0
UberX,completed,2024-12-21T07:55:36.000Z,2024-12-21T08:04:32.000Z,2024-12-21T08:13:02.000Z,2.465300923822984,499.0,7.41,17.9,0.0
UberX,completed,2024-12-21T08:08:15.000Z,2024-12-21T08:18:16.000Z,2024-12-21T08:32:43.000Z,4.220156805588776,867.0,7.41,23.13,0.0
UberX,completed,2024-12-21T08:26:44.000Z,2024-12-21T08:42:02.000Z,2024-12-21T08:59:39.000Z,5.583270766552327,1057.0,7.41,29.3,0.0
UberX,completed,2024-12-21T09:04:31.000Z,2024-12-21T09:11:00.000Z,2024-12-21T09:19:35.000Z,2.148922006290246,515.0,7.58,17.34,0.0
UberX,completed,2024-12-21T15:19:26.000Z,2024-12-21T15:34:15.000Z,2024-12-21T16:02:19.000Z,7.840391868784277,1684.0,7.58,45.99,0.0
UberX,completed,2024-12-21T16:06:18.000Z,2024-12-21T16:16:37.000Z,2024-12-21T16:41:04.000Z,7.152338591679637,1467.0,7.92,37.46,0.0
UberX,completed,2024-12-21T16:35:11.000Z,2024-12-21T16:48:21.000Z,2024-12-21T17:03:42.000Z,4.544121315,921.0,7.92,28.93,0.0
UberX,completed,2024-12-21T16:54:32.000Z,2024-12-21T17:06:51.000Z,2024-12-21T17:17:46.000Z,3.023166568962233,655.0,7.92,20.39,0.0
UberX,completed,2024-12-21T17:19:02.000Z,2024-12-21T17:36:21.000Z,2024-12-21T17:54:40.000Z,7.795772989588882,1099.0,7.92,38.92,0.0
UberX,completed,2024-12-21T18:03:01.000Z,2024-12-21T18:16:19.000Z,2024-12-21T18:45:18.000Z,11.519473981848838,1739.0,7.92,66.15,0.0
UberX,completed,2024-12-21T18:39:38.000Z,2024-12-21T18:54:25.000Z,2024-12-21T19:15:51.000Z,5.972394345084596,1286.0,7.92,34.39,0.0
UberX,completed,2024-12-21T19:14:56.000Z,2024-12-21T19:18:43.000Z,2024-12-21T19:30:40.000Z,2.396190391253804,717.0,7.92,18.86,0.0
UberX,completed,2024-12-21T19:57:35.000Z,2024-12-21T20:03:30.000Z,2024-12-21T20:16:46.000Z,3.018774062994877,796.0,7.92,21.24,0.0
UberX,completed,2024-12-22T05:24:37.000Z,2024-12-22T05:42:26.000Z,2024-12-22T05:50:37.000Z,2.143137091764492,491.0,7.41,24.47,0.0
UberX,completed,2024-12-22T05:42:09.000Z,2024-12-22T05:57:42.000Z,2024-12-22T06:13:04.000Z,6.319037408650619,922.0,7.41,33.62,0.0
UberX,completed,2024-12-22T06:09:24.000Z,2024-12-22T06:21:11.000Z,2024-12-22T06:38:12.000Z,6.425530596361051,1021.0,7.41,32.99,0.0
UberX,rider_canceled,2024-12-22T06:34:42.000Z,,,0.0,0.0,,0.0,0.0
UberX,completed,2024-12-22T06:36:08.000Z,2024-12-22T06:44:35.000Z,2024-12-22T06:56:21.000Z,3.399696441,706.0,7.41,20.99,0.0
UberX,completed,2024-12-22T08:08:27.000Z,2024-12-22T08:21:39.000Z,2024-12-22T08:38:40.000Z,5.303913886640093,1021.0,7.41,28.99,0.0
UberX,completed,2024-12-22T08:23:47.000Z,2024-12-22T08:45:44.000Z,2024-12-22T09:03:25.000Z,4.179801709658803,1061.0,7.41,22.98,0.0
UberX,completed,2024-12-22T09:02:25.000Z,2024-12-22T09:16:59.000Z,2024-12-22T09:35:23.000Z,6.484887227900751,1104.0,7.58,31.9,0.0
UberX,completed,2025-01-02T12:25:26.000Z,2025-01-02T12:32:02.000Z,2025-01-02T12:43:40.000Z,2.587361193378784,698.0,7.41,17.98,0.0
UberX,completed,2025-01-02T12:43:06.000Z,2025-01-02T12:45:05.000Z,2025-01-02T12:51:04.000Z,1.4370199885413957,359.0,7.41,14.97,0.0
UberX,completed,2025-01-02T13:43:37.000Z,2025-01-02T13:56:55.000Z,2025-01-02T14:11:14.000Z,3.92681308,859.0,7.41,25.09,0.0
UberX,completed,2025-01-02T14:11:50.000Z,2025-01-02T14:18:12.000Z,2025-01-02T14:30:01.000Z,2.460500647535093,701.0,7.58,18.82,0.0
UberX,completed,2025-01-02T16:25:33.000Z,2025-01-02T16:34:00.000Z,2025-01-02T16:46:19.000Z,4.319986068293622,724.0,7.58,22.99,0.0
UberX,completed,2025-01-02T17:53:46.000Z,2025-01-02T17:55:45.000Z,2025-01-02T18:17:22.000Z,5.935050876677997,1297.0,7.58,31.98,0.0
UberX,completed,2025-01-03T14:31:56.000Z,2025-01-03T14:41:48.000Z,2025-01-03T15:09:13.000Z,6.353130587197061,1605.0,7.58,35.15,0.0
UberX,completed,2025-01-03T15:02:18.000Z,2025-01-03T15:17:54.000Z,2025-01-03T15:46:21.000Z,3.6460801050764498,1707.0,7.58,26.21,0.0
UberX,completed,2025-01-03T15:48:06.000Z,2025-01-03T15:52:19.000Z,2025-01-03T16:01:32.000Z,1.8991723118757509,521.0,7.58,16.66,0.0
UberX,completed,2025-01-03T16:07:07.000Z,2025-01-03T16:21:16.000Z,2025-01-03T16:49:34.000Z,4.911384041530042,1639.0,7.58,31.25,0.0
UberX,completed,2025-01-03T17:09:58.000Z,2025-01-03T17:50:06.000Z,2025-01-03T18:16:43.000Z,8.150617796754126,1597.0,7.58,44.71,0.0
UberX,completed,2025-01-03T18:14:04.000Z,2025-01-03T18:22:14.000Z,2025-01-03T18:34:15.000Z,1.861932116,707.0,7.41,16.02,0.0
UberX,completed,2025-01-04T05:38:31.000Z,2025-01-04T05:53:29.000Z,2025-01-04T06:14:02.000Z,5.870335610630186,1233.0,7.41,36.86,0.0
UberX,completed,2025-01-04T06:40:28.000Z,2025-01-04T06:48:47.000Z,2025-01-04T07:05:17.000Z,3.548052356305556,990.0,7.41,24.09,0.0
UberX,completed,2025-01-04T07:07:31.000Z,2025-01-04T07:19:20.000Z,2025-01-04T07:31:46.000Z,2.9464297469706544,746.0,7.41,19.88,0.0
UberX,completed,2025-01-04T07:39:32.000Z,2025-01-04T07:53:31.000Z,2025-01-04T08:06:51.000Z,3.9272008828890153,800.0,7.41,24.07,0.0
UberX,completed,2025-01-04T08:00:08.000Z,2025-01-04T08:13:55.000Z,2025-01-04T08:23:44.000Z,2.802195868216523,589.0,7.41,21.45,0.0
UberX,completed,2025-01-04T08:23:39.000Z,2025-01-04T08:33:44.000Z,2025-01-04T08:58:47.000Z,11.424680401288535,1503.0,7.41,62.35,0.0
UberX,completed,2025-01-04T09:13:10.000Z,2025-01-04T09:33:59.000Z,2025-01-04T09:49:43.000Z,4.669998712527674,944.0,7.58,25.86,0.0
UberX,completed,2025-01-04T15:22:45.000Z,2025-01-04T15:24:41.000Z,2025-01-04T15:39:52.000Z,5.041803021448888,911.0,7.58,28.38,0.0
UberX,completed,2025-01-04T17:36:17.000Z,2025-01-04T17:48:42.000Z,2025-01-04T18:12:24.000Z,5.066635554624432,1422.0,7.92,101.59,0.0
UberX,completed,2025-01-04T18:10:04.000Z,2025-01-04T18:17:04.000Z,2025-01-04T18:32:31.000Z,3.4330239881565725,927.0,7.92,23.23,0.0
UberX,driver_canceled,2025-01-04T18:55:41.000Z,,,0.0,0.0,,5.0,4.63
UberX,completed,2025-01-05T06:27:21.000Z,2025-01-05T06:33:57.000Z,2025-01-05T06:52:00.000Z,4.559863700300932,1083.0,7.41,27.46,0.0
UberX,completed,2025-01-05T08:16:21.000Z,2025-01-05T08:47:55.000Z,2025-01-05T09:17:19.000Z,11.51151198,1738.0,7.41,65.92,0.0
UberX,completed,2025-01-07T07:31:40.000Z,2025-01-07T07:49:20.000Z,2025-01-07T08:01:47.000Z,3.5463920205651425,747.0,7.58,49.96,0.0
UberX,rider_canceled,2025-01-07T07:37:43.000Z,,,0.0,0.0,,0.0,0.0
UberX,completed,2025-01-07T07:56:36.000Z,2025-01-07T08:11:22.000Z,2025-01-07T08:37:36.000Z,6.997715509891124,1574.0,7.58,34.96,0.0
UberX,rider_canceled,2025-01-07T08:29:25.000Z,,,0.0,0.0,,0.0,0.0
UberX,completed,2025-01-07T08:30:29.000Z,2025-01-07T08:51:33.000Z,2025-01-07T08:58:10.000Z,1.3615969888295634,397.0,7.58,16.29,0.0
UberX,completed,2025-01-07T09:24:56.000Z,2025-01-07T09:33:13.000Z,2025-01-07T09:52:52.000Z,4.321645754330356,1138.0,7.41,29.59,0.0
UberX,rider_canceled,2025-01-07T15:18:03.000Z,,,0.0,0.0,,5.0,4.63
UberX,completed,2025-01-07T15:22:32.000Z,2025-01-07T15:27:37.000Z,2025-01-07T15:47:52.000Z,3.322532587730993,1215.0,7.58,23.37,0.0
UberX,completed,2025-01-07T15:44:47.000Z,2025-01-07T15:51:31.000Z,2025-01-07T16:19:03.000Z,3.933276726398517,1652.0,7.58,27.42,0.0
UberX,completed,2025-01-07T16:10:34.000Z,2025-01-07T16:25:02.000Z,2025-01-07T16:35:51.000Z,1.4320819012055055,649.0,7.58,14.86,0.0
UberX,completed,2025-01-07T16:33:12.000Z,2025-01-07T16:42:00.000Z,2025-01-07T16:53:34.000Z,2.03641349539008,694.0,7.58,17.99,0.0
UberX,completed,2025-01-07T16:53:18.000Z,2025-01-07T17:05:05.000Z,2025-01-07T17:27:52.000Z,4.470476697093743,1328.0,7.58,29.55,0.0
UberX,completed,2025-01-07T17:38:57.000Z,2025-01-07T17:42:34.000Z,2025-01-07T17:53:40.000Z,4.294333043498868,666.0,7.58,25.34,0.0
RiderItemDelivery,rider_canceled,2025-01-07T17:53:13.000Z,,,0.0,0.0,,10.0,8.13
UberX,completed,2025-01-07T18:48:57.000Z,2025-01-07T18:57:40.000Z,2025-01-07T19:14:39.000Z,4.619739899,1019.0,7.41,29.78,0.0
UberX,completed,2025-01-08T07:40:43.000Z,2025-01-08T07:47:26.000Z,2025-01-08T07:54:37.000Z,1.2522551205850738,431.0,7.58,27.08,0.0
UberX,completed,2025-01-08T07:54:52.000Z,2025-01-08T08:05:42.000Z,2025-01-08T08:16:03.000Z,2.079382717120556,614.0,7.58,19.76,0.0
UberX,completed,2025-01-08T12:43:09.000Z,2025-01-08T12:48:11.000Z,2025-01-08T12:57:57.000Z,1.4984717944982768,586.0,7.41,13.92,0.0
UberX,completed,2025-01-08T13:41:34.000Z,2025-01-08T13:51:10.000Z,2025-01-08T14:16:07.000Z,6.020939959961606,1497.0,7.41,33.93,0.0
UberX,completed,2025-01-08T14:24:44.000Z,2025-01-08T14:29:33.000Z,2025-01-08T14:44:30.000Z,2.2566711961522348,897.0,7.58,18.36,0.0
UberX,completed,2025-01-08T14:41:31.000Z,2025-01-08T14:51:45.000Z,2025-01-08T15:13:58.000Z,4.765940143435211,1333.0,7.58,30.93,0.0
UberX,driver_canceled,2025-01-08T15:35:00.000Z,,,0.0,0.0,,28.0,25.93
UberX,completed,2025-01-08T15:43:14.000Z,2025-01-08T15:49:25.000Z,2025-01-08T16:10:37.000Z,2.565900198893377,1272.0,7.58,24.26,0.0
UberX,completed,2025-01-08T16:09:48.000Z,2025-01-08T16:26:08.000Z,2025-01-08T16:46:14.000Z,5.665063503602662,1206.0,7.58,33.63,0.0
UberX,rider_canceled,2025-01-09T07:51:20.000Z,,,0.0,0.0,,0.0,0.0
UberX,completed,2025-01-09T07:56:07.000Z,2025-01-09T08:01:05.000Z,2025-01-09T08:15:59.000Z,2.4222674034673264,894.0,7.58,23.47,0.0
UberX,completed,2025-01-09T08:07:31.000Z,2025-01-09T08:21:43.000Z,2025-01-09T08:38:36.000Z,2.542772640993797,1013.0,7.58,19.08,0.0
UberX,completed,2025-01-09T08:33:12.000Z,2025-01-09T08:49:53.000Z,2025-01-09T09:00:45.000Z,1.5021341300757112,652.0,7.58,26.37,0.0
UberX,completed,2025-01-09T09:03:06.000Z,2025-01-09T09:08:39.000Z,2025-01-09T09:27:50.000Z,4.481433852512761,1151.0,7.41,25.47,0.0
UberX,completed,2025-01-09T17:55:20.000Z,2025-01-09T18:03:03.000Z,2025-01-09T18:14:21.000Z,1.6819388252157357,678.0,7.58,16.51,0.0
UberX,completed,2025-01-09T19:07:27.000Z,2025-01-09T19:10:55.000Z,2025-01-09T19:30:47.000Z,4.521195449012468,1192.0,7.41,26.82,0.0
UberX,completed,2025-01-10T16:29:39.000Z,2025-01-10T16:45:52.000Z,2025-01-10T17:07:06.000Z,4.122849421864219,1274.0,7.58,27.39,0.0
UberX,completed,2025-01-10T17:00:28.000Z,2025-01-10T17:08:06.000Z,2025-01-10T17:23:24.000Z,3.3157115162295026,918.0,7.58,22.26,0.0
UberX,completed,2025-01-10T18:15:17.000Z,2025-01-10T18:19:16.000Z,2025-01-10T18:31:55.000Z,3.890411585550528,759.0,7.41,23.42,0.0
UberX,completed,2025-01-10T18:53:39.000Z,2025-01-10T19:11:47.000Z,2025-01-10T19:37:48.000Z,7.1918485091134245,1548.0,7.41,35.79,0.0
UberX,completed,2025-01-11T06:13:30.000Z,2025-01-11T06:20:50.000Z,2025-01-11T06:33:15.000Z,4.008127788298762,719.0,7.41,22.99,0.0
UberX,completed,2025-01-11T06:19:16.000Z,2025-01-11T06:47:23.000Z,2025-01-11T07:10:31.000Z,7.281447845599187,1363.0,7.41,40.95,0.0
UberX,completed,2025-01-11T07:48:15.000Z,2025-01-11T08:03:25.000Z,2025-01-11T08:24:22.000Z,4.838056693814959,1257.0,7.41,26.62,0.0
UberX,completed,2025-01-11T08:21:04.000Z,2025-01-11T08:27:25.000Z,2025-01-11T08:40:42.000Z,4.372284348941336,797.0,7.41,25.07,0.0
UberX,completed,2025-01-11T08:36:55.000Z,2025-01-11T08:50:38.000Z,2025-01-11T09:02:25.000Z,2.444836179066002,707.0,7.41,16.28,0.0
UberX,completed,2025-01-11T08:57:06.000Z,2025-01-11T09:05:54.000Z,2025-01-11T09:22:16.000Z,5.831380389930168,982.0,7.41,30.31,0.0
UberX,completed,2025-01-11T09:24:50.000Z,2025-01-11T09:37:24.000Z,2025-01-11T09:58:41.000Z,5.3173047636467485,1277.0,7.58,30.91,0.0
UberX,completed,2025-01-11T14:52:11.000Z,2025-01-11T15:03:53.000Z,2025-01-11T15:22:32.000Z,4.428901497654922,1089.0,7.58,31.08,0.0
UberX,completed,2025-01-11T15:14:14.000Z,2025-01-11T15:29:27.000Z,2025-01-11T15:49:20.000Z,3.650639548033989,1193.0,7.58,34.38,0.0
UberX,completed,2025-01-11T15:47:00.000Z,2025-01-11T15:52:03.000Z,2025-01-11T15:58:43.000Z,0.7744828444450752,398.0,7.58,12.13,0.0
UberX,completed,2025-01-11T18:14:57.000Z,2025-01-11T18:29:49.000Z,2025-01-11T19:15:02.000Z,9.11543911581976,2661.0,7.92,63.86,0.0
UberX,completed,2025-01-11T19:25:07.000Z,2025-01-11T19:29:03.000Z,2025-01-11T19:54:25.000Z,6.391212030517186,1522.0,7.92,36.76,0.0
UberX,completed,2025-01-11T19:31:58.000Z,2025-01-11T19:55:44.000Z,2025-01-11T20:16:23.000Z,4.3140135145668905,1239.0,7.92,38.37,0.0
UberX,completed,2025-01-11T20:12:43.000Z,2025-01-11T20:24:58.000Z,2025-01-11T20:40:26.000Z,3.3116392713622163,928.0,7.92,22.94,0.0
UberX,completed,2025-01-12T06:04:43.000Z,2025-01-12T06:16:52.000Z,2025-01-12T06:37:09.000Z,9.039610030270817,1217.0,7.41,50.55,0.0
UberX,completed,2025-01-12T06:37:59.000Z,2025-01-12T06:59:59.000Z,2025-01-12T07:41:02.000Z,13.208958688074976,2383.0,7.41,85.78,0.0
UberX,rider_canceled,2025-01-12T07:21:34.000Z,,,0.0,0.0,,0.0,0.0
UberX,completed,2025-01-12T07:37:43.000Z,2025-01-12T07:49:28.000Z,2025-01-12T07:59:19.000Z,2.5342523928792744,581.0,7.41,17.96,0.0
UberX,completed,2025-01-12T07:47:52.000Z,2025-01-12T08:03:19.000Z,2025-01-12T08:16:46.000Z,1.458593871990724,807.0,7.41,19.93,0.0
UberX,completed,2025-01-12T08:11:29.000Z,2025-01-12T08:24:20.000Z,2025-01-12T08:39:16.000Z,4.721895012018517,879.0,7.41,23.96,0.0
UberX,completed,2025-01-12T08:24:43.000Z,2025-01-12T08:43:09.000Z,2025-01-12T09:24:02.000Z,7.966413069374378,2453.0,7.41,52.36,0.0
UberX,completed,2025-01-12T09:14:26.000Z,2025-01-12T09:31:16.000Z,2025-01-12T09:54:41.000Z,7.944210808306432,1405.0,7.58,40.69,0.0
UberX,completed,2025-01-12T10:58:07.000Z,2025-01-12T11:06:50.000Z,2025-01-12T11:16:35.000Z,3.8204619744577815,574.0,7.58,22.13,0.0
UberX,completed,2025-01-13T16:42:04.000Z,2025-01-13T16:59:08.000Z,2025-01-13T17:35:18.000Z,7.136642005206715,2160.0,7.58,50.97,0.0
UberX,completed,2025-01-13T17:24:03.000Z,2025-01-13T17:36:06.000Z,2025-01-13T17:47:02.000Z,3.005129870557468,624.0,7.58,22.93,0.0
UberX,completed,2025-01-13T17:43:17.000Z,2025-01-13T18:09:57.000Z,2025-01-13T18:36:56.000Z,11.686973640134427,1585.0,7.58,67.41,0.0
UberX,completed,2025-01-13T18:24:28.000Z,2025-01-13T18:43:36.000Z,2025-01-13T19:01:18.000Z,3.2464729126214844,1062.0,7.41,25.94,0.0
UberX,completed,2025-01-13T19:10:00.000Z,2025-01-13T19:05:39.000Z,2025-01-13T19:17:29.000Z,2.925653325853381,710.0,7.41,42.98,0.0
UberX,completed,2025-01-14T14:52:34.000Z,2025-01-14T14:59:46.000Z,2025-01-14T15:12:00.000Z,2.385865715277077,734.0,7.58,18.56,0.0
UberX,completed,2025-01-14T14:58:35.000Z,2025-01-14T15:26:52.000Z,2025-01-14T15:45:24.000Z,4.710660471736145,1075.0,7.58,28.71,0.0
UberX,completed,2025-01-14T15:36:40.000Z,2025-01-14T15:56:21.000Z,2025-01-14T16:22:59.000Z,3.2320166349407056,1598.0,7.58,34.82,0.0
UberX,completed,2025-01-14T16:22:16.000Z,2025-01-14T16:37:17.000Z,2025-01-14T17:04:37.000Z,8.088877285109698,1640.0,7.58,48.87,0.0
UberX,completed,2025-01-14T17:04:39.000Z,2025-01-14T17:14:16.000Z,2025-01-14T17:38:56.000Z,5.950263137631056,1480.0,7.58,33.99,0.0
UberX,completed,2025-01-14T17:32:10.000Z,2025-01-14T17:40:20.000Z,2025-01-14T17:54:29.000Z,3.4224198638957373,849.0,7.58,21.96,0.0
UberX,completed,2025-01-15T14:51:09.000Z,2025-01-15T15:08:45.000Z,2025-01-15T15:42:24.000Z,5.195977981375985,2019.0,7.58,31.95,0.0
UberX,completed,2025-01-15T15:25:35.000Z,2025-01-15T15:51:34.000Z,2025-01-15T16:29:10.000Z,6.380108423188271,2256.0,7.58,35.94,0.0
UberX,completed,2025-01-15T16:13:43.000Z,2025-01-15T16:31:24.000Z,2025-01-15T16:49:24.000Z,2.269124136221314,1080.0,7.58,24.39,0.0
UberX,completed,2025-01-15T16:41:25.000Z,2025-01-15T17:06:24.000Z,2025-01-15T17:22:59.000Z,2.8434125773864056,995.0,7.58,25.98,0.0
UberX,completed,2025-01-15T17:13:23.000Z,2025-01-15T17:29:26.000Z,2025-01-15T17:49:56.000Z,5.082845803019323,1203.0,7.58,32.87,0.0
UberX,completed,2025-01-16T14:50:45.000Z,2025-01-16T14:57:18.000Z,2025-01-16T15:30:21.000Z,8.624527754,1983.0,7.58,39.97,0.0
UberX,completed,2025-01-16T15:30:02.000Z,2025-01-16T15:42:56.000Z,2025-01-16T16:04:26.000Z,4.246347599457442,1290.0,7.58,25.96,0.0
UberX,completed,2025-01-16T15:57:34.000Z,2025-01-16T16:06:57.000Z,2025-01-16T16:36:06.000Z,2.3490538397709364,1749.0,7.58,22.1,0.0
UberX,completed,2025-01-16T16:25:58.000Z,2025-01-16T16:36:59.000Z,2025-01-16T17:03:45.000Z,5.249860741255875,1606.0,7.58,48.23,0.0
UberX,completed,2025-01-16T16:57:26.000Z,2025-01-16T17:07:04.000Z,2025-01-16T17:28:56.000Z,5.27389531,1312.0,7.58,31.71,0.0
UberX,completed,2025-01-17T14:31:07.000Z,2025-01-17T14:33:24.000Z,2025-01-17T14:40:28.000Z,2.221356562,424.0,7.58,16.41,0.0
UberX,completed,2025-01-17T14:38:13.000Z,2025-01-17T14:44:14.000Z,2025-01-17T14:53:12.000Z,1.5983387246796583,538.0,7.58,16.96,0.0
UberX,completed,2025-01-17T14:51:52.000Z,2025-01-17T14:56:17.000Z,2025-01-17T15:15:54.000Z,3.0469966205490304,1177.0,7.58,22.98,0.0
UberX,completed,2025-01-17T14:55:20.000Z,2025-01-17T15:21:33.000Z,2025-01-17T16:03:31.000Z,3.956384816757438,2488.0,7.58,31.85,0.0
UberX,completed,2025-01-20T16:26:46.000Z,2025-01-20T16:40:31.000Z,2025-01-20T16:53:12.000Z,2.6501107827210184,761.0,7.58,23.91,0.0
UberX,completed,2025-01-20T16:51:51.000Z,2025-01-20T16:58:12.000Z,2025-01-20T17:25:34.000Z,7.0873083219159865,1642.0,7.58,45.96,0.0
UberX,completed,2025-01-20T17:10:29.000Z,2025-01-20T17:32:23.000Z,2025-01-20T17:46:07.000Z,1.968355931869365,629.0,7.58,20.11,0.0
UberX,completed,2025-01-20T17:36:47.000Z,2025-01-20T17:52:58.000Z,2025-01-20T18:11:26.000Z,1.8719879396194592,1108.0,7.58,18.99,0.0
UberX,completed,2025-01-20T18:02:12.000Z,2025-01-20T18:17:30.000Z,2025-01-20T18:33:26.000Z,3.49514722616562,909.0,7.41,20.89,0.0
UberX,completed,2025-01-21T08:16:35.000Z,2025-01-21T08:29:37.000Z,2025-01-21T08:40:34.000Z,1.8828533681947963,657.0,7.58,19.9,0.0
UberX,completed,2025-01-21T08:39:26.000Z,2025-01-21T08:52:18.000Z,2025-01-21T09:03:17.000Z,1.5100701397640537,659.0,7.58,15.36,0.0
UberX,completed,2025-01-21T16:21:38.000Z,2025-01-21T16:24:49.000Z,2025-01-21T16:31:40.000Z,1.5007285779360269,411.0,7.58,20.45,0.0
UberX,completed,2025-01-21T16:30:03.000Z,2025-01-21T16:42:04.000Z,2025-01-21T16:51:33.000Z,1.6042297145552005,569.0,7.58,17.82,0.0
UberX,completed,2025-01-23T08:33:02.000Z,2025-01-23T08:47:07.000Z,2025-01-23T09:06:55.000Z,3.1798751339937628,1188.0,7.58,23.27,0.0
UberX,completed,2025-01-23T09:04:25.000Z,2025-01-23T09:11:02.000Z,2025-01-23T09:25:34.000Z,3.1640497597863737,872.0,7.41,20.79,0.0
UberX,completed,2025-01-27T13:07:15.000Z,2025-01-27T13:13:11.000Z,2025-01-27T13:27:34.000Z,2.4087044432117617,841.0,7.41,18.81,0.0
UberX,completed,2025-01-27T13:24:08.000Z,2025-01-27T13:35:27.000Z,2025-01-27T13:48:56.000Z,4.238609663142793,791.0,7.41,24.94,0.0
UberX,completed,2025-01-27T14:01:09.000Z,2025-01-27T14:04:36.000Z,2025-01-27T14:16:00.000Z,3.3929341420679777,684.0,7.58,21.69,0.0
UberX,completed,2025-01-27T15:09:07.000Z,2025-01-27T15:18:00.000Z,2025-01-27T15:29:34.000Z,2.488755427691822,694.0,7.58,18.91,0.0
UberX,completed,2025-01-27T15:23:58.000Z,2025-01-27T15:36:44.000Z,2025-01-27T15:49:10.000Z,1.8472097686777529,746.0,7.58,22.58,0.0
UberX,completed,2025-01-27T15:40:25.000Z,2025-01-27T15:52:19.000Z,2025-01-27T16:05:56.000Z,1.4640322064976925,811.0,7.58,18.4,0.0
UberX,completed,2025-01-27T16:02:07.000Z,2025-01-27T16:10:05.000Z,2025-01-27T16:24:28.000Z,2.766089204271906,863.0,7.58,30.1,0.0
UberX,rider_canceled,2025-01-27T16:15:13.000Z,,,0.0,0.0,,0.0,0.0
UberX,rider_canceled,2025-01-27T16:17:57.000Z,,,0.0,0.0,,0.0,0.0
UberX,completed,2025-01-27T16:25:17.000Z,2025-01-27T16:45:33.000Z,2025-01-27T17:08:03.000Z,6.044561880119216,1350.0,7.58,49.88,0.0
UberX,completed,2025-01-28T06:23:58.000Z,2025-01-28T06:36:08.000Z,2025-01-28T06:52:53.000Z,4.333314355667636,1005.0,7.41,25.78,0.0
UberX,completed,2025-01-28T06:53:16.000Z,2025-01-28T07:10:31.000Z,2025-01-28T07:48:22.000Z,8.934075029078418,2271.0,7.41,54.54,0.0
UberX,completed,2025-01-28T07:47:10.000Z,2025-01-28T07:55:34.000Z,2025-01-28T08:15:41.000Z,1.6716296329645095,1207.0,7.58,18.97,0.0
UberX,rider_canceled,2025-01-28T08:10:54.000Z,,,0.0,0.0,,0.0,0.0
UberX,completed,2025-01-28T08:19:43.000Z,2025-01-28T08:24:53.000Z,2025-01-28T08:45:38.000Z,3.087863122418425,1236.0,7.58,21.25,0.0
UberX,completed,2025-02-01T08:13:30.000Z,2025-02-01T08:21:03.000Z,2025-02-01T08:32:29.000Z,3.898126333681606,686.0,7.41,22.91,0.0
UberX,completed,2025-02-01T08:30:15.000Z,2025-02-01T08:45:18.000Z,2025-02-01T09:01:35.000Z,3.5765789034131763,954.0,7.41,27.4,0.0
UberX,completed,2025-02-02T06:18:23.000Z,2025-02-02T06:27:01.000Z,2025-02-02T06:45:35.000Z,9.564554685515697,1114.0,7.41,48.56,0.0
UberX,completed,2025-02-02T06:50:47.000Z,2025-02-02T07:04:22.000Z,2025-02-02T07:29:01.000Z,7.307562174915122,1444.0,7.41,42.97,0.0
UberX,completed,2025-02-03T07:06:10.000Z,2025-02-03T07:13:53.000Z,2025-02-03T07:35:23.000Z,3.912585885469255,1290.0,7.58,26.04,0.0
UberX,completed,2025-02-03T07:34:30.000Z,2025-02-03T07:45:57.000Z,2025-02-03T08:00:09.000Z,2.3236707029992445,852.0,7.58,23.69,0.0
UberX,completed,2025-02-03T07:56:06.000Z,2025-02-03T08:04:08.000Z,2025-02-03T08:19:46.000Z,3.335275971138076,938.0,7.58,23.53,0.0
UberX,completed,2025-02-03T08:21:35.000Z,2025-02-03T08:36:51.000Z,2025-02-03T08:50:54.000Z,4.542717701090813,843.0,7.58,26.31,0.0
UberX,rider_canceled,2025-02-03T09:32:58.000Z,,,0.0,0.0,,0.0,0.0
UberX,completed,2025-02-03T09:35:04.000Z,2025-02-03T09:41:55.000Z,2025-02-03T09:46:21.000Z,0.931550406,266.0,7.41,11.51,0.0
UberX,completed,2025-02-03T09:46:05.000Z,2025-02-03T09:58:56.000Z,2025-02-03T10:20:04.000Z,7.703569207472666,1268.0,7.41,34.56,0.0
UberX,completed,2025-02-03T17:07:42.000Z,2025-02-03T17:13:21.000Z,2025-02-03T17:38:01.000Z,5.59908796070946,1480.0,7.58,32.22,0.0
UberX,rider_canceled,2025-02-03T17:37:29.000Z,,,0.0,0.0,,0.0,0.0
UberX,completed,2025-02-03T17:45:59.000Z,2025-02-03T17:48:58.000Z,2025-02-03T18:06:45.000Z,3.596521821619324,1067.0,7.58,21.64,0.0
UberX,completed,2025-02-06T16:28:55.000Z,2025-02-06T16:42:42.000Z,2025-02-06T17:00:31.000Z,2.53152043757084,1069.0,7.58,20.97,0.0
UberX,completed,2025-02-06T16:51:47.000Z,2025-02-06T17:00:36.000Z,2025-02-06T17:16:21.000Z,4.079142673545858,945.0,7.58,27.42,0.0
UberX,completed,2025-02-06T17:18:08.000Z,2025-02-06T17:29:54.000Z,2025-02-06T17:48:26.000Z,4.195082961913117,1112.0,7.58,24.96,0.0
UberX,completed,2025-02-06T17:50:43.000Z,2025-02-06T17:56:30.000Z,2025-02-06T18:11:23.000Z,1.8984478544437224,893.0,7.58,22.17,0.0
UberX,completed,2025-02-07T07:32:10.000Z,2025-02-07T07:40:16.000Z,2025-02-07T08:06:03.000Z,3.311154894542778,1215.0,7.58,23.72,0.0
UberX,completed,2025-02-07T08:08:59.000Z,2025-02-07T08:18:20.000Z,2025-02-07T08:43:11.000Z,5.363492327479967,1491.0,7.58,30.94,0.0
UberX,completed,2025-02-08T06:12:46.000Z,2025-02-08T06:17:57.000Z,2025-02-08T06:37:39.000Z,4.395257213620835,1182.0,7.41,26.67,0.0
UberX,completed,2025-02-08T06:54:18.000Z,2025-02-08T07:02:41.000Z,2025-02-08T07:18:24.000Z,4.692001147935697,943.0,7.41,28.57,0.0
UberX,completed,2025-02-08T07:17:42.000Z,2025-02-08T07:22:34.000Z,2025-02-08T07:35:27.000Z,3.59056964085658,773.0,7.41,20.98,0.0
UberX,completed,2025-02-08T07:34:17.000Z,2025-02-08T07:44:29.000Z,2025-02-08T07:57:05.000Z,4.009545873731962,756.0,7.41,22.96,0.0
UberX,completed,2025-02-08T07:54:34.000Z,2025-02-08T08:02:23.000Z,2025-02-08T08:16:44.000Z,3.894861272184411,845.0,7.41,23.28,0.0
UberX,completed,2025-02-08T16:53:52.000Z,2025-02-08T17:01:07.000Z,2025-02-08T17:09:28.000Z,1.9694848053869063,501.0,7.92,16.46,0.0
UberX,completed,2025-02-08T17:54:23.000Z,2025-02-08T18:29:58.000Z,2025-02-08T18:44:42.000Z,3.2929294541303475,884.0,7.92,23.67,0.0
UberX,completed,2025-02-08T18:45:43.000Z,2025-02-08T18:50:41.000Z,2025-02-08T19:02:48.000Z,3.299229566291122,727.0,7.92,22.91,0.0
UberX,completed,2025-02-08T19:02:56.000Z,2025-02-08T19:09:06.000Z,2025-02-08T19:49:14.000Z,11.05162132472538,2369.0,7.92,64.76,0.0
UberX,completed,2025-02-08T19:46:08.000Z,2025-02-08T20:02:20.000Z,2025-02-08T20:24:24.000Z,4.715706396931775,1324.0,7.92,32.22,0.0
UberX,completed,2025-02-09T05:56:24.000Z,2025-02-09T06:08:53.000Z,2025-02-09T06:21:06.000Z,5.060049730845829,733.0,7.41,26.91,0.0
UberX,rider_canceled,2025-02-09T06:11:48.000Z,,,0.0,0.0,,0.0,0.0
UberX,completed,2025-02-09T06:19:58.000Z,2025-02-09T06:34:40.000Z,2025-02-09T06:53:02.000Z,10.181607660394803,1102.0,7.41,59.95,0.0
UberX,completed,2025-02-09T07:54:54.000Z,2025-02-09T08:07:09.000Z,2025-02-09T08:27:14.000Z,8.573607075839151,1205.0,7.41,43.81,0.0
UberX,completed,2025-02-10T07:16:31.000Z,2025-02-10T07:29:16.000Z,2025-02-10T08:02:06.000Z,10.26238681087692,1970.0,7.58,58.9,0.0
UberX,completed,2025-02-10T08:02:10.000Z,2025-02-10T08:18:06.000Z,2025-02-10T08:35:46.000Z,4.703612570089006,1039.0,7.58,26.89,0.0
UberX,completed,2025-02-10T08:35:18.000Z,2025-02-10T08:44:21.000Z,2025-02-10T09:00:55.000Z,2.835314819799667,994.0,7.58,17.98,0.0
UberX,completed,2025-02-11T08:06:22.000Z,2025-02-11T08:12:04.000Z,2025-02-11T08:30:13.000Z,3.3284147554831334,1089.0,7.58,29.71,0.0
UberX,completed,2025-02-11T08:31:39.000Z,2025-02-11T08:33:43.000Z,2025-02-11T08:38:12.000Z,1.286211997778684,269.0,7.58,16.97,0.0
UberX,completed,2025-02-11T08:41:16.000Z,2025-02-11T08:56:11.000Z,2025-02-11T09:18:35.000Z,6.144081605324337,1344.0,7.58,45.25,0.0
UberX,completed,2025-02-12T15:49:10.000Z,2025-02-12T15:54:51.000Z,2025-02-12T16:08:34.000Z,2.9685988646424346,823.0,7.58,21.9,0.0
UberX,completed,2025-02-12T16:11:01.000Z,2025-02-12T16:14:44.000Z,2025-02-12T16:38:15.000Z,3.506333310889449,1411.0,7.58,24.0,0.0
UberX,completed,2025-02-12T16:38:32.000Z,2025-02-12T16:46:27.000Z,2025-02-12T17:08:46.000Z,4.668216346899372,1339.0,7.58,29.72,0.0
UberX,completed,2025-02-12T17:03:44.000Z,2025-02-12T17:16:26.000Z,2025-02-12T17:32:10.000Z,2.535955009329048,944.0,7.58,18.7,0.0
UberX,completed,2025-02-12T17:43:38.000Z,2025-02-12T17:46:50.000Z,2025-02-12T18:05:14.000Z,3.082200239514413,1104.0,7.58,19.24,0.0
UberX,completed,2025-02-13T05:46:20.000Z,2025-02-13T05:49:30.000Z,2025-02-13T05:56:41.000Z,1.162875104457393,431.0,7.41,12.52,0.0
UberX,completed,2025-02-13T05:53:58.000Z,2025-02-13T06:05:58.000Z,2025-02-13T06:26:46.000Z,6.119360779269769,1248.0,7.41,31.96,0.0
UberX,completed,2025-02-13T06:25:05.000Z,2025-02-13T06:29:52.000Z,2025-02-13T06:43:58.000Z,4.633240236763007,846.0,7.41,26.45,0.0
UberX,completed,2025-02-13T06:45:42.000Z,2025-02-13T07:01:10.000Z,2025-02-13T07:23:26.000Z,8.975653452,1235.0,7.41,44.18,0.0
UberX,completed,2025-02-13T07:13:48.000Z,2025-02-13T07:31:09.000Z,2025-02-13T07:39:13.000Z,2.454725485143185,484.0,7.58,16.94,0.0
UberX,completed,2025-02-13T07:30:02.000Z,2025-02-13T07:43:49.000Z,2025-02-13T07:50:05.000Z,2.384145602997982,345.0,7.58,17.48,0.0
UberX,completed,2025-02-13T07:51:09.000Z,2025-02-13T08:03:11.000Z,2025-02-13T08:14:03.000Z,2.6957831612860126,652.0,7.58,19.19,0.0
UberX,completed,2025-02-13T08:28:27.000Z,2025-02-13T08:35:52.000Z,2025-02-13T08:49:06.000Z,2.8726326901605197,794.0,7.58,18.85,0.0
UberX,completed,2025-02-13T08:55:15.000Z,2025-02-13T08:58:42.000Z,2025-02-13T09:17:13.000Z,2.827590424363404,1104.0,7.58,25.93,0.0
UberX,completed,2025-02-17T05:51:33.000Z,2025-02-17T06:02:41.000Z,2025-02-17T06:18:17.000Z,6.839881001757002,936.0,7.41,32.99,0.0
UberX,completed,2025-02-17T06:15:12.000Z,2025-02-17T06:25:58.000Z,2025-02-17T06:56:00.000Z,9.240311374687572,1802.0,7.41,49.92,0.0
UberX,completed,2025-02-17T06:53:04.000Z,2025-02-17T07:04:51.000Z,2025-02-17T07:15:09.000Z,2.8254965564992744,618.0,7.41,21.93,0.0
UberX,completed,2025-02-17T07:08:50.000Z,2025-02-17T07:22:06.000Z,2025-02-17T07:40:26.000Z,3.3130532264312818,1100.0,7.58,23.13,0.0
UberX,rider_canceled,2025-02-17T07:28:03.000Z,,,0.0,0.0,,0.0,0.0
UberX,driver_canceled,2025-02-17T07:46:38.000Z,,,0.0,0.0,,5.0,4.63
UberX,completed,2025-02-17T07:54:29.000Z,2025-02-17T07:56:28.000Z,2025-02-17T08:09:16.000Z,2.2984322444018352,734.0,7.58,20.11,0.0
UberX,completed,2025-02-17T07:59:01.000Z,2025-02-17T08:19:37.000Z,2025-02-17T08:33:42.000Z,3.325913049109684,845.0,7.58,19.74,0.0
UberX,completed,2025-02-17T08:24:58.000Z,2025-02-17T08:35:05.000Z,2025-02-17T08:43:32.000Z,1.9218856929572687,507.0,7.58,16.28,0.0
UberX,completed,2025-02-17T08:36:12.000Z,2025-02-17T08:48:58.000Z,2025-02-17T09:01:08.000Z,2.955870938978733,709.0,7.58,22.62,0.0
UberX,completed,2025-02-17T08:57:16.000Z,2025-02-17T09:01:48.000Z,2025-02-17T09:11:05.000Z,1.8778459313170672,557.0,7.58,15.72,0.0
UberX,completed,2025-02-17T09:09:11.000Z,2025-02-17T09:16:48.000Z,2025-02-17T09:26:17.000Z,3.029011439,549.0,7.41,19.88,0.0
UberX,completed,2025-02-17T15:57:18.000Z,2025-02-17T16:21:14.000Z,2025-02-17T16:57:40.000Z,9.981717785092046,2186.0,7.58,57.97,0.0
UberX,completed,2025-02-17T16:52:17.000Z,2025-02-17T17:00:07.000Z,2025-02-17T17:05:05.000Z,1.066772379601718,298.0,7.58,11.53,0.0
UberX,completed,2025-02-17T17:01:59.000Z,2025-02-17T17:09:16.000Z,2025-02-17T17:18:39.000Z,2.4388489944791534,563.0,7.58,17.08,0.0
UberX,rider_canceled,2025-02-17T17:15:15.000Z,,,0.0,0.0,,5.87,0.0
UberX,completed,2025-02-17T17:21:36.000Z,2025-02-17T17:24:55.000Z,2025-02-17T17:48:25.000Z,5.884848075866998,1410.0,7.58,29.98,0.0
UberX,completed,2025-02-17T17:40:01.000Z,2025-02-17T17:52:38.000Z,2025-02-17T18:05:35.000Z,3.1611405432785524,741.0,7.58,21.94,0.0
UberX,completed,2025-02-17T17:58:04.000Z,2025-02-17T18:06:57.000Z,2025-02-17T18:22:15.000Z,3.599597891897848,868.0,7.58,21.93,0.0
UberX,completed,2025-02-17T18:20:13.000Z,2025-02-17T18:24:20.000Z,2025-02-17T18:28:40.000Z,1.1127970516367829,260.0,7.41,12.05,0.0
UberX,completed,2025-02-17T18:24:33.000Z,2025-02-17T18:28:52.000Z,2025-02-17T18:41:55.000Z,3.360694158353896,783.0,7.41,21.93,0.0
UberX,completed,2025-02-17T18:38:44.000Z,2025-02-17T18:58:01.000Z,2025-02-17T19:09:21.000Z,3.3235741628385767,680.0,7.41,20.33,0.0
UberX,completed,2025-02-18T05:58:37.000Z,2025-02-18T06:09:01.000Z,2025-02-18T06:26:07.000Z,4.343248954153593,1026.0,7.41,25.86,0.0
UberX,completed,2025-02-18T06:27:26.000Z,2025-02-18T06:33:41.000Z,2025-02-18T06:47:58.000Z,2.922155926216738,810.0,7.41,19.96,0.0
UberX,completed,2025-02-18T06:41:22.000Z,2025-02-18T06:53:07.000Z,2025-02-18T06:55:30.000Z,0.4659049638330659,143.0,7.41,16.95,0.0
UberX,completed,2025-02-18T06:54:05.000Z,2025-02-18T07:03:25.000Z,2025-02-18T07:14:32.000Z,2.21390461212902,638.0,7.41,22.54,0.0
UberX,completed,2025-02-18T07:12:08.000Z,2025-02-18T07:21:06.000Z,2025-02-18T07:34:50.000Z,1.9152045189969604,824.0,7.58,16.75,0.0
UberX,completed,2025-02-18T07:29:47.000Z,2025-02-18T07:41:29.000Z,2025-02-18T07:53:44.000Z,2.504407598103581,735.0,7.58,18.35,0.0
UberX,completed,2025-02-18T07:58:50.000Z,2025-02-18T08:06:59.000Z,2025-02-18T08:17:28.000Z,2.562084722024501,629.0,7.58,20.92,0.0
UberX,completed,2025-02-18T08:17:14.000Z,2025-02-18T08:22:16.000Z,2025-02-18T08:34:58.000Z,2.670530981547184,762.0,7.58,18.38,0.0
UberX,completed,2025-02-18T08:31:10.000Z,2025-02-18T08:43:01.000Z,2025-02-18T08:52:56.000Z,3.1657535700733046,595.0,7.58,19.98,0.0
UberX,completed,2025-02-18T08:51:05.000Z,2025-02-18T08:58:51.000Z,2025-02-18T09:12:15.000Z,4.006918768173641,804.0,7.58,25.02,0.0
UberX,completed,2025-02-18T09:11:00.000Z,2025-02-18T09:15:55.000Z,2025-02-18T09:29:11.000Z,3.9033259802813354,796.0,7.41,22.94,0.0
UberX,completed,2025-02-18T09:27:14.000Z,2025-02-18T09:31:25.000Z,2025-02-18T09:40:12.000Z,2.384806974844737,527.0,7.41,18.79,0.0
UberX,completed,2025-02-18T15:21:25.000Z,2025-02-18T15:27:01.000Z,2025-02-18T15:39:59.000Z,2.536834289454825,778.0,7.58,20.5,0.0
UberX,completed,2025-02-18T15:35:18.000Z,2025-02-18T15:46:52.000Z,2025-02-18T15:57:45.000Z,1.5146963291458486,653.0,7.58,15.01,0.0
UberX,completed,2025-02-18T15:51:59.000Z,2025-02-18T16:09:47.000Z,2025-02-18T16:19:42.000Z,2.620860734216249,595.0,7.58,19.67,0.0
UberX,completed,2025-02-18T16:14:51.000Z,2025-02-18T16:27:35.000Z,2025-02-18T16:54:56.000Z,5.224630105,1614.0,7.58,30.2,0.0
UberX,completed,2025-02-18T16:52:53.000Z,2025-02-18T16:58:30.000Z,2025-02-18T17:07:47.000Z,1.816584868852995,557.0,7.58,16.45,0.0
UberX,completed,2025-02-18T17:06:09.000Z,2025-02-18T17:15:49.000Z,2025-02-18T17:30:58.000Z,3.146643201315168,909.0,7.58,20.98,0.0
UberX,completed,2025-02-18T17:29:34.000Z,2025-02-18T17:52:19.000Z,2025-02-18T18:10:55.000Z,7.099962658653951,1116.0,7.58,36.18,0.0
UberX,completed,2025-02-19T06:06:33.000Z,2025-02-19T06:13:47.000Z,2025-02-19T06:21:58.000Z,2.643447411341673,491.0,7.41,19.91,0.0
UberX,completed,2025-02-19T06:20:25.000Z,2025-02-19T06:25:23.000Z,2025-02-19T06:32:10.000Z,1.5311437237347738,407.0,7.41,15.88,0.0
UberX,rider_canceled,2025-02-19T06:22:07.000Z,,,0.0,0.0,,0.0,0.0
UberX,rider_canceled,2025-02-19T06:24:11.000Z,,,0.0,0.0,,0.0,0.0
UberX,completed,2025-02-19T06:29:16.000Z,2025-02-19T06:37:24.000Z,2025-02-19T06:56:46.000Z,5.989556720731392,1135.0,7.41,31.23,0.0
UberX,completed,2025-02-19T06:55:34.000Z,2025-02-19T07:10:34.000Z,2025-02-19T07:19:21.000Z,1.5680902318034582,527.0,7.41,15.88,0.0
UberX,completed,2025-02-19T07:19:57.000Z,2025-02-19T07:28:09.000Z,2025-02-19T07:35:55.000Z,2.3507232464288133,466.0,7.58,17.21,0.0
UberX,completed,2025-02-19T07:35:43.000Z,2025-02-19T07:52:12.000Z,2025-02-19T08:11:23.000Z,7.761925231829855,1151.0,7.58,41.93,0.0
UberX,completed,2025-02-19T08:18:23.000Z,2025-02-19T08:25:32.000Z,2025-02-19T08:31:21.000Z,1.5423593473804096,336.0,7.58,13.92,0.0
UberX,completed,2025-02-19T08:33:18.000Z,2025-02-19T08:37:20.000Z,2025-02-19T08:59:36.000Z,3.876457692737832,1336.0,7.58,25.93,0.0
UberX,completed,2025-02-19T15:37:11.000Z,2025-02-19T15:42:59.000Z,2025-02-19T16:05:36.000Z,6.781412775187603,1340.0,7.58,36.28,0.0
UberX,completed,2025-02-19T15:59:31.000Z,2025-02-19T16:06:44.000Z,2025-02-19T16:29:54.000Z,6.447279771139744,1390.0,7.58,32.93,0.0
UberX,completed,2025-02-19T16:33:04.000Z,2025-02-19T16:40:20.000Z,2025-02-19T17:07:11.000Z,5.992969509,1611.0,7.58,32.92,0.0
UberX,completed,2025-02-19T17:31:38.000Z,2025-02-19T17:35:24.000Z,2025-02-19T17:46:41.000Z,1.4350990119914773,677.0,7.58,14.26,0.0
UberX,completed,2025-02-19T17:43:49.000Z,2025-02-19T17:52:30.000Z,2025-02-19T18:05:46.000Z,2.691590209765298,796.0,7.58,19.99,0.0
UberX,completed,2025-02-20T06:07:45.000Z,2025-02-20T06:13:34.000Z,2025-02-20T06:30:08.000Z,6.215776127941892,994.0,7.41,31.46,0.0
UberX,completed,2025-02-20T06:27:37.000Z,2025-02-20T06:43:00.000Z,2025-02-20T07:09:09.000Z,9.836032958958729,1569.0,7.41,50.96,0.0
UberX,completed,2025-02-20T07:41:41.000Z,2025-02-20T07:46:06.000Z,2025-02-20T07:56:21.000Z,3.231460649634099,615.0,7.58,21.95,0.0
UberX,completed,2025-02-20T07:51:36.000Z,2025-02-20T07:58:45.000Z,2025-02-20T08:10:42.000Z,2.977952979644782,717.0,7.58,21.26,0.0
UberX,completed,2025-02-20T08:40:57.000Z,2025-02-20T08:44:47.000Z,2025-02-20T09:01:56.000Z,5.665798764879554,1029.0,7.58,30.63,0.0
UberX,completed,2025-02-20T15:21:46.000Z,2025-02-20T15:29:44.000Z,2025-02-20T15:44:42.000Z,2.976083304521695,898.0,7.58,21.95,0.0
UberX,rider_canceled,2025-02-20T15:21:48.000Z,,,0.0,0.0,,0.0,0.0
UberX,completed,2025-02-20T15:44:29.000Z,2025-02-20T15:53:04.000Z,2025-02-20T15:59:34.000Z,2.218328418258609,377.0,7.58,17.37,0.0
UberX,completed,2025-02-20T15:59:33.000Z,2025-02-20T16:03:29.000Z,2025-02-20T16:16:13.000Z,2.2726292415777465,743.0,7.58,17.93,0.0
UberX,completed,2025-02-20T16:15:01.000Z,2025-02-20T16:24:13.000Z,2025-02-20T16:30:42.000Z,1.488603473797737,389.0,7.58,17.99,0.0
UberX,rider_canceled,2025-02-20T16:28:58.000Z,,,0.0,0.0,,0.0,0.0
UberX,completed,2025-02-21T05:54:47.000Z,2025-02-21T06:05:13.000Z,2025-02-21T06:19:30.000Z,4.409452402489079,857.0,7.41,25.14,0.0
UberX,completed,2025-02-21T06:17:19.000Z,2025-02-21T06:24:35.000Z,2025-02-21T06:33:49.000Z,3.4808783297500305,544.0,7.41,20.52,0.0
UberX,completed,2025-02-21T07:23:48.000Z,2025-02-21T07:29:42.000Z,2025-02-21T07:50:39.000Z,4.666586007323067,1257.0,7.58,27.94,0.0
UberX,completed,2025-02-21T07:56:49.000Z,2025-02-21T08:10:09.000Z,2025-02-21T08:21:59.000Z,2.692814943291621,710.0,7.58,20.91,0.0
UberX,completed,2025-02-21T08:40:00.000Z,2025-02-21T08:33:55.000Z,2025-02-21T08:50:47.000Z,3.52527517723628,1012.0,7.58,42.8,0.0
UberX,completed,2025-02-21T08:45:16.000Z,2025-02-21T08:52:06.000Z,2025-02-21T09:03:32.000Z,2.6857683650955404,686.0,7.58,20.85,0.0
UberX,completed,2025-02-21T09:14:34.000Z,2025-02-21T09:18:13.000Z,2025-02-21T09:28:03.000Z,2.8479895175620427,590.0,7.41,20.9,0.0
UberX,completed,2025-02-21T15:39:26.000Z,2025-02-21T15:45:28.000Z,2025-02-21T16:04:33.000Z,3.1000749433477703,1089.0,7.58,21.93,0.0
UberX,rider_canceled,2025-02-21T15:53:30.000Z,,,0.0,0.0,,0.0,0.0
UberX,completed,2025-02-21T17:43:17.000Z,2025-02-21T17:52:10.000Z,2025-02-21T18:14:00.000Z,6.038540999174946,1310.0,7.58,34.77,0.0
UberX,completed,2025-02-21T18:09:49.000Z,2025-02-21T18:32:28.000Z,2025-02-21T19:02:50.000Z,11.272386248775163,1702.0,7.41,62.56,0.0
UberX,completed,2025-02-22T06:02:44.000Z,2025-02-22T06:12:51.000Z,2025-02-22T06:26:07.000Z,4.097365315905496,767.0,7.41,23.96,0.0
UberX,completed,2025-02-22T06:19:14.000Z,2025-02-22T06:40:20.000Z,2025-02-22T06:57:25.000Z,5.005371997487407,1025.0,7.41,26.65,0.0
UberX,completed,2025-02-22T06:51:04.000Z,2025-02-22T07:04:00.000Z,2025-02-22T07:13:35.000Z,3.5485273140699265,575.0,7.41,29.41,0.0
UberX,completed,2025-02-23T05:52:23.000Z,2025-02-23T05:58:16.000Z,2025-02-23T06:17:18.000Z,4.249005198,1142.0,7.41,38.92,0.0
UberX,rider_canceled,2025-02-23T06:05:36.000Z,,,0.0,0.0,,0.0,0.0
UberX,completed,2025-02-23T06:13:48.000Z,2025-02-23T06:31:30.000Z,2025-02-23T06:43:46.000Z,6.181873181167492,704.0,7.41,35.92,0.0
UberX,rider_canceled,2025-02-23T06:41:36.000Z,,,0.0,0.0,,5.0,4.63
UberX,completed,2025-02-23T07:35:08.000Z,2025-02-23T07:43:41.000Z,2025-02-23T07:59:57.000Z,4.348538616723279,976.0,7.41,25.16,0.0
UberX,completed,2025-02-23T07:57:05.000Z,2025-02-23T08:08:41.000Z,2025-02-23T08:16:53.000Z,2.2109525534612717,492.0,7.41,15.99,0.0
UberX,completed,2025-02-23T08:18:42.000Z,2025-02-23T08:31:22.000Z,2025-02-23T08:39:39.000Z,2.747092817933526,497.0,7.41,19.92,0.0
UberX,completed,2025-02-23T08:29:26.000Z,2025-02-23T08:48:13.000Z,2025-02-23T08:51:58.000Z,1.0484609074078528,225.0,7.41,12.02,0.0
UberX,completed,2025-02-24T14:31:36.000Z,2025-02-24T14:37:47.000Z,2025-02-24T14:50:41.000Z,2.6438009192187177,774.0,7.58,21.37,0.0
UberX,completed,2025-02-24T14:48:38.000Z,2025-02-24T15:02:40.000Z,2025-02-24T15:25:44.000Z,5.952030343543327,1384.0,7.58,35.93,0.0
UberX,completed,2025-02-24T15:21:38.000Z,2025-02-24T15:34:19.000Z,2025-02-24T15:52:02.000Z,3.737053694560815,1063.0,7.58,27.56,0.0
UberX,completed,2025-02-24T15:51:13.000Z,2025-02-24T16:03:24.000Z,2025-02-24T16:27:30.000Z,5.371749260182226,1227.0,7.58,33.94,0.0
UberX,completed,2025-02-24T16:23:29.000Z,2025-02-24T16:35:45.000Z,2025-02-24T16:53:14.000Z,4.946609206781075,1049.0,7.58,28.58,0.0
UberX,completed,2025-02-24T16:46:55.000Z,2025-02-24T17:04:34.000Z,2025-02-24T17:17:23.000Z,2.1955437767348918,759.0,7.58,22.21,0.0
UberX,completed,2025-02-24T17:07:03.000Z,2025-02-24T17:24:26.000Z,2025-02-24T17:38:56.000Z,2.4581841436563496,870.0,7.58,18.45,0.0
UberX,completed,2025-02-25T05:55:53.000Z,2025-02-25T06:03:22.000Z,2025-02-25T06:08:50.000Z,1.431009570519486,328.0,7.41,12.63,0.0
UberX,completed,2025-02-25T06:15:54.000Z,2025-02-25T06:28:24.000Z,2025-02-25T06:41:01.000Z,3.702458119,750.0,7.41,21.96,0.0
UberX,completed,2025-02-25T06:36:38.000Z,2025-02-25T06:52:43.000Z,2025-02-25T07:01:33.000Z,1.696583381185759,530.0,7.41,15.15,0.0
UberX,completed,2025-02-25T07:29:25.000Z,2025-02-25T07:43:19.000Z,2025-02-25T08:04:02.000Z,4.813879804975165,1243.0,7.58,37.96,0.0
UberX,rider_canceled,2025-02-25T07:53:58.000Z,,,0.0,0.0,,0.0,0.0
UberX,rider_canceled,2025-02-25T07:56:32.000Z,,,0.0,0.0,,0.0,0.0
UberX,completed,2025-02-25T15:12:43.000Z,2025-02-25T15:23:19.000Z,2025-02-25T15:54:17.000Z,3.980956918634877,1858.0,7.58,28.86,0.0
RiderItemDelivery,completed,2025-02-25T15:39:04.000Z,2025-02-25T16:02:05.000Z,2025-02-25T16:11:51.000Z,1.979851390226588,586.0,7.58,19.81,0.0
UberX,completed,2025-02-25T16:03:49.000Z,2025-02-25T16:27:58.000Z,2025-02-25T16:42:36.000Z,3.839398216576349,878.0,7.58,24.75,0.0
UberX,driver_canceled,2025-02-25T16:39:35.000Z,,,0.0,0.0,,8.16,0.0
UberX,completed,2025-02-25T16:58:08.000Z,2025-02-25T17:06:47.000Z,2025-02-25T17:18:45.000Z,2.4780482712268337,718.0,7.58,18.2,0.0
UberX,completed,2025-02-25T17:13:24.000Z,2025-02-25T17:22:46.000Z,2025-02-25T17:29:43.000Z,1.0746487563391072,417.0,7.58,12.33,0.0
UberX,completed,2025-02-25T17:25:21.000Z,2025-02-25T17:44:05.000Z,2025-02-25T17:59:42.000Z,2.780617315,937.0,7.58,21.55,0.0
UberX,rider_canceled,2025-02-25T17:56:52.000Z,,,0.0,0.0,,0.0,0.0
UberX,completed,2025-02-25T18:05:37.000Z,2025-02-25T18:10:02.000Z,2025-02-25T18:23:01.000Z,3.143390568307945,779.0,7.41,19.91,0.0
UberX,completed,2025-02-26T06:25:24.000Z,2025-02-26T06:36:48.000Z,2025-02-26T06:55:39.000Z,5.387831659779163,1131.0,7.41,28.83,0.0
UberX,completed,2025-02-26T07:34:28.000Z,2025-02-26T07:42:09.000Z,2025-02-26T07:58:09.000Z,3.920546374621896,942.0,7.58,24.44,0.0
UberX,completed,2025-02-26T07:53:56.000Z,2025-02-26T08:03:39.000Z,2025-02-26T08:10:20.000Z,1.3493081467594163,401.0,7.58,14.99,0.0
UberX,completed,2025-02-26T08:09:33.000Z,2025-02-26T08:14:42.000Z,2025-02-26T08:29:59.000Z,2.8036057421744998,917.0,7.58,20.94,0.0
UberX,completed,2025-02-26T08:27:45.000Z,2025-02-26T08:34:40.000Z,2025-02-26T08:55:01.000Z,4.773044454641149,1221.0,7.58,27.52,0.0
UberX,completed,2025-02-26T15:32:45.000Z,2025-02-26T15:35:30.000Z,2025-02-26T15:57:31.000Z,4.2632391955740045,1321.0,7.58,32.07,0.0
UberX,completed,2025-02-26T15:51:25.000Z,2025-02-26T16:22:45.000Z,2025-02-26T16:33:18.000Z,3.3587779191613243,633.0,7.58,23.38,0.0
UberX,completed,2025-02-26T16:41:54.000Z,2025-02-26T16:55:00.000Z,2025-02-26T17:12:35.000Z,4.827610689285638,1055.0,7.58,27.9,0.0
UberX,rider_canceled,2025-02-26T17:07:50.000Z,,,0.0,0.0,,0.0,0.0
UberX,completed,2025-02-26T17:14:49.000Z,2025-02-26T17:21:10.000Z,2025-02-26T17:36:19.000Z,3.008970104511788,909.0,7.58,22.39,0.0
UberX,completed,2025-02-26T17:30:34.000Z,2025-02-26T17:38:53.000Z,2025-02-26T17:45:57.000Z,1.5669201570529807,424.0,7.58,14.47,0.0
UberX,completed,2025-02-27T07:17:48.000Z,2025-02-27T07:21:57.000Z,2025-02-27T07:31:33.000Z,2.118709853517832,576.0,7.58,17.93,0.0
UberX,completed,2025-02-27T07:26:35.000Z,2025-02-27T07:40:43.000Z,2025-02-27T08:03:35.000Z,3.5907564308536446,1372.0,7.58,29.48,0.0
UberX,completed,2025-02-27T08:03:26.000Z,2025-02-27T08:08:58.000Z,2025-02-27T08:26:32.000Z,3.729537910841072,1054.0,7.58,23.96,0.0
UberX,completed,2025-02-27T08:39:28.000Z,2025-02-27T08:47:20.000Z,2025-02-27T08:55:38.000Z,2.540914520631781,498.0,7.58,18.32,0.0
UberX,completed,2025-02-27T15:39:02.000Z,2025-02-27T15:42:47.000Z,2025-02-27T15:57:36.000Z,3.771702575559901,889.0,7.58,24.27,0.0
UberX,completed,2025-02-27T15:53:11.000Z,2025-02-27T16:03:59.000Z,2025-02-27T16:11:02.000Z,1.2435092780715675,423.0,7.58,13.74,0.0
UberX,completed,2025-02-27T16:07:07.000Z,2025-02-27T16:14:44.000Z,2025-02-27T16:36:27.000Z,3.259220822,1303.0,7.58,24.97,0.0
UberX,completed,2025-02-27T16:27:14.000Z,2025-02-27T16:48:29.000Z,2025-02-27T17:04:14.000Z,4.8450696752517874,945.0,7.58,28.99,0.0
UberX,completed,2025-02-27T17:00:46.000Z,2025-02-27T17:08:56.000Z,2025-02-27T17:31:38.000Z,3.5917091327598403,1362.0,7.58,24.99,0.0
UberX,completed,2025-02-27T17:29:47.000Z,2025-02-27T17:43:48.000Z,2025-02-27T18:05:09.000Z,4.913347258961629,1281.0,7.58,27.56,0.0
UberX,completed,2025-02-27T18:02:28.000Z,2025-02-27T18:16:40.000Z,2025-02-27T18:33:45.000Z,4.969913555,987.0,7.41,27.22,0.0
UberX,completed,2025-02-28T14:47:09.000Z,2025-02-28T14:52:16.000Z,2025-02-28T15:04:00.000Z,1.5896722026580952,691.0,7.58,16.17,0.0
UberX,completed,2025-02-28T15:03:00.000Z,2025-02-28T15:13:45.000Z,2025-02-28T15:27:20.000Z,2.2500240611993045,815.0,7.58,18.92,0.0
UberX,completed,2025-02-28T15:22:37.000Z,2025-02-28T15:30:13.000Z,2025-02-28T15:53:47.000Z,3.6237996134783703,1373.0,7.58,24.15,0.0
UberX,completed,2025-02-28T15:47:08.000Z,2025-02-28T16:05:41.000Z,2025-02-28T16:16:00.000Z,2.791689462491503,619.0,7.58,18.36,0.0
UberX,completed,2025-02-28T16:22:19.000Z,2025-02-28T16:29:43.000Z,2025-02-28T16:48:00.000Z,4.147164982960692,1097.0,7.58,26.39,0.0
UberX,completed,2025-02-28T16:43:39.000Z,2025-02-28T16:48:37.000Z,2025-02-28T17:03:10.000Z,4.582534465463597,873.0,7.58,25.9,0.0
UberX,completed,2025-02-28T16:59:46.000Z,2025-02-28T17:09:53.000Z,2025-02-28T17:24:15.000Z,2.1654657268724016,862.0,7.58,17.69,0.0
UberX,completed,2025-02-28T17:11:55.000Z,2025-02-28T17:33:34.000Z,2025-02-28T18:05:33.000Z,7.536120076,1919.0,7.58,40.43,0.0
UberX,completed,2025-02-28T17:56:36.000Z,2025-02-28T18:26:55.000Z,2025-02-28T18:59:07.000Z,9.467169406456447,1932.0,7.58,56.95,0.0
UberX,completed,2025-02-28T18:59:39.000Z,2025-02-28T19:07:35.000Z,2025-02-28T19:19:24.000Z,2.2589978712857146,709.0,7.41,32.93,0.0
UberX,completed,2025-02-28T19:11:59.000Z,2025-02-28T19:19:48.000Z,2025-02-28T19:32:39.000Z,3.1956628513264413,771.0,7.41,22.05,0.0
UberX,completed,2025-02-28T19:31:37.000Z,2025-02-28T19:43:07.000Z,2025-02-28T20:01:24.000Z,4.341713832886724,1097.0,7.41,26.59,0.0
UberX,rider_canceled,2025-03-01T06:14:19.000Z,,,0.0,0.0,,0.0,0.0
UberX,completed,2025-03-01T06:18:37.000Z,2025-03-01T06:29:46.000Z,2025-03-01T06:42:42.000Z,4.600378020392013,698.0,7.41,25.17,0.0
UberX,completed,2025-03-01T06:43:35.000Z,2025-03-01T06:54:44.000Z,2025-03-01T07:06:57.000Z,4.769474431045547,682.0,7.41,25.2,0.0
UberX,completed,2025-03-01T07:05:22.000Z,2025-03-01T07:12:44.000Z,2025-03-01T07:16:47.000Z,1.411171689102897,243.0,7.41,13.96,0.0
UberX,completed,2025-03-01T07:39:43.000Z,2025-03-01T07:51:14.000Z,2025-03-01T08:10:49.000Z,6.595199706237477,1125.0,7.41,33.92,0.0
UberX,completed,2025-03-01T14:07:52.000Z,2025-03-01T14:26:58.000Z,2025-03-01T14:41:19.000Z,2.8882941024835445,861.0,7.58,19.36,0.0
UberX,completed,2025-03-01T14:38:02.000Z,2025-03-01T14:44:15.000Z,2025-03-01T15:12:02.000Z,5.600992663,1667.0,7.58,33.93,0.0
UberX,rider_canceled,2025-03-01T15:00:20.000Z,,,0.0,0.0,,0.0,0.0
UberX,completed,2025-03-01T15:14:16.000Z,2025-03-01T15:24:54.000Z,2025-03-01T15:42:11.000Z,7.785586964301833,1037.0,7.58,37.61,0.0
UberX,completed,2025-03-01T15:47:19.000Z,2025-03-01T15:59:49.000Z,2025-03-01T16:18:58.000Z,4.514513765198407,1149.0,7.58,26.81,0.0
UberX,completed,2025-03-01T16:19:14.000Z,2025-03-01T16:29:11.000Z,2025-03-01T16:44:12.000Z,5.479550104465529,901.0,7.92,29.99,0.0
UberX,completed,2025-03-01T16:40:07.000Z,2025-03-01T16:54:39.000Z,2025-03-01T17:15:08.000Z,8.039730547241021,1192.0,7.92,41.9,0.0
UberX,completed,2025-03-01T17:10:40.000Z,2025-03-01T17:19:02.000Z,2025-03-01T17:24:43.000Z,1.3721871308975802,341.0,7.92,15.51,0.0
UberX,completed,2025-03-01T17:23:14.000Z,2025-03-01T17:26:42.000Z,2025-03-01T17:35:51.000Z,1.8382456067140864,549.0,7.92,17.09,0.0
UberX,completed,2025-03-01T17:29:37.000Z,2025-03-01T17:45:13.000Z,2025-03-01T17:54:55.000Z,2.7295701679396585,582.0,7.92,19.88,0.0
UberX,completed,2025-03-01T17:51:18.000Z,2025-03-01T18:07:13.000Z,2025-03-01T18:24:41.000Z,4.274935409,1010.0,7.92,25.93,0.0
UberX,completed,2025-03-01T18:15:06.000Z,2025-03-01T18:24:54.000Z,2025-03-01T18:45:45.000Z,4.249476111,1217.0,7.92,34.8,0.0
UberX,completed,2025-03-01T18:55:10.000Z,2025-03-01T19:15:58.000Z,2025-03-01T19:58:04.000Z,15.42092793121584,2498.0,7.92,94.92,0.0
UberX,completed,2025-03-01T20:00:33.000Z,2025-03-01T20:25:22.000Z,2025-03-01T20:50:53.000Z,8.828091404,1531.0,7.92,51.91,0.0
UberX,completed,2025-03-01T20:46:36.000Z,2025-03-01T21:00:05.000Z,2025-03-01T21:25:41.000Z,8.321495658160083,1513.0,7.92,39.37,0.0
UberX,completed,2025-03-02T06:28:32.000Z,2025-03-02T07:05:58.000Z,2025-03-02T07:19:28.000Z,4.092713666811083,810.0,7.41,24.95,0.0
UberX,completed,2025-03-02T06:41:30.000Z,2025-03-02T06:54:39.000Z,2025-03-02T07:01:26.000Z,1.5154599991642346,373.0,7.41,21.5,0.0
UberX,completed,2025-03-02T17:44:37.000Z,2025-03-02T17:58:12.000Z,2025-03-02T18:11:33.000Z,5.411683358379434,801.0,7.41,27.75,0.0
UberX,completed,2025-03-02T18:18:16.000Z,2025-03-02T18:25:07.000Z,2025-03-02T18:44:49.000Z,7.149216094054915,1182.0,7.41,33.85,0.0
UberX,completed,2025-03-02T18:40:27.000Z,2025-03-02T18:48:53.000Z,2025-03-02T19:13:55.000Z,7.620690016159883,1502.0,7.41,37.91,0.0
UberX,completed,2025-03-02T19:08:48.000Z,2025-03-02T19:17:33.000Z,2025-03-02T19:29:07.000Z,2.2721776951377435,694.0,7.41,18.99,0.0
UberX,completed,2025-03-03T10:54:42.000Z,2025-03-03T11:03:40.000Z,2025-03-03T11:15:15.000Z,2.524506519,695.0,7.41,19.24,0.0
UberX,completed,2025-03-03T11:12:44.000Z,2025-03-03T11:17:34.000Z,2025-03-03T11:25:37.000Z,1.7051707393078686,483.0,7.41,14.57,0.0
UberX,completed,2025-03-03T11:24:22.000Z,2025-03-03T11:35:03.000Z,2025-03-03T12:02:10.000Z,7.066287609792124,1627.0,7.41,36.21,0.0
UberX,completed,2025-03-03T12:01:52.000Z,2025-03-03T12:24:50.000Z,2025-03-03T12:51:38.000Z,8.109566724144914,1608.0,7.41,42.67,0.0
UberX,completed,2025-03-03T12:48:41.000Z,2025-03-03T12:57:04.000Z,2025-03-03T13:10:58.000Z,2.4997237183860705,834.0,7.41,23.91,0.0
UberX,completed,2025-03-03T13:05:14.000Z,2025-03-03T13:15:23.000Z,2025-03-03T13:24:45.000Z,2.0956156892718734,562.0,7.41,22.53,0.0
UberX,completed,2025-03-03T13:26:34.000Z,2025-03-03T13:37:00.000Z,2025-03-03T13:53:26.000Z,3.8578739165884928,986.0,7.41,21.87,0.0
UberX,completed,2025-03-03T18:05:36.000Z,2025-03-03T18:10:05.000Z,2025-03-03T18:16:39.000Z,1.3189781180390712,394.0,7.41,15.15,0.0
UberX,completed,2025-03-03T18:10:27.000Z,2025-03-03T18:25:30.000Z,2025-03-03T19:04:38.000Z,6.792597024527383,2291.0,7.41,39.02,0.0
UberX,completed,2025-03-04T06:39:44.000Z,2025-03-04T06:47:45.000Z,2025-03-04T06:57:21.000Z,2.075493985839123,547.0,7.41,17.76,0.0
UberX,completed,2025-03-04T07:00:33.000Z,2025-03-04T07:07:43.000Z,2025-03-04T07:15:28.000Z,1.5322456088301657,465.0,7.58,12.76,0.0
UberX,completed,2025-03-04T07:25:19.000Z,2025-03-04T07:31:06.000Z,2025-03-04T07:44:09.000Z,1.2287011848912075,760.0,7.58,13.91,0.0
UberX,rider_canceled,2025-03-04T07:29:43.000Z,,,0.0,0.0,,0.0,0.0
UberX,completed,2025-03-04T07:30:25.000Z,2025-03-04T08:06:38.000Z,2025-03-04T08:31:43.000Z,4.165500323300272,1505.0,7.58,26.22,0.0
UberX,completed,2025-03-04T08:29:30.000Z,2025-03-04T08:45:22.000Z,2025-03-04T09:06:33.000Z,4.235158191190578,1231.0,7.58,22.94,0.0
UberX,completed,2025-03-04T11:34:11.000Z,2025-03-04T11:37:06.000Z,2025-03-04T12:00:07.000Z,6.540062377850384,1381.0,7.41,33.54,0.0
UberX,completed,2025-03-04T11:56:00.000Z,2025-03-04T12:06:20.000Z,2025-03-04T12:22:08.000Z,3.983553426542173,948.0,7.41,22.97,0.0
UberX,completed,2025-03-04T12:26:46.000Z,2025-03-04T12:31:29.000Z,2025-03-04T12:48:46.000Z,3.231091852038209,1037.0,7.41,21.29,0.0
UberX,completed,2025-03-04T12:47:09.000Z,2025-03-04T12:53:55.000Z,2025-03-04T13:03:25.000Z,1.704529960758584,570.0,7.41,15.91,0.0
UberX,completed,2025-03-04T13:49:52.000Z,2025-03-04T13:52:50.000Z,2025-03-04T14:04:26.000Z,1.681239817210743,696.0,7.41,15.97,0.0
UberX,completed,2025-03-04T13:56:55.000Z,2025-03-04T14:10:37.000Z,2025-03-04T14:22:05.000Z,1.9420747391264732,654.0,7.41,16.21,0.0
UberX,completed,2025-03-04T14:18:44.000Z,2025-03-04T14:33:04.000Z,2025-03-04T14:39:53.000Z,1.7114436170151894,409.0,7.58,15.33,0.0
UberX,completed,2025-03-04T14:31:42.000Z,2025-03-04T14:51:39.000Z,2025-03-04T14:56:47.000Z,0.7304472749659362,308.0,7.58,12.93,0.0
UberX,completed,2025-03-04T14:53:54.000Z,2025-03-04T15:02:40.000Z,2025-03-04T15:11:37.000Z,1.1861970406244686,537.0,7.58,14.69,0.0
UberX,completed,2025-03-04T15:09:51.000Z,2025-03-04T15:25:48.000Z,2025-03-04T15:45:18.000Z,3.5527312543093053,1170.0,7.58,22.73,0.0
UberX,completed,2025-03-04T15:45:06.000Z,2025-03-04T15:53:51.000Z,2025-03-04T16:23:43.000Z,5.437347032509441,1792.0,7.58,35.84,0.0
UberX,completed,2025-03-04T16:08:02.000Z,2025-03-04T16:30:36.000Z,2025-03-04T16:46:48.000Z,2.7435469805008474,972.0,7.58,21.66,0.0
UberX,completed,2025-03-04T16:44:07.000Z,2025-03-04T16:55:15.000Z,2025-03-04T17:09:11.000Z,2.1981639338284373,836.0,7.58,19.94,0.0
UberX,completed,2025-03-04T17:08:15.000Z,2025-03-04T17:12:53.000Z,2025-03-04T17:31:54.000Z,3.298280301528929,1118.0,7.58,23.17,0.0
UberX,completed,2025-03-05T07:02:17.000Z,2025-03-05T07:09:10.000Z,2025-03-05T07:19:24.000Z,1.731943974137118,614.0,7.58,16.1,0.0
UberX,completed,2025-03-05T08:14:45.000Z,2025-03-05T08:37:04.000Z,2025-03-05T08:57:29.000Z,3.640341542753277,1214.0,7.58,21.97,0.0
UberX,completed,2025-03-05T08:50:19.000Z,2025-03-05T09:05:14.000Z,2025-03-05T09:11:05.000Z,0.9880827102672332,351.0,7.58,12.79,0.0
UberX,completed,2025-03-05T14:13:35.000Z,2025-03-05T14:15:11.000Z,2025-03-05T14:23:13.000Z,1.5189384521310008,482.0,7.58,14.93,0.0
UberX,completed,2025-03-05T14:23:12.000Z,2025-03-05T14:29:32.000Z,2025-03-05T14:42:56.000Z,2.8301656931602066,781.0,7.58,21.57,0.0
UberX,completed,2025-03-05T14:44:04.000Z,2025-03-05T14:51:53.000Z,2025-03-05T15:07:37.000Z,2.7153907210593373,944.0,7.58,21.85,0.0
UberX,completed,2025-03-06T16:38:09.000Z,2025-03-06T16:47:01.000Z,2025-03-06T17:09:15.000Z,7.4002834820768175,1303.0,7.58,40.4,0.0
UberX,completed,2025-03-06T17:05:50.000Z,2025-03-06T17:20:53.000Z,2025-03-06T17:39:01.000Z,4.471870067969842,1088.0,7.58,28.91,0.0
UberX,completed,2025-03-06T17:39:53.000Z,2025-03-06T17:44:22.000Z,2025-03-06T17:56:45.000Z,2.031616845604387,743.0,7.58,17.26,0.0
UberX,completed,2025-03-06T17:53:02.000Z,2025-03-06T18:02:52.000Z,2025-03-06T18:19:11.000Z,2.6801945402333294,979.0,7.58,20.92,0.0
UberX,completed,2025-03-07T06:56:12.000Z,2025-03-07T07:09:42.000Z,2025-03-07T07:26:57.000Z,4.1436848344605615,1035.0,7.41,30.14,0.0
UberX,completed,2025-03-07T07:17:50.000Z,2025-03-07T07:37:33.000Z,2025-03-07T08:04:03.000Z,5.014388531962182,1590.0,7.58,27.94,0.0
UberX,rider_canceled,2025-03-07T07:34:26.000Z,,,0.0,0.0,,0.0,0.0
UberX,rider_canceled,2025-03-07T07:45:25.000Z,,,0.0,0.0,,0.0,0.0
UberX,completed,2025-03-07T07:51:43.000Z,2025-03-07T08:11:03.000Z,2025-03-07T08:19:47.000Z,1.7445809803183476,511.0,7.58,21.06,0.0
UberX,completed,2025-03-07T10:42:27.000Z,2025-03-07T10:56:43.000Z,2025-03-07T11:03:20.000Z,2.601387953245149,397.0,7.41,17.8,0.0
UberX,completed,2025-03-07T11:07:57.000Z,2025-03-07T11:17:26.000Z,2025-03-07T11:35:14.000Z,3.0286540294014097,1068.0,7.41,22.12,0.0
UberX,completed,2025-03-07T18:23:32.000Z,2025-03-07T18:31:07.000Z,2025-03-07T18:44:10.000Z,3.028678094828892,757.0,7.41,22.62,0.0
UberX,completed,2025-03-07T18:36:00.000Z,2025-03-07T18:50:04.000Z,2025-03-07T18:58:14.000Z,2.434286751,490.0,7.41,17.21,0.0
UberX,rider_canceled,2025-03-07T18:53:29.000Z,,,0.0,0.0,,0.0,0.0
UberX,completed,2025-03-07T18:54:45.000Z,2025-03-07T19:05:07.000Z,2025-03-07T19:16:40.000Z,3.369230475293385,693.0,7.41,22.15,0.0
UberX,rider_canceled,2025-03-07T18:54:46.000Z,,,0.0,0.0,,0.0,0.0
UberX,completed,2025-03-07T19:12:36.000Z,2025-03-07T19:26:22.000Z,2025-03-07T19:46:27.000Z,6.903281778,1205.0,7.41,35.97,0.0
UberX,completed,2025-03-07T19:45:22.000Z,2025-03-07T19:55:37.000Z,2025-03-07T20:04:44.000Z,1.906477132830276,547.0,7.41,16.08,0.0
UberX,completed,2025-03-07T20:02:57.000Z,2025-03-07T20:10:53.000Z,2025-03-07T20:25:34.000Z,3.244211799146676,881.0,7.41,20.74,0.0
UberX,completed,2025-03-07T20:21:49.000Z,2025-03-07T20:30:11.000Z,2025-03-07T20:45:55.000Z,3.601217505098932,944.0,7.41,22.35,0.0
UberX,completed,2025-03-08T05:37:58.000Z,2025-03-08T05:46:34.000Z,2025-03-08T05:54:36.000Z,1.7928676205763043,482.0,7.41,15.93,0.0
UberX,rider_canceled,2025-03-08T05:54:35.000Z,,,0.0,0.0,,0.0,0.0
UberX,completed,2025-03-08T06:01:55.000Z,2025-03-08T06:06:20.000Z,2025-03-08T06:11:34.000Z,1.3915595987920577,314.0,7.41,13.1,0.0
UberX,completed,2025-03-08T06:06:35.000Z,2025-03-08T06:22:07.000Z,2025-03-08T06:36:03.000Z,4.054871610623254,836.0,7.41,27.7,0.0
UberX,completed,2025-03-08T07:05:39.000Z,2025-03-08T07:11:33.000Z,2025-03-08T07:21:16.000Z,2.350792779936625,572.0,7.41,18.52,0.0
UberX,completed,2025-03-08T08:13:06.000Z,2025-03-08T08:20:26.000Z,2025-03-08T08:36:47.000Z,3.850516886165959,981.0,7.41,23.91,0.0
UberX,completed,2025-03-08T08:36:22.000Z,2025-03-08T08:50:20.000Z,2025-03-08T09:07:00.000Z,4.695916206348903,1000.0,7.41,25.94,0.0
UberX,rider_canceled,2025-03-08T09:03:50.000Z,,,0.0,0.0,,0.0,0.0
UberX,completed,2025-03-08T09:05:43.000Z,2025-03-08T09:17:47.000Z,2025-03-08T09:38:54.000Z,5.5459201148685615,1242.0,7.58,30.9,0.0
UberX,completed,2025-03-08T15:25:29.000Z,2025-03-08T15:37:49.000Z,2025-03-08T15:52:28.000Z,4.110350806793267,879.0,7.58,23.76,0.0
UberX,completed,2025-03-09T07:24:17.000Z,2025-03-09T07:42:28.000Z,2025-03-09T08:00:22.000Z,5.454533702421277,1052.0,7.41,28.98,0.0
UberX,rider_canceled,2025-03-09T07:48:11.000Z,,,0.0,0.0,,0.0,0.0
UberX,completed,2025-03-09T07:53:47.000Z,2025-03-09T08:03:55.000Z,2025-03-09T08:14:12.000Z,4.052043196052432,609.0,7.41,23.3,0.0
UberX,completed,2025-03-09T08:13:38.000Z,2025-03-09T08:28:16.000Z,2025-03-09T08:42:41.000Z,4.928802549039677,854.0,7.41,29.94,0.0
UberX,completed,2025-03-09T08:24:35.000Z,2025-03-09T08:45:31.000Z,2025-03-09T08:52:29.000Z,1.4381051153097824,401.0,7.41,13.98,0.0
UberX,completed,2025-03-09T08:45:38.000Z,2025-03-09T08:58:26.000Z,2025-03-09T09:04:00.000Z,1.5131154579407449,334.0,7.41,24.1,0.0
UberX,completed,2025-03-09T09:01:43.000Z,2025-03-09T09:17:55.000Z,2025-03-09T09:30:27.000Z,3.424379515061237,752.0,7.58,24.86,0.0
UberX,completed,2025-03-09T16:41:07.000Z,2025-03-09T16:47:11.000Z,2025-03-09T17:05:50.000Z,6.072445771705267,1119.0,7.41,34.9,0.0
UberX,completed,2025-03-09T17:09:03.000Z,2025-03-09T17:18:05.000Z,2025-03-09T17:36:29.000Z,7.193401632077873,1104.0,7.41,33.9,0.0
UberX,completed,2025-03-09T17:38:57.000Z,2025-03-09T17:53:13.000Z,2025-03-09T18:06:33.000Z,5.725340821553224,800.0,7.41,27.95,0.0
UberX,completed,2025-03-09T17:59:11.000Z,2025-03-09T18:10:36.000Z,2025-03-09T18:24:04.000Z,4.860345313814756,795.0,7.41,26.8,0.0
UberX,completed,2025-03-10T08:06:40.000Z,2025-03-10T08:15:40.000Z,2025-03-10T08:27:34.000Z,3.7958144956884734,714.0,7.58,23.31,0.0
UberX,completed,2025-03-10T08:27:43.000Z,2025-03-10T08:33:30.000Z,2025-03-10T08:54:16.000Z,5.468140957044988,1207.0,7.58,29.19,0.0
UberX,completed,2025-03-10T16:09:12.000Z,2025-03-10T16:22:50.000Z,2025-03-10T17:02:16.000Z,8.216792094214387,2366.0,7.58,48.93,0.0
UberX,completed,2025-03-10T17:05:48.000Z,2025-03-10T17:21:19.000Z,2025-03-10T17:42:04.000Z,3.5285237492133854,1245.0,7.58,26.91,0.0
UberX,completed,2025-03-10T17:40:50.000Z,2025-03-10T17:49:05.000Z,2025-03-10T18:05:01.000Z,3.2169151284931896,956.0,7.58,23.91,0.0
UberX,completed,2025-03-11T07:09:39.000Z,2025-03-11T07:14:35.000Z,2025-03-11T07:36:15.000Z,4.845016993278028,1300.0,7.58,28.06,0.0
UberX,completed,2025-03-11T07:27:57.000Z,2025-03-11T08:06:24.000Z,2025-03-11T08:37:14.000Z,6.728262751,1818.0,7.58,41.89,0.0
UberX,rider_canceled,2025-03-11T08:37:40.000Z,,,0.0,0.0,,0.0,0.0
UberX,completed,2025-03-11T08:44:50.000Z,2025-03-11T08:54:46.000Z,2025-03-11T09:19:15.000Z,4.409818925,1466.0,7.58,28.15,0.0
UberX,rider_canceled,2025-03-11T09:23:14.000Z,,,0.0,0.0,,0.0,0.0
UberX,rider_canceled,2025-03-11T09:27:43.000Z,,,0.0,0.0,,0.0,0.0
UberX,completed,2025-03-11T12:37:52.000Z,2025-03-11T12:41:08.000Z,2025-03-11T12:48:27.000Z,1.9495129482828388,439.0,7.41,15.41,0.0
UberX,completed,2025-03-11T12:47:01.000Z,2025-03-11T12:52:55.000Z,2025-03-11T12:59:55.000Z,0.9213411535134948,420.0,7.41,11.84,0.0
UberX,completed,2025-03-11T14:58:22.000Z,2025-03-11T15:09:52.000Z,2025-03-11T15:19:10.000Z,0.7393159385740002,558.0,7.58,12.45,0.0
UberX,completed,2025-03-11T15:19:33.000Z,2025-03-11T15:26:24.000Z,2025-03-11T15:46:53.000Z,3.355016028145437,1184.0,7.58,23.14,0.0
UberX,completed,2025-03-11T15:42:33.000Z,2025-03-11T15:55:44.000Z,2025-03-11T16:07:49.000Z,2.892631465295646,725.0,7.58,20.03,0.0
UberX,completed,2025-03-11T16:02:12.000Z,2025-03-11T16:08:20.000Z,2025-03-11T16:18:06.000Z,3.0145485509923224,547.0,7.58,22.97,0.0
UberX,completed,2025-03-11T17:49:29.000Z,2025-03-11T17:56:57.000Z,2025-03-11T18:09:44.000Z,3.3213487606418246,767.0,7.58,21.46,0.0
UberX,completed,2025-03-11T18:04:54.000Z,2025-03-11T18:24:07.000Z,2025-03-11T18:38:01.000Z,4.871193912267854,834.0,7.41,26.02,0.0
UberX,completed,2025-03-11T18:41:40.000Z,2025-03-11T18:51:43.000Z,2025-03-11T19:01:43.000Z,1.832087622583315,600.0,7.41,15.72,0.0
UberX,completed,2025-03-12T06:13:20.000Z,2025-03-12T06:40:27.000Z,2025-03-12T07:12:49.000Z,9.327656994249056,1942.0,7.41,51.06,0.0
UberX,completed,2025-03-12T07:09:58.000Z,2025-03-12T07:14:50.000Z,2025-03-12T07:23:24.000Z,2.2110270154178147,514.0,7.58,15.25,0.0
UberX,completed,2025-03-12T07:22:04.000Z,2025-03-12T07:40:14.000Z,2025-03-12T07:52:21.000Z,2.931409696034099,727.0,7.58,18.91,0.0
UberX,completed,2025-03-12T07:54:35.000Z,2025-03-12T07:56:04.000Z,2025-03-12T08:20:04.000Z,4.361793734883451,1440.0,7.58,25.59,0.0
UberX,completed,2025-03-12T08:18:54.000Z,2025-03-12T08:27:36.000Z,2025-03-12T08:48:29.000Z,2.929581326977589,1253.0,7.58,23.78,0.0
UberX,completed,2025-03-12T08:45:47.000Z,2025-03-12T08:51:30.000Z,2025-03-12T09:06:03.000Z,1.8851713127300136,873.0,7.58,17.58,0.0
UberX,completed,2025-03-12T18:09:43.000Z,2025-03-12T18:13:57.000Z,2025-03-12T18:24:15.000Z,2.2385230420837714,618.0,7.41,20.7,0.0
UberX,completed,2025-03-13T16:19:38.000Z,2025-03-13T16:37:02.000Z,2025-03-13T16:55:11.000Z,3.4717035581043043,1052.0,7.58,25.36,0.0
UberX,rider_canceled,2025-03-13T16:25:10.000Z,,,0.0,0.0,,0.0,0.0
UberX,completed,2025-03-13T16:50:28.000Z,2025-03-13T16:55:26.000Z,2025-03-13T17:23:47.000Z,3.065704153041977,1683.0,7.58,28.93,0.0
UberX,rider_canceled,2025-03-13T17:16:44.000Z,,,0.0,0.0,,0.0,0.0
UberX,completed,2025-03-13T17:20:32.000Z,2025-03-13T17:31:25.000Z,2025-03-13T18:06:49.000Z,5.452222156160675,2124.0,7.58,36.97,0.0
UberX,completed,2025-03-13T18:06:19.000Z,2025-03-13T18:13:53.000Z,2025-03-13T18:41:38.000Z,6.105811479483615,1665.0,7.41,32.96,0.0
UberX,completed,2025-03-14T07:23:12.000Z,2025-03-14T07:41:51.000Z,2025-03-14T08:00:47.000Z,6.567858235663937,1136.0,7.58,33.79,0.0
UberX,completed,2025-03-14T08:04:47.000Z,2025-03-14T08:25:09.000Z,2025-03-14T08:51:03.000Z,7.181929156260075,1554.0,7.58,42.04,0.0
UberX,completed,2025-03-14T09:05:55.000Z,2025-03-14T09:17:58.000Z,2025-03-14T09:27:37.000Z,2.7496855955428274,579.0,7.41,18.7,0.0
UberX,completed,2025-03-14T18:07:02.000Z,2025-03-14T18:21:28.000Z,2025-03-14T18:51:09.000Z,5.9152032220683335,1781.0,7.41,39.63,0.0
UberX,completed,2025-03-14T18:40:58.000Z,2025-03-14T18:58:11.000Z,2025-03-14T19:11:51.000Z,2.914054774597897,767.0,7.41,30.84,0.0
UberX,completed,2025-03-14T19:13:18.000Z,2025-03-14T19:23:35.000Z,2025-03-14T19:40:44.000Z,4.921754353386074,1029.0,7.41,27.94,0.0
UberX,completed,2025-03-14T19:40:00.000Z,2025-03-14T19:55:26.000Z,2025-03-14T20:24:40.000Z,5.9450098616652935,1754.0,7.41,53.08,0.0
UberX,completed,2025-03-14T20:24:33.000Z,2025-03-14T20:31:49.000Z,2025-03-14T20:54:41.000Z,5.045283731702293,1339.0,7.41,29.16,0.0
UberX,completed,2025-03-15T05:32:36.000Z,2025-03-15T05:51:00.000Z,2025-03-15T05:57:38.000Z,2.9834803789515854,398.0,7.41,23.92,0.0
UberX,completed,2025-03-15T05:49:16.000Z,2025-03-15T06:01:24.000Z,2025-03-15T06:09:42.000Z,3.360787029199577,498.0,7.41,19.19,0.0
UberX,rider_canceled,2025-03-15T05:57:50.000Z,,,0.0,0.0,,0.0,0.0
UberX,completed,2025-03-15T06:16:01.000Z,2025-03-15T06:27:54.000Z,2025-03-15T06:41:32.000Z,5.858913205410712,818.0,7.41,31.99,0.0
UberX,completed,2025-03-15T06:30:36.000Z,2025-03-15T06:51:51.000Z,2025-03-15T07:14:03.000Z,7.847046910117654,1332.0,7.41,37.93,0.0
UberX,completed,2025-03-15T07:25:09.000Z,2025-03-15T07:37:03.000Z,2025-03-15T07:46:48.000Z,2.5507791779234448,585.0,7.41,16.87,0.0
UberX,completed,2025-03-15T07:42:57.000Z,2025-03-15T07:57:00.000Z,2025-03-15T08:03:40.000Z,1.432729242310809,400.0,7.41,13.61,0.0
UberX,completed,2025-03-15T08:06:11.000Z,2025-03-15T08:11:53.000Z,2025-03-15T08:23:41.000Z,3.536410841974525,656.0,7.41,22.39,0.0
UberX,completed,2025-03-15T09:04:11.000Z,2025-03-15T09:06:23.000Z,2025-03-15T09:24:51.000Z,3.475149123655652,1108.0,7.58,23.46,0.0
UberX,completed,2025-03-15T09:20:01.000Z,2025-03-15T09:31:26.000Z,2025-03-15T09:52:48.000Z,5.760950663850531,1282.0,7.58,30.55,0.0
UberX,completed,2025-03-15T09:59:04.000Z,2025-03-15T10:02:39.000Z,2025-03-15T10:22:28.000Z,6.183130378896723,1189.0,7.58,37.2,0.0
UberX,completed,2025-03-15T14:53:06.000Z,2025-03-15T15:02:39.000Z,2025-03-15T15:15:06.000Z,3.1507806699224243,728.0,7.58,20.77,0.0
UberX,completed,2025-03-15T15:17:41.000Z,2025-03-15T15:24:00.000Z,2025-03-15T15:31:25.000Z,2.6119257960049582,404.0,7.58,19.35,0.0
UberX,completed,2025-03-15T15:32:33.000Z,2025-03-15T15:57:40.000Z,2025-03-15T16:23:52.000Z,8.705505364327694,1572.0,7.58,45.47,0.0
UberX,completed,2025-03-15T16:26:04.000Z,2025-03-15T16:42:31.000Z,2025-03-15T16:52:10.000Z,2.083954782887632,579.0,7.92,17.89,0.0
UberX,completed,2025-03-15T16:48:22.000Z,2025-03-15T17:02:09.000Z,2025-03-15T17:13:34.000Z,2.7305458783672245,671.0,7.92,19.33,0.0
UberX,completed,2025-03-15T17:13:51.000Z,2025-03-15T17:19:26.000Z,2025-03-15T17:32:44.000Z,3.630475915867672,798.0,7.92,24.94,0.0
UberX,completed,2025-03-15T17:27:45.000Z,2025-03-15T17:42:15.000Z,2025-03-15T17:51:23.000Z,2.334437874476988,548.0,7.92,19.85,0.0
UberX,completed,2025-03-15T17:48:43.000Z,2025-03-15T17:56:36.000Z,2025-03-15T18:13:05.000Z,3.062956909261226,989.0,7.92,25.43,0.0
UberX,completed,2025-03-15T18:08:34.000Z,2025-03-15T18:16:41.000Z,2025-03-15T18:30:06.000Z,3.002855558588171,788.0,7.92,21.91,0.0
UberX,completed,2025-03-15T18:20:26.000Z,2025-03-15T18:41:29.000Z,2025-03-15T19:07:11.000Z,5.472536482065521,1542.0,7.92,31.33,0.0
UberX,completed,2025-03-15T19:00:02.000Z,2025-03-15T19:12:30.000Z,2025-03-15T19:26:13.000Z,2.9451164541421004,798.0,7.92,20.92,0.0
UberX,completed,2025-03-15T19:21:42.000Z,2025-03-15T19:30:59.000Z,2025-03-15T19:47:10.000Z,2.618390716339602,971.0,7.92,19.9,0.0
UberX,completed,2025-03-16T11:19:12.000Z,2025-03-16T11:21:48.000Z,2025-03-16T11:28:05.000Z,1.4871179775902374,377.0,7.58,16.99,0.0
UberX,completed,2025-03-16T11:24:30.000Z,2025-03-16T11:35:45.000Z,2025-03-16T11:53:03.000Z,5.104069035857374,1020.0,7.58,28.91,0.0
UberX,completed,2025-03-16T11:51:49.000Z,2025-03-16T11:59:29.000Z,2025-03-16T12:08:37.000Z,2.3806757760101487,548.0,7.58,18.0,0.0
UberX,completed,2025-03-16T12:05:28.000Z,2025-03-16T12:11:32.000Z,2025-03-16T12:25:17.000Z,4.544169183300669,825.0,7.58,25.39,0.0
UberX,completed,2025-03-16T12:21:05.000Z,2025-03-16T12:33:07.000Z,2025-03-16T12:55:34.000Z,6.965089325531104,1347.0,7.58,34.99,0.0
UberX,completed,2025-03-16T12:54:01.000Z,2025-03-16T12:59:04.000Z,2025-03-16T13:18:45.000Z,5.772663199698036,1181.0,7.58,32.4,0.0
UberX,completed,2025-03-16T13:19:15.000Z,2025-03-16T13:38:35.000Z,2025-03-16T14:04:42.000Z,9.431759104866352,1567.0,7.58,51.19,0.0
UberX,completed,2025-03-16T13:53:43.000Z,2025-03-16T14:11:53.000Z,2025-03-16T14:35:35.000Z,9.507236275290431,1357.0,7.58,53.08,0.0
UberX,rider_canceled,2025-03-16T14:21:56.000Z,,,0.0,0.0,,0.0,0.0
UberX,completed,2025-03-16T14:27:41.000Z,2025-03-16T14:44:26.000Z,2025-03-16T15:08:15.000Z,5.056387695040873,1399.0,7.58,28.3,0.0
UberX,completed,2025-03-16T15:09:36.000Z,2025-03-16T15:17:10.000Z,2025-03-16T15:32:57.000Z,4.458673297044928,925.0,7.58,24.99,0.0
UberX,completed,2025-03-17T10:40:08.000Z,2025-03-17T10:50:06.000Z,2025-03-17T11:07:29.000Z,6.160756895390738,1014.0,7.41,34.49,0.0
UberX,rider_canceled,2025-03-17T11:01:27.000Z,,,0.0,0.0,,0.0,0.0
UberX,completed,2025-03-17T11:06:09.000Z,2025-03-17T11:12:29.000Z,2025-03-17T11:37:30.000Z,8.041461902960203,1501.0,7.41,36.88,0.0
UberX,rider_canceled,2025-03-17T16:03:21.000Z,,,0.0,0.0,,0.0,0.0
UberX,completed,2025-03-17T16:11:40.000Z,2025-03-17T16:23:28.000Z,2025-03-17T17:06:24.000Z,5.861033320448386,2576.0,7.58,39.39,0.0
UberX,completed,2025-03-17T17:30:00.000Z,2025-03-17T17:28:15.000Z,2025-03-17T17:51:04.000Z,6.401925215419413,1369.0,7.58,50.9,0.0
UberX,completed,2025-03-17T17:48:01.000Z,2025-03-17T17:54:28.000Z,2025-03-17T18:06:16.000Z,2.3868537715101854,708.0,7.58,21.45,0.0
UberX,completed,2025-03-17T18:06:32.000Z,2025-03-17T18:10:09.000Z,2025-03-17T18:24:43.000Z,2.375885606,874.0,7.41,18.99,0.0
UberX,completed,2025-03-17T18:20:50.000Z,2025-03-17T18:29:23.000Z,2025-03-17T18:42:30.000Z,3.967574389295245,787.0,7.41,22.45,0.0
UberX,completed,2025-03-18T14:10:37.000Z,2025-03-18T14:16:31.000Z,2025-03-18T14:30:38.000Z,3.4284323270127555,847.0,7.58,28.31,0.0
UberX,completed,2025-03-18T15:05:11.000Z,2025-03-18T15:15:25.000Z,2025-03-18T16:00:27.000Z,6.9527027151655965,2702.0,7.58,42.12,0.0
UberX,completed,2025-03-18T15:37:14.000Z,2025-03-18T16:31:44.000Z,2025-03-18T16:50:55.000Z,6.1273883468376535,1151.0,7.58,32.54,0.0
UberX,completed,2025-03-18T16:56:42.000Z,2025-03-18T17:01:59.000Z,2025-03-18T17:11:42.000Z,1.9148838887860893,583.0,7.58,16.95,0.0
UberX,completed,2025-03-18T17:27:46.000Z,2025-03-18T17:36:59.000Z,2025-03-18T17:59:35.000Z,5.279461813705087,1342.0,7.58,31.54,0.0
UberX,completed,2025-03-18T17:58:56.000Z,2025-03-18T18:05:00.000Z,2025-03-18T18:17:51.000Z,4.654599292890417,771.0,7.58,26.19,0.0
UberX,completed,2025-03-19T07:13:56.000Z,2025-03-19T07:24:13.000Z,2025-03-19T07:44:02.000Z,4.736396919,1164.0,7.58,27.86,0.0
UberX,rider_canceled,2025-03-19T07:26:38.000Z,,,0.0,0.0,,0.0,0.0
UberX,completed,2025-03-19T07:32:25.000Z,2025-03-19T07:48:03.000Z,2025-03-19T08:10:03.000Z,4.230960509105657,1294.0,7.58,27.11,0.0
UberX,completed,2025-03-19T08:11:30.000Z,2025-03-19T08:30:50.000Z,2025-03-19T08:54:42.000Z,4.118659397729604,1432.0,7.58,28.15,0.0
UberX,completed,2025-03-19T08:55:24.000Z,2025-03-19T09:05:17.000Z,2025-03-19T09:18:03.000Z,3.232003899873241,766.0,7.58,20.97,0.0
UberX,completed,2025-03-19T09:16:35.000Z,2025-03-19T09:26:35.000Z,2025-03-19T09:50:07.000Z,4.369658192153558,1412.0,7.41,30.98,0.0
UberX,rider_canceled,2025-03-19T13:25:43.000Z,,,0.0,0.0,,0.0,0.0
UberX,completed,2025-03-19T13:29:09.000Z,2025-03-19T13:35:15.000Z,2025-03-19T13:48:12.000Z,3.6382747647220497,777.0,7.41,27.45,0.0
UberX,completed,2025-03-19T14:34:05.000Z,2025-03-19T14:38:35.000Z,2025-03-19T14:43:31.000Z,2.1469788463529063,296.0,7.58,16.96,0.0
UberX,completed,2025-03-19T15:15:52.000Z,2025-03-19T15:26:18.000Z,2025-03-19T15:36:20.000Z,2.010975903875089,602.0,7.58,33.87,0.0
UberX,completed,2025-03-20T16:32:23.000Z,2025-03-20T16:38:14.000Z,2025-03-20T16:44:20.000Z,1.1041249976594452,366.0,7.58,19.18,0.0
UberX,rider_canceled,2025-03-20T16:38:53.000Z,,,0.0,0.0,,0.0,0.0
UberX,completed,2025-03-20T16:42:26.000Z,2025-03-20T16:49:49.000Z,2025-03-20T17:07:10.000Z,2.017211981,1041.0,7.58,18.56,0.0
UberX,completed,2025-03-20T17:32:32.000Z,2025-03-20T17:46:31.000Z,2025-03-20T18:28:44.000Z,12.999684758011702,2478.0,7.58,78.75,0.0
UberX,completed,2025-03-21T07:17:54.000Z,2025-03-21T07:25:47.000Z,2025-03-21T07:58:59.000Z,8.835967383710047,1992.0,7.58,48.94,0.0
UberX,completed,2025-03-21T07:56:47.000Z,2025-03-21T08:10:02.000Z,2025-03-21T08:40:05.000Z,4.897199038250851,1803.0,7.58,30.78,0.0
UberX,completed,2025-03-21T08:35:29.000Z,2025-03-21T08:43:20.000Z,2025-03-21T08:53:44.000Z,2.681370329457751,624.0,7.58,16.96,0.0
UberX,completed,2025-03-21T09:07:15.000Z,2025-03-21T09:10:55.000Z,2025-03-21T09:34:26.000Z,7.575250679808287,1411.0,7.41,37.93,0.0
UberX,completed,2025-03-21T16:00:17.000Z,2025-03-21T16:46:24.000Z,2025-03-21T17:09:11.000Z,6.411908442229041,1367.0,7.58,33.97,0.0
UberX,completed,2025-03-21T17:00:40.000Z,2025-03-21T17:20:56.000Z,2025-03-21T17:31:12.000Z,3.846712966464708,616.0,7.58,23.5,0.0
UberX,completed,2025-03-21T17:28:47.000Z,2025-03-21T17:46:56.000Z,2025-03-21T18:14:20.000Z,12.09387399664898,1644.0,7.58,58.98,0.0
UberX,completed,2025-03-21T18:08:23.000Z,2025-03-21T18:24:00.000Z,2025-03-21T18:35:47.000Z,3.006367925465291,707.0,7.41,19.92,0.0
UberX,completed,2025-03-21T19:00:00.000Z,2025-03-21T19:35:15.000Z,2025-03-21T20:06:56.000Z,8.709224742,1860.0,6.89,59.46,0.0
UberX,completed,2025-03-21T20:14:41.000Z,2025-03-21T20:24:15.000Z,2025-03-21T20:48:30.000Z,8.856743279177996,1455.0,7.41,47.15,0.0
UberX,completed,2025-03-22T05:55:24.000Z,2025-03-22T06:11:58.000Z,2025-03-22T06:21:36.000Z,2.705563851430069,578.0,7.41,23.98,0.0
UberX,completed,2025-03-22T06:20:16.000Z,2025-03-22T06:31:46.000Z,2025-03-22T06:52:07.000Z,5.190438869,1221.0,7.41,30.9,0.0
UberX,completed,2025-03-22T07:23:21.000Z,2025-03-22T07:26:17.000Z,2025-03-22T07:36:40.000Z,3.861025624326832,623.0,7.41,23.11,0.0
UberX,completed,2025-03-22T07:33:59.000Z,2025-03-22T07:45:43.000Z,2025-03-22T07:57:34.000Z,3.3700431384907525,695.0,7.41,21.08,0.0
UberX,completed,2025-03-22T08:15:32.000Z,2025-03-22T08:21:53.000Z,2025-03-22T08:36:23.000Z,3.4353586691116966,870.0,7.41,20.96,0.0
UberX,completed,2025-03-22T08:29:41.000Z,2025-03-22T08:54:40.000Z,2025-03-22T09:12:42.000Z,3.746564385708717,1082.0,7.41,23.3,0.0
UberX,completed,2025-03-22T09:27:02.000Z,2025-03-22T09:33:58.000Z,2025-03-22T09:45:55.000Z,2.5906454343608005,699.0,7.58,18.73,0.0
UberX,completed,2025-03-22T14:33:03.000Z,2025-03-22T14:42:05.000Z,2025-03-22T14:57:08.000Z,3.8056600402885614,888.0,7.58,23.9,0.0
UberX,rider_canceled,2025-03-22T14:57:42.000Z,,,0.0,0.0,,0.0,0.0
UberX,completed,2025-03-22T15:00:43.000Z,2025-03-22T15:16:45.000Z,2025-03-22T15:32:39.000Z,4.927684734168302,954.0,7.58,27.92,0.0
UberX,completed,2025-03-22T15:32:15.000Z,2025-03-22T15:35:52.000Z,2025-03-22T15:51:12.000Z,4.825844643118895,920.0,7.58,29.57,0.0
UberX,rider_canceled,2025-03-22T15:47:38.000Z,,,0.0,0.0,,0.0,0.0
UberX,completed,2025-03-22T15:52:55.000Z,2025-03-22T16:00:44.000Z,2025-03-22T16:13:51.000Z,2.6894567543145715,787.0,7.58,20.62,0.0
UberX,completed,2025-03-22T16:13:32.000Z,2025-03-22T16:22:55.000Z,2025-03-22T16:32:02.000Z,1.669901578,547.0,7.92,20.01,0.0
UberX,completed,2025-03-22T16:31:46.000Z,2025-03-22T16:41:09.000Z,2025-03-22T16:56:49.000Z,3.633825247346989,871.0,7.92,26.14,0.0
UberX,completed,2025-03-22T16:53:27.000Z,2025-03-22T17:04:22.000Z,2025-03-22T17:20:40.000Z,4.781346033531333,978.0,7.92,28.97,0.0
UberX,completed,2025-03-22T17:25:39.000Z,2025-03-22T17:37:25.000Z,2025-03-22T17:51:19.000Z,3.214294676014933,834.0,7.92,22.18,0.0
UberX,completed,2025-03-22T17:43:52.000Z,2025-03-22T17:55:39.000Z,2025-03-22T18:19:02.000Z,5.711841063,1403.0,7.92,36.96,0.0
UberX,completed,2025-03-22T18:10:33.000Z,2025-03-22T18:20:59.000Z,2025-03-22T18:34:21.000Z,3.294285252610968,802.0,7.92,25.52,0.0
UberX,completed,2025-03-22T18:33:33.000Z,2025-03-22T18:51:10.000Z,2025-03-22T19:14:10.000Z,8.013436322330646,1380.0,7.92,42.93,0.0
UberX,completed,2025-03-22T19:02:27.000Z,2025-03-22T19:20:54.000Z,2025-03-22T19:35:41.000Z,5.094356436467204,871.0,7.92,27.93,0.0
UberX,completed,2025-03-23T06:04:57.000Z,2025-03-23T06:12:46.000Z,2025-03-23T06:34:43.000Z,8.924793937,1290.0,7.41,44.73,0.0
UberX,completed,2025-03-23T06:31:00.000Z,2025-03-23T06:47:47.000Z,2025-03-23T07:05:34.000Z,7.950064095652217,1067.0,7.41,35.19,0.0
UberX,completed,2025-03-23T07:09:21.000Z,2025-03-23T07:13:44.000Z,2025-03-23T07:25:40.000Z,3.198878238605635,608.0,7.41,19.2,0.0
UberX,completed,2025-03-23T07:27:47.000Z,2025-03-23T07:33:31.000Z,2025-03-23T07:49:18.000Z,4.072770605880563,947.0,7.41,24.06,0.0
UberX,completed,2025-03-23T07:39:07.000Z,2025-03-23T07:51:54.000Z,2025-03-23T07:59:24.000Z,1.7880210143719384,450.0,7.41,15.03,0.0
UberX,completed,2025-03-23T07:56:14.000Z,2025-03-23T08:01:04.000Z,2025-03-23T08:08:33.000Z,1.938969881091848,439.0,7.41,13.96,0.0
UberX,completed,2025-03-23T08:07:57.000Z,2025-03-23T08:28:52.000Z,2025-03-23T08:52:22.000Z,6.107979685648781,1410.0,7.41,32.38,0.0
UberX,driver_canceled,2025-03-23T08:44:52.000Z,,,0.0,0.0,,6.05,0.0
UberX,completed,2025-03-23T09:03:53.000Z,2025-03-23T09:08:07.000Z,2025-03-23T09:27:37.000Z,5.857296355926975,1170.0,7.58,30.0,0.0
UberX,completed,2025-03-23T09:23:53.000Z,2025-03-23T09:34:38.000Z,2025-03-23T09:50:44.000Z,4.077945637501443,966.0,7.58,23.99,0.0
UberX,completed,2025-03-23T09:46:27.000Z,2025-03-23T09:55:26.000Z,2025-03-23T10:06:21.000Z,2.097996733,655.0,7.58,16.67,0.0
UberX,completed,2025-03-23T10:03:43.000Z,2025-03-23T10:12:13.000Z,2025-03-23T10:23:02.000Z,1.6964682112304097,649.0,7.58,14.73,0.0
UberX,completed,2025-03-24T11:23:29.000Z,2025-03-24T11:27:34.000Z,2025-03-24T11:48:48.000Z,3.90568883136744,1274.0,7.41,25.58,0.0
UberX,completed,2025-03-24T11:53:26.000Z,2025-03-24T12:19:33.000Z,2025-03-24T12:47:50.000Z,6.406375160273292,1697.0,7.41,37.95,0.0
UberX,completed,2025-03-24T16:26:23.000Z,2025-03-24T16:38:06.000Z,2025-03-24T17:01:16.000Z,3.0794502189288333,1390.0,7.58,24.06,0.0
UberX,completed,2025-03-24T16:54:58.000Z,2025-03-24T17:19:17.000Z,2025-03-24T17:37:50.000Z,5.582931302315242,1113.0,7.58,31.3,0.0
UberX,completed,2025-03-24T17:29:53.000Z,2025-03-24T17:43:10.000Z,2025-03-24T17:50:37.000Z,1.6070672056920554,423.0,7.58,15.84,0.0
UberX,completed,2025-03-24T17:58:39.000Z,2025-03-24T18:04:33.000Z,2025-03-24T18:19:29.000Z,3.571438129,869.0,7.58,21.96,0.0
UberX,completed,2025-03-25T14:35:51.000Z,2025-03-25T14:42:09.000Z,2025-03-25T15:11:35.000Z,6.365135444,1766.0,7.58,35.8,0.0
UberX,completed,2025-03-25T15:55:50.000Z,2025-03-25T16:10:27.000Z,2025-03-25T16:39:25.000Z,2.019588053403512,1738.0,7.58,20.85,0.0
UberX,completed,2025-03-25T16:35:56.000Z,2025-03-25T16:44:30.000Z,2025-03-25T17:03:11.000Z,3.2400789266659564,1121.0,7.58,23.45,0.0
UberX,completed,2025-03-25T17:03:45.000Z,2025-03-25T17:07:05.000Z,2025-03-25T17:13:55.000Z,1.7563015119869148,410.0,7.58,16.19,0.0
UberX,completed,2025-03-25T17:13:14.000Z,2025-03-25T17:39:26.000Z,2025-03-25T18:07:42.000Z,5.4001618172797645,1696.0,7.58,35.98,0.0
UberX,completed,2025-03-26T07:26:44.000Z,2025-03-26T07:38:15.000Z,2025-03-26T07:54:16.000Z,4.293370920379515,961.0,7.58,25.93,0.0
UberX,completed,2025-03-26T07:46:45.000Z,2025-03-26T07:57:07.000Z,2025-03-26T08:28:50.000Z,3.732383296532212,1903.0,7.58,27.37,0.0
UberX,completed,2025-03-26T08:24:18.000Z,2025-03-26T08:32:03.000Z,2025-03-26T08:42:53.000Z,2.1032130814423304,650.0,7.58,17.08,0.0
UberX,completed,2025-03-26T08:38:15.000Z,2025-03-26T08:52:26.000Z,2025-03-26T09:04:24.000Z,2.201324583062312,718.0,7.58,19.43,0.0
UberX,completed,2025-03-26T13:37:13.000Z,2025-03-26T13:40:39.000Z,2025-03-26T13:52:33.000Z,2.33112298514906,714.0,7.41,17.94,0.0
UberX,completed,2025-03-27T16:21:57.000Z,2025-03-27T16:35:42.000Z,2025-03-27T16:56:13.000Z,3.2439384041876216,1231.0,7.58,26.72,0.0
UberX,completed,2025-03-27T16:55:12.000Z,2025-03-27T17:01:14.000Z,2025-03-27T17:29:48.000Z,6.160665719719781,1714.0,7.58,35.93,0.0
UberX,completed,2025-03-27T17:32:14.000Z,2025-03-27T17:43:50.000Z,2025-03-27T18:01:40.000Z,6.457032089040945,1070.0,7.58,33.91,0.0
UberX,completed,2025-03-28T07:15:46.000Z,2025-03-28T07:23:14.000Z,2025-03-28T07:39:02.000Z,3.4649231963634426,948.0,7.58,21.96,0.0
UberX,completed,2025-03-28T07:30:01.000Z,2025-03-28T07:46:03.000Z,2025-03-28T08:10:05.000Z,3.3678164571253872,1378.0,7.58,26.11,0.0
UberX,completed,2025-03-28T08:00:11.000Z,2025-03-28T08:12:30.000Z,2025-03-28T08:44:30.000Z,9.004686822,1920.0,7.58,49.64,0.0
UberX,completed,2025-03-28T08:45:52.000Z,2025-03-28T08:50:53.000Z,2025-03-28T08:58:37.000Z,2.568165849709942,450.0,7.58,18.29,0.0
UberX,completed,2025-03-28T09:23:01.000Z,2025-03-28T09:29:19.000Z,2025-03-28T09:41:40.000Z,3.2920682964432126,741.0,7.41,18.52,0.0
UberX,completed,2025-03-28T09:38:45.000Z,2025-03-28T09:48:18.000Z,2025-03-28T10:16:10.000Z,8.199577785975869,1672.0,7.41,38.59,0.0
UberX,completed,2025-03-28T16:23:24.000Z,2025-03-28T16:34:54.000Z,2025-03-28T16:47:25.000Z,2.6533908188598456,751.0,7.58,21.97,0.0
UberX,completed,2025-03-28T16:38:21.000Z,2025-03-28T16:56:00.000Z,2025-03-28T17:17:46.000Z,4.120272182863857,1306.0,7.58,32.78,0.0
UberX,rider_canceled,2025-03-28T17:11:54.000Z,,,0.0,0.0,,0.0,0.0
UberX,completed,2025-03-28T18:24:21.000Z,2025-03-28T18:34:12.000Z,2025-03-28T19:00:09.000Z,5.142219709,1557.0,7.41,26.96,0.0
UberX,completed,2025-03-28T18:59:58.000Z,2025-03-28T19:08:49.000Z,2025-03-28T19:20:53.000Z,1.3446533981429716,724.0,7.41,43.5,0.0
UberX,completed,2025-03-28T19:08:58.000Z,2025-03-28T19:22:58.000Z,2025-03-28T19:44:45.000Z,2.517329121458085,1307.0,7.41,44.62,0.0
UberX,completed,2025-03-29T05:59:41.000Z,2025-03-29T06:07:35.000Z,2025-03-29T06:18:38.000Z,2.812358834726219,663.0,7.41,19.17,0.0
UberX,completed,2025-03-29T06:17:12.000Z,2025-03-29T06:33:12.000Z,2025-03-29T06:48:08.000Z,6.48083822,896.0,7.41,31.61,0.0
UberX,completed,2025-03-29T06:47:05.000Z,2025-03-29T06:54:55.000Z,2025-03-29T07:14:40.000Z,6.754924885703282,1185.0,7.41,32.19,0.0
UberX,completed,2025-03-29T07:33:39.000Z,2025-03-29T07:38:31.000Z,2025-03-29T07:55:15.000Z,5.0261806844217904,1004.0,7.41,35.91,0.0
UberX,completed,2025-03-29T17:13:20.000Z,2025-03-29T17:13:36.000Z,2025-03-29T17:46:52.000Z,8.105418490350605,1962.0,7.92,40.42,0.0
UberX,rider_canceled,2025-03-29T17:31:47.000Z,,,0.0,0.0,,0.0,0.0
UberX,completed,2025-03-29T17:37:43.000Z,2025-03-29T17:49:08.000Z,2025-03-29T18:08:19.000Z,6.580448484,1151.0,7.92,35.99,0.0
UberX,completed,2025-03-29T18:03:57.000Z,2025-03-29T18:08:46.000Z,2025-03-29T18:22:40.000Z,2.8015660155521136,834.0,7.92,24.96,0.0
UberX,completed,2025-03-29T18:22:08.000Z,2025-03-29T18:28:16.000Z,2025-03-29T18:40:44.000Z,2.800053363447464,721.0,7.92,22.98,0.0
UberX,completed,2025-03-29T18:38:52.000Z,2025-03-29T18:46:26.000Z,2025-03-29T19:01:39.000Z,4.509054468433185,883.0,7.92,28.38,0.0
UberX,completed,2025-03-31T10:33:02.000Z,2025-03-31T10:37:31.000Z,2025-03-31T10:54:18.000Z,3.5937892220040246,999.0,7.41,22.34,0.0
UberX,completed,2025-03-31T10:51:00.000Z,2025-03-31T11:01:25.000Z,2025-03-31T11:21:00.000Z,4.0511199949927885,1175.0,7.41,29.33,0.0
UberX,completed,2025-03-31T15:58:37.000Z,2025-03-31T16:12:57.000Z,2025-03-31T16:30:58.000Z,2.7778041743521364,1081.0,7.58,23.06,0.0
UberX,completed,2025-03-31T16:23:54.000Z,2025-03-31T16:50:32.000Z,2025-03-31T17:03:28.000Z,1.971651713892979,776.0,7.58,21.78,0.0
UberX,completed,2025-03-31T17:02:57.000Z,2025-03-31T17:12:02.000Z,2025-03-31T17:23:23.000Z,2.065210672211047,681.0,7.58,18.98,0.0
UberX,completed,2025-03-31T17:24:07.000Z,2025-03-31T17:35:56.000Z,2025-03-31T17:50:01.000Z,3.240175605342791,845.0,7.58,21.92,0.0
UberX,completed,2025-04-01T15:02:58.000Z,2025-04-01T15:16:37.000Z,2025-04-01T15:32:38.000Z,2.3329530609927427,961.0,7.58,17.95,0.0
UberX,completed,2025-04-01T15:29:14.000Z,2025-04-01T15:39:37.000Z,2025-04-01T16:10:19.000Z,7.249835147145599,1814.0,7.58,38.75,0.0
UberX,rider_canceled,2025-04-01T15:58:04.000Z,,,0.0,0.0,,0.0,0.0
UberX,completed,2025-04-01T16:00:53.000Z,2025-04-01T16:15:29.000Z,2025-04-01T16:43:15.000Z,4.990584343995837,1666.0,7.58,31.05,0.0
UberX,completed,2025-04-01T16:47:36.000Z,2025-04-01T16:53:17.000Z,2025-04-01T17:24:53.000Z,9.210978047566662,1891.0,7.58,58.97,0.0
UberX,completed,2025-04-01T17:23:36.000Z,2025-04-01T17:37:39.000Z,2025-04-01T17:55:59.000Z,5.834097594003176,1082.0,7.58,31.9,0.0
UberX,completed,2025-04-02T07:37:04.000Z,2025-04-02T07:49:21.000Z,2025-04-02T08:16:41.000Z,3.5938964581566584,1640.0,7.58,24.92,0.0
UberX,completed,2025-04-02T08:08:26.000Z,2025-04-02T08:25:23.000Z,2025-04-02T08:40:04.000Z,3.1181739866028417,881.0,7.58,21.99,0.0
UberX,completed,2025-04-02T08:38:07.000Z,2025-04-02T08:43:35.000Z,2025-04-02T08:55:49.000Z,1.506238888657091,734.0,7.58,14.9,0.0
UberX,completed,2025-04-02T08:55:17.000Z,2025-04-02T09:02:42.000Z,2025-04-02T09:30:02.000Z,6.818433845994877,1640.0,7.58,34.92,0.0
UberX,completed,2025-04-02T09:26:38.000Z,2025-04-02T09:34:25.000Z,2025-04-02T09:58:00.000Z,6.567651868102669,1415.0,7.41,35.86,0.0
UberX,completed,2025-04-02T13:44:29.000Z,2025-04-02T13:50:59.000Z,2025-04-02T14:06:55.000Z,3.517535224331257,956.0,7.41,22.84,0.0
UberX,completed,2025-04-02T14:03:51.000Z,2025-04-02T14:11:16.000Z,2025-04-02T14:23:02.000Z,2.6419425581970497,706.0,7.58,19.23,0.0
UberX,completed,2025-04-02T14:20:50.000Z,2025-04-02T14:30:33.000Z,2025-04-02T14:55:08.000Z,5.762529140738529,1475.0,7.58,32.96,0.0
UberX,completed,2025-04-02T15:00:18.000Z,2025-04-02T15:09:19.000Z,2025-04-02T15:35:13.000Z,3.431319334366832,1554.0,7.58,22.91,0.0
UberX,completed,2025-04-03T16:28:20.000Z,2025-04-03T16:42:01.000Z,2025-04-03T17:13:50.000Z,4.152542535340765,1888.0,7.58,29.53,0.0
UberX,completed,2025-04-03T17:30:19.000Z,2025-04-03T17:39:48.000Z,2025-04-03T17:54:40.000Z,2.3616526372834628,854.0,7.58,27.93,0.0
UberX,completed,2025-04-03T17:56:28.000Z,2025-04-03T18:01:18.000Z,2025-04-03T18:04:51.000Z,0.844003505,213.0,7.58,11.5,0.0
UberX,completed,2025-04-04T07:29:06.000Z,2025-04-04T07:45:51.000Z,2025-04-04T08:13:35.000Z,5.593919153972014,1664.0,7.58,33.96,0.0
UberX,completed,2025-04-04T08:19:06.000Z,2025-04-04T08:24:40.000Z,2025-04-04T08:36:57.000Z,3.209058175856727,737.0,7.58,21.94,0.0
UberX,completed,2025-04-04T08:39:27.000Z,2025-04-04T08:43:48.000Z,2025-04-04T08:58:08.000Z,2.027386767671839,767.0,7.58,16.87,0.0
UberX,completed,2025-04-04T08:56:26.000Z,2025-04-04T09:06:33.000Z,2025-04-04T09:16:58.000Z,1.3176628102891828,625.0,7.58,13.39,0.0
UberX,completed,2025-04-04T09:19:01.000Z,2025-04-04T09:24:31.000Z,2025-04-04T09:47:19.000Z,4.956692098438468,1368.0,7.41,29.03,0.0
UberX,completed,2025-04-04T15:18:25.000Z,2025-04-04T15:34:19.000Z,2025-04-04T15:39:37.000Z,1.4685049979546827,318.0,7.58,16.93,0.0
UberX,completed,2025-04-04T15:35:27.000Z,2025-04-04T15:40:49.000Z,2025-04-04T15:57:37.000Z,1.4893637197483525,1008.0,7.58,15.9,0.0
UberX,completed,2025-04-04T15:56:44.000Z,2025-04-04T16:08:46.000Z,2025-04-04T16:26:36.000Z,2.4103886874106397,1070.0,7.58,29.95,0.0
UberX,completed,2025-04-04T16:16:28.000Z,2025-04-04T16:31:27.000Z,2025-04-04T16:42:55.000Z,1.587728619077306,688.0,7.58,17.04,0.0
UberX,completed,2025-04-04T16:44:06.000Z,2025-04-04T16:55:32.000Z,2025-04-04T17:11:17.000Z,4.217107672550188,945.0,7.58,25.91,0.0
UberX,completed,2025-04-04T17:12:45.000Z,2025-04-04T17:26:15.000Z,2025-04-04T17:53:05.000Z,5.106286388889035,1610.0,7.58,29.96,0.0
UberX,rider_canceled,2025-04-04T17:52:35.000Z,,,0.0,0.0,,0.0,0.0
UberX,completed,2025-04-04T18:13:41.000Z,2025-04-04T18:26:04.000Z,2025-04-04T18:38:59.000Z,2.9870319326481063,775.0,7.41,21.99,0.0
UberX,completed,2025-04-04T18:37:00.000Z,2025-04-04T18:45:42.000Z,2025-04-04T18:55:21.000Z,2.480509194331951,579.0,7.41,21.12,0.0
UberX,completed,2025-04-04T18:48:04.000Z,2025-04-04T19:00:37.000Z,2025-04-04T19:12:40.000Z,3.0525970635424846,723.0,7.41,20.93,0.0
UberX,completed,2025-04-05T06:06:19.000Z,2025-04-05T06:09:32.000Z,2025-04-05T06:27:00.000Z,5.863376753151401,939.0,7.41,30.12,0.0
UberX,completed,2025-04-05T06:22:02.000Z,2025-04-05T06:40:31.000Z,2025-04-05T06:55:18.000Z,4.311009282496096,887.0,7.41,23.55,0.0
UberX,completed,2025-04-05T07:15:19.000Z,2025-04-05T07:23:37.000Z,2025-04-05T07:35:10.000Z,3.691666841941925,693.0,7.41,22.61,0.0
UberX,completed,2025-04-05T07:33:18.000Z,2025-04-05T07:51:49.000Z,2025-04-05T08:09:47.000Z,4.902102529415325,1078.0,7.41,27.08,0.0
UberX,completed,2025-04-05T08:13:59.000Z,2025-04-05T08:18:26.000Z,2025-04-05T08:32:36.000Z,2.786071885972053,850.0,7.41,19.08,0.0
UberX,completed,2025-04-05T08:28:09.000Z,2025-04-05T08:35:10.000Z,2025-04-05T08:46:23.000Z,2.4759827688697853,673.0,7.41,18.19,0.0
UberX,completed,2025-04-05T08:37:17.000Z,2025-04-05T08:50:23.000Z,2025-04-05T09:01:21.000Z,2.762526522740401,629.0,7.41,19.39,0.0
UberX,rider_canceled,2025-04-05T09:01:39.000Z,,,0.0,0.0,,0.0,0.0
UberX,completed,2025-04-05T14:27:35.000Z,2025-04-05T14:34:10.000Z,2025-04-05T14:51:37.000Z,3.5630117699697497,1047.0,7.58,21.97,0.0
UberX,completed,2025-04-05T14:41:28.000Z,2025-04-05T14:52:01.000Z,2025-04-05T15:06:38.000Z,3.900735016296556,877.0,7.58,24.43,0.0
UberX,completed,2025-04-05T15:09:14.000Z,2025-04-05T15:19:25.000Z,2025-04-05T15:45:05.000Z,3.519662004292103,1540.0,7.58,25.19,0.0
UberX,completed,2025-04-05T15:35:44.000Z,2025-04-05T15:48:09.000Z,2025-04-05T16:02:07.000Z,3.133514736973264,838.0,7.58,22.96,0.0
UberX,completed,2025-04-05T16:08:35.000Z,2025-04-05T16:15:35.000Z,2025-04-05T16:31:48.000Z,4.978468873596781,973.0,7.92,24.96,0.0
UberX,completed,2025-04-05T16:26:35.000Z,2025-04-05T16:36:16.000Z,2025-04-05T16:41:03.000Z,1.2468603122352353,287.0,7.92,24.76,0.0
UberX,completed,2025-04-05T16:30:53.000Z,2025-04-05T16:53:59.000Z,2025-04-05T17:10:35.000Z,5.533831929453544,996.0,7.92,30.68,0.0
UberX,completed,2025-04-05T17:05:15.000Z,2025-04-05T17:15:11.000Z,2025-04-05T17:26:59.000Z,3.9978547076337336,708.0,7.92,24.95,0.0
UberX,completed,2025-04-05T17:25:35.000Z,2025-04-05T17:29:23.000Z,2025-04-05T17:40:11.000Z,3.233184591103777,648.0,7.92,20.92,0.0
UberX,completed,2025-04-05T17:35:06.000Z,2025-04-05T17:44:39.000Z,2025-04-05T17:58:25.000Z,4.0860740099092645,826.0,7.92,25.14,0.0
UberX,completed,2025-04-05T17:54:44.000Z,2025-04-05T18:03:14.000Z,2025-04-05T18:13:10.000Z,1.8958789171759889,596.0,7.92,17.94,0.0
UberX,completed,2025-04-05T18:13:24.000Z,2025-04-05T18:17:14.000Z,2025-04-05T18:43:52.000Z,9.587467142352688,1598.0,7.92,53.79,0.0
UberX,completed,2025-04-05T18:43:00.000Z,2025-04-05T19:10:40.000Z,2025-04-05T19:28:16.000Z,4.656148996928627,1024.0,7.92,27.97,0.0
UberX,completed,2025-04-06T06:10:21.000Z,2025-04-06T06:17:23.000Z,2025-04-06T06:37:19.000Z,8.498083236977923,1196.0,7.41,40.05,0.0
UberX,completed,2025-04-06T06:43:28.000Z,2025-04-06T07:03:04.000Z,2025-04-06T07:15:19.000Z,4.701695595762983,735.0,7.41,26.92,0.0
UberX,completed,2025-04-06T07:17:07.000Z,2025-04-06T07:40:47.000Z,2025-04-06T08:12:40.000Z,16.552740338410572,1906.0,7.41,97.11,0.0
UberX,completed,2025-04-06T08:02:47.000Z,2025-04-06T08:25:26.000Z,2025-04-06T08:29:36.000Z,0.8963736048948279,223.0,7.41,35.43,0.0
UberX,rider_canceled,2025-04-06T08:24:48.000Z,,,0.0,0.0,,0.0,0.0
UberX,completed,2025-04-06T08:34:20.000Z,2025-04-06T08:48:44.000Z,2025-04-06T08:58:51.000Z,2.315884073468573,607.0,7.41,36.23,0.0
UberX,rider_canceled,2025-04-06T08:53:25.000Z,,,0.0,0.0,,7.26,0.0
UberX,completed,2025-04-06T09:01:24.000Z,2025-04-06T09:05:32.000Z,2025-04-06T09:15:16.000Z,3.2447213460036632,560.0,7.58,41.92,0.0
UberX,completed,2025-04-06T09:10:26.000Z,2025-04-06T09:17:54.000Z,2025-04-06T09:32:46.000Z,5.784815642225649,882.0,7.58,30.86,0.0
UberX,completed,2025-04-06T09:37:49.000Z,2025-04-06T09:47:12.000Z,2025-04-06T10:02:46.000Z,1.2434216321820322,934.0,7.58,19.53,0.0
UberX,completed,2025-04-06T14:35:17.000Z,2025-04-06T14:57:29.000Z,2025-04-06T15:11:44.000Z,4.000677118786346,803.0,7.58,29.71,0.0
UberX,completed,2025-04-06T14:57:49.000Z,2025-04-06T15:17:59.000Z,2025-04-06T15:41:56.000Z,8.715242841544082,1437.0,7.58,53.52,0.0
UberX,completed,2025-04-06T15:40:41.000Z,2025-04-06T15:52:55.000Z,2025-04-06T16:18:28.000Z,7.646026836166039,1533.0,7.58,39.96,0.0
UberX,completed,2025-04-07T08:12:17.000Z,2025-04-07T08:18:36.000Z,2025-04-07T08:35:59.000Z,5.613518507068381,992.0,7.58,30.91,0.0
UberX,completed,2025-04-07T08:38:54.000Z,2025-04-07T08:52:34.000Z,2025-04-07T09:20:43.000Z,6.841067352419508,1675.0,7.58,35.52,0.0
UberX,completed,2025-04-07T09:18:46.000Z,2025-04-07T09:38:42.000Z,2025-04-07T09:55:37.000Z,4.861929929825276,994.0,7.41,26.92,0.0
UberX,completed,2025-04-07T10:41:47.000Z,2025-04-07T10:54:56.000Z,2025-04-07T11:11:49.000Z,2.756273776022834,1013.0,7.41,18.96,0.0
UberX,completed,2025-04-07T16:18:58.000Z,2025-04-07T16:29:58.000Z,2025-04-07T16:50:10.000Z,2.841584069726421,1212.0,7.58,25.97,0.0
UberX,completed,2025-04-07T16:49:35.000Z,2025-04-07T16:54:48.000Z,2025-04-07T17:09:56.000Z,2.5752994515782466,866.0,7.58,19.67,0.0
UberX,completed,2025-04-07T17:04:03.000Z,2025-04-07T17:14:18.000Z,2025-04-07T17:44:20.000Z,5.586519345178228,1802.0,7.58,31.94,0.0
UberX,completed,2025-04-08T14:43:41.000Z,2025-04-08T14:54:50.000Z,2025-04-08T15:17:35.000Z,3.7073887948756026,1365.0,7.04,28.44,0.0
UberX,completed,2025-04-08T15:24:20.000Z,2025-04-08T15:33:24.000Z,2025-04-08T16:00:21.000Z,2.534534611095789,1617.0,8.45,22.88,0.0
UberX,completed,2025-04-08T16:10:53.000Z,2025-04-08T16:15:22.000Z,2025-04-08T16:28:21.000Z,2.68094915,779.0,8.45,22.01,0.0
UberX,completed,2025-04-08T16:22:24.000Z,2025-04-08T16:32:42.000Z,2025-04-08T16:44:16.000Z,1.680627652842607,694.0,8.45,17.44,0.0
UberX,completed,2025-04-08T16:39:42.000Z,2025-04-08T16:49:44.000Z,2025-04-08T17:15:22.000Z,4.760282101219403,1538.0,8.45,32.91,0.0
UberX,rider_canceled,2025-04-08T17:10:15.000Z,,,0.0,0.0,,0.0,0.0
UberX,completed,2025-04-09T07:54:00.000Z,2025-04-09T08:04:30.000Z,2025-04-09T08:22:51.000Z,3.0173606308625454,1079.0,8.45,31.76,0.0
UberX,completed,2025-04-09T08:19:12.000Z,2025-04-09T08:28:08.000Z,2025-04-09T08:53:13.000Z,5.950962207793535,1505.0,8.45,39.97,0.0
UberX,completed,2025-04-09T08:57:10.000Z,2025-04-09T09:06:49.000Z,2025-04-09T09:17:51.000Z,3.514403518,662.0,8.45,25.46,0.0
UberX,completed,2025-04-09T09:19:52.000Z,2025-04-09T09:23:59.000Z,2025-04-09T09:41:25.000Z,5.742764509,1046.0,7.04,29.39,0.0
UberX,completed,2025-04-09T14:10:33.000Z,2025-04-09T14:18:27.000Z,2025-04-09T14:25:00.000Z,2.238582495108023,393.0,7.04,15.96,0.0
UberX,completed,2025-04-09T14:23:34.000Z,2025-04-09T14:35:42.000Z,2025-04-09T14:43:24.000Z,1.3578510820955303,446.0,7.04,13.29,0.0
UberX,completed,2025-04-09T14:43:30.000Z,2025-04-09T14:53:06.000Z,2025-04-09T15:02:10.000Z,1.551435033495889,521.0,7.04,15.65,0.0
UberX,completed,2025-04-09T14:53:23.000Z,2025-04-09T15:11:30.000Z,2025-04-09T15:47:29.000Z,4.176792801166802,2159.0,7.04,26.39,0.0
UberX,completed,2025-04-11T08:33:09.000Z,2025-04-11T08:40:24.000Z,2025-04-11T08:52:22.000Z,3.801419486136705,718.0,8.45,24.69,0.0
UberX,completed,2025-04-11T08:47:24.000Z,2025-04-11T08:56:50.000Z,2025-04-11T09:11:35.000Z,3.7776427740279264,885.0,8.45,26.27,0.0
UberX,completed,2025-04-11T09:10:59.000Z,2025-04-11T09:15:49.000Z,2025-04-11T09:26:11.000Z,1.760664018057325,622.0,7.04,13.9,0.0
UberX,completed,2025-04-11T09:24:21.000Z,2025-04-11T09:31:52.000Z,2025-04-11T09:55:52.000Z,5.38077786,1440.0,7.04,28.87,0.0
UberX,completed,2025-04-11T09:54:33.000Z,2025-04-11T10:03:57.000Z,2025-04-11T10:13:06.000Z,3.160563374550711,549.0,7.04,21.93,0.0
UberX,completed,2025-04-11T10:10:09.000Z,2025-04-11T10:17:00.000Z,2025-04-11T10:25:36.000Z,2.250727712055524,516.0,7.04,15.15,0.0
UberX,completed,2025-04-11T10:30:13.000Z,2025-04-11T10:37:48.000Z,2025-04-11T11:09:32.000Z,6.259993274830336,1904.0,7.04,33.45,0.0
UberX,rider_canceled,2025-04-11T15:44:55.000Z,,,0.0,0.0,,0.0,0.0
UberX,completed,2025-04-11T15:47:00.000Z,2025-04-11T15:50:38.000Z,2025-04-11T15:53:20.000Z,0.5048017902477201,137.0,8.45,29.78,0.0
UberX,completed,2025-04-11T15:53:26.000Z,2025-04-11T16:13:56.000Z,2025-04-11T16:34:21.000Z,1.5329981714928305,1167.0,8.45,28.56,0.0
UberX,completed,2025-04-11T16:30:29.000Z,2025-04-11T16:42:31.000Z,2025-04-11T17:01:13.000Z,1.864042365005247,1122.0,8.45,25.94,0.0
UberX,completed,2025-04-11T16:50:38.000Z,2025-04-11T17:04:18.000Z,2025-04-11T17:17:20.000Z,2.6122343108133537,782.0,8.45,24.22,0.0
UberX,completed,2025-04-11T17:49:18.000Z,2025-04-11T17:55:37.000Z,2025-04-11T18:09:58.000Z,2.600881261178217,861.0,8.45,22.01,0.0
UberX,completed,2025-04-11T18:07:53.000Z,2025-04-11T18:13:27.000Z,2025-04-11T18:30:39.000Z,4.03854295,1032.0,8.45,26.98,0.0
UberX,completed,2025-04-11T18:26:45.000Z,2025-04-11T18:37:04.000Z,2025-04-11T18:53:29.000Z,6.378499387846556,985.0,8.45,36.51,0.0
UberX,completed,2025-04-11T18:47:37.000Z,2025-04-11T18:58:32.000Z,2025-04-11T19:09:00.000Z,1.2910716251392724,628.0,8.45,15.99,0.0
UberX,completed,2025-04-12T06:24:15.000Z,2025-04-12T06:29:33.000Z,2025-04-12T06:48:03.000Z,5.809333763254783,1110.0,8.45,35.61,0.0
UberX,rider_canceled,2025-04-12T06:52:14.000Z,,,0.0,0.0,,0.0,0.0
UberX,completed,2025-04-12T06:59:24.000Z,2025-04-12T07:05:09.000Z,2025-04-12T07:34:25.000Z,8.253747576838663,1726.0,8.45,47.21,0.0
UberX,completed,2025-04-12T07:34:13.000Z,2025-04-12T07:47:46.000Z,2025-04-12T08:03:58.000Z,4.753595325,972.0,7.04,26.03,0.0
UberX,completed,2025-04-12T08:25:52.000Z,2025-04-12T08:40:25.000Z,2025-04-12T08:52:49.000Z,2.875286590811235,696.0,7.04,16.72,0.0
UberX,rider_canceled,2025-04-12T08:42:34.000Z,,,0.0,0.0,,0.0,0.0
UberX,completed,2025-04-12T08:44:29.000Z,2025-04-12T08:57:01.000Z,2025-04-12T09:04:31.000Z,1.554977229494441,450.0,7.04,30.1,0.0
UberX,completed,2025-04-12T08:59:59.000Z,2025-04-12T09:07:45.000Z,2025-04-12T09:19:03.000Z,1.7274722632264303,678.0,7.04,16.81,0.0
UberX,completed,2025-04-12T15:18:46.000Z,2025-04-12T15:25:55.000Z,2025-04-12T15:41:20.000Z,3.255245179683441,870.0,7.04,20.41,0.0
UberX,completed,2025-04-12T15:38:13.000Z,2025-04-12T15:43:49.000Z,2025-04-12T15:54:37.000Z,3.4037850327074493,641.0,7.04,19.9,0.0
UberX,completed,2025-04-13T06:42:17.000Z,2025-04-13T06:46:57.000Z,2025-04-13T06:58:56.000Z,3.8722641224878673,691.0,8.45,26.98,0.0
UberX,completed,2025-04-13T07:06:00.000Z,2025-04-13T07:22:08.000Z,2025-04-13T07:31:05.000Z,3.149894331055025,518.0,7.04,24.19,0.0
UberX,completed,2025-04-13T07:29:38.000Z,2025-04-13T07:38:46.000Z,2025-04-13T07:53:33.000Z,3.4359421066041764,887.0,7.04,21.96,0.0
UberX,completed,2025-04-13T07:48:07.000Z,2025-04-13T08:03:33.000Z,2025-04-13T08:13:23.000Z,2.733500461189728,590.0,7.04,16.94,0.0
UberX,completed,2025-04-13T08:10:43.000Z,2025-04-13T08:16:53.000Z,2025-04-13T08:34:48.000Z,6.447394731307419,1075.0,7.04,31.03,0.0
UberX,completed,2025-04-13T08:30:05.000Z,2025-04-13T08:40:30.000Z,2025-04-13T08:58:28.000Z,5.939832446847416,1078.0,7.04,28.92,0.0
UberX,completed,2025-04-13T09:06:55.000Z,2025-04-13T09:16:57.000Z,2025-04-13T09:43:52.000Z,9.4966708,1615.0,7.04,48.48,0.0
UberX,completed,2025-04-13T09:40:08.000Z,2025-04-13T09:55:33.000Z,2025-04-13T10:24:09.000Z,9.602004849164423,1716.0,7.04,51.55,0.0
UberX,completed,2025-04-14T06:41:14.000Z,2025-04-14T06:50:26.000Z,2025-04-14T07:05:38.000Z,2.7859833456552776,912.0,7.04,18.98,0.0
UberX,completed,2025-04-14T07:07:37.000Z,2025-04-14T07:17:25.000Z,2025-04-14T07:47:09.000Z,4.267323509132583,1784.0,8.45,32.21,0.0
UberX,rider_canceled,2025-04-14T07:26:21.000Z,,,0.0,0.0,,0.0,0.0
UberX,completed,2025-04-14T07:36:21.000Z,2025-04-14T07:50:17.000Z,2025-04-14T08:13:03.000Z,5.997133930224573,1366.0,8.45,49.61,0.0
UberX,completed,2025-04-14T08:12:47.000Z,2025-04-14T08:20:02.000Z,2025-04-14T08:41:46.000Z,3.810799191560724,1304.0,8.45,28.6,0.0
UberX,completed,2025-04-14T08:37:04.000Z,2025-04-14T08:57:03.000Z,2025-04-14T09:13:35.000Z,4.313135648945502,992.0,8.45,28.08,0.0
UberX,completed,2025-04-14T09:17:38.000Z,2025-04-14T09:23:18.000Z,2025-04-14T09:40:31.000Z,2.2370355572599703,1033.0,7.04,18.91,0.0
UberX,completed,2025-04-14T15:25:47.000Z,2025-04-14T15:38:26.000Z,2025-04-14T15:55:06.000Z,2.4563879262077557,1000.0,8.45,26.96,0.0
UberX,completed,2025-04-14T15:56:08.000Z,2025-04-14T16:04:23.000Z,2025-04-14T16:22:33.000Z,3.663650725881409,1090.0,8.45,28.14,0.0
UberX,completed,2025-04-14T16:11:32.000Z,2025-04-14T16:29:12.000Z,2025-04-14T16:41:33.000Z,2.4789977015468527,741.0,8.45,21.61,0.0
UberX,completed,2025-04-14T16:31:55.000Z,2025-04-14T16:57:57.000Z,2025-04-14T17:13:31.000Z,3.057511780543754,934.0,8.45,36.96,0.0
UberX,completed,2025-04-14T17:33:42.000Z,2025-04-14T17:39:40.000Z,2025-04-14T18:02:06.000Z,6.243431955327819,1346.0,8.45,39.12,0.0
UberX,completed,2025-04-14T17:57:37.000Z,2025-04-14T18:02:16.000Z,2025-04-14T18:20:43.000Z,6.687682111536861,1017.0,8.45,31.91,0.0
UberX,completed,2025-04-14T18:39:40.000Z,2025-04-14T18:43:25.000Z,2025-04-14T18:59:06.000Z,2.8071210121564536,941.0,8.45,22.96,0.0
UberX,completed,2025-04-15T07:15:26.000Z,2025-04-15T07:25:15.000Z,2025-04-15T07:48:31.000Z,9.020694279404536,1396.0,8.45,50.59,0.0
UberX,completed,2025-04-15T07:42:44.000Z,2025-04-15T08:13:41.000Z,2025-04-15T08:41:21.000Z,6.746272619880243,1660.0,8.45,44.92,0.0
UberX,completed,2025-04-15T08:43:31.000Z,2025-04-15T09:04:51.000Z,2025-04-15T09:23:21.000Z,3.832242136763493,1110.0,8.45,39.31,0.0
UberX,rider_canceled,2025-04-15T09:22:54.000Z,,,0.0,0.0,,0.0,0.0
UberX,completed,2025-04-15T09:26:09.000Z,2025-04-15T09:32:21.000Z,2025-04-15T09:51:17.000Z,4.145961971067265,1136.0,7.04,23.88,0.0
UberX,completed,2025-04-15T09:45:29.000Z,2025-04-15T10:01:49.000Z,2025-04-15T10:29:44.000Z,8.181608206668145,1649.0,7.04,43.39,0.0
UberX,completed,2025-04-15T10:34:26.000Z,2025-04-15T10:45:07.000Z,2025-04-15T10:59:49.000Z,4.655662743144675,882.0,7.04,24.09,0.0
UberX,completed,2025-04-16T07:04:59.000Z,2025-04-16T07:11:26.000Z,2025-04-16T07:19:16.000Z,1.6202660241196178,470.0,8.45,21.76,0.0
UberX,completed,2025-04-16T07:11:06.000Z,2025-04-16T07:26:58.000Z,2025-04-16T07:32:29.000Z,1.6846857723724062,331.0,8.45,16.2,0.0
UberX,completed,2025-04-16T07:34:35.000Z,2025-04-16T07:39:43.000Z,2025-04-16T07:43:09.000Z,1.236467971,206.0,8.45,13.99,0.0
UberX,completed,2025-04-16T07:42:32.000Z,2025-04-16T07:48:34.000Z,2025-04-16T08:02:12.000Z,4.1630919684600975,818.0,8.45,43.99,0.0
UberX,completed,2025-04-16T07:53:38.000Z,2025-04-16T08:03:25.000Z,2025-04-16T08:38:54.000Z,8.7734486,2129.0,8.45,45.8,0.0
UberX,completed,2025-04-16T08:34:03.000Z,2025-04-16T08:48:11.000Z,2025-04-16T09:17:03.000Z,4.771083701715322,1732.0,8.45,37.97,0.0
UberX,completed,2025-04-16T15:24:46.000Z,2025-04-16T15:30:34.000Z,2025-04-16T15:44:32.000Z,2.2384936083059124,838.0,8.45,22.98,0.0
UberX,rider_canceled,2025-04-16T15:32:42.000Z,,,0.0,0.0,,0.0,0.0
UberX,rider_canceled,2025-04-16T15:35:39.000Z,,,0.0,0.0,,0.0,0.0
UberX,completed,2025-04-16T15:39:22.000Z,2025-04-16T15:47:28.000Z,2025-04-16T16:01:48.000Z,2.275925019,860.0,8.45,23.98,0.0
UberX,completed,2025-04-16T15:56:21.000Z,2025-04-16T16:27:31.000Z,2025-04-16T16:59:04.000Z,5.077320890773255,1893.0,8.45,36.05,0.0
UberX,completed,2025-04-16T16:50:19.000Z,2025-04-16T17:12:44.000Z,2025-04-16T17:29:20.000Z,2.9759323424587203,996.0,8.45,22.09,0.0
UberX,rider_canceled,2025-04-16T17:39:28.000Z,,,0.0,0.0,,0.0,0.0
UberX,completed,2025-04-16T17:42:21.000Z,2025-04-16T17:52:40.000Z,2025-04-16T18:05:24.000Z,3.479078336426571,754.0,8.45,25.3,0.0
UberX,completed,2025-04-16T17:52:03.000Z,2025-04-16T18:11:27.000Z,2025-04-16T18:23:14.000Z,2.451794087882123,707.0,8.45,22.95,0.0
UberX,completed,2025-04-16T18:23:56.000Z,2025-04-16T18:40:12.000Z,2025-04-16T18:52:31.000Z,1.856648161,739.0,8.45,16.97,0.0
UberX,completed,2025-04-18T08:17:17.000Z,2025-04-18T08:26:07.000Z,2025-04-18T08:44:38.000Z,6.274477759876307,1111.0,8.45,34.98,0.0
UberX,completed,2025-04-18T08:41:02.000Z,2025-04-18T08:52:11.000Z,2025-04-18T09:04:03.000Z,2.554308979995456,712.0,8.45,20.71,0.0
UberX,completed,2025-04-18T09:16:24.000Z,2025-04-18T09:30:13.000Z,2025-04-18T09:44:00.000Z,4.158168543777814,827.0,7.04,23.95,0.0
UberX,completed,2025-04-18T14:16:45.000Z,2025-04-18T14:24:09.000Z,2025-04-18T14:42:51.000Z,4.026920225585426,1122.0,7.04,28.95,0.0
UberX,completed,2025-04-18T14:24:46.000Z,2025-04-18T14:51:54.000Z,2025-04-18T14:59:36.000Z,2.4662843137735653,449.0,7.04,19.07,0.0
UberX,completed,2025-04-18T14:56:20.000Z,2025-04-18T15:09:31.000Z,2025-04-18T15:59:45.000Z,6.1915851804263005,2996.0,7.04,44.98,0.0
UberX,completed,2025-04-18T15:59:15.000Z,2025-04-18T16:03:19.000Z,2025-04-18T16:13:33.000Z,1.571270695775222,604.0,8.45,17.83,0.0
UberX,completed,2025-04-18T16:38:19.000Z,2025-04-18T16:49:35.000Z,2025-04-18T17:11:08.000Z,4.823672863,1165.0,8.45,29.23,0.0
UberX,completed,2025-04-18T17:11:48.000Z,2025-04-18T17:19:37.000Z,2025-04-18T17:41:45.000Z,6.959549944690926,1328.0,8.45,40.1,0.0
UberX,completed,2025-04-18T17:57:45.000Z,2025-04-18T18:04:41.000Z,2025-04-18T18:27:22.000Z,7.372880473,1323.0,8.45,41.01,0.0
UberX,completed,2025-04-19T06:51:13.000Z,2025-04-19T06:53:54.000Z,2025-04-19T07:04:46.000Z,3.0512601521805265,626.0,8.45,23.89,0.0
UberX,completed,2025-04-19T07:03:31.000Z,2025-04-19T07:16:24.000Z,2025-04-19T07:38:47.000Z,7.989507802,1343.0,7.04,37.41,0.0
UberX,completed,2025-04-19T07:45:59.000Z,2025-04-19T07:55:48.000Z,2025-04-19T08:06:13.000Z,3.3746933536180643,625.0,7.04,21.66,0.0
UberX,completed,2025-04-19T08:17:12.000Z,2025-04-19T08:23:14.000Z,2025-04-19T08:36:19.000Z,4.769232904444026,785.0,7.04,24.83,0.0
UberX,completed,2025-04-19T08:35:59.000Z,2025-04-19T08:44:50.000Z,2025-04-19T09:14:06.000Z,7.630092920644052,1756.0,7.04,38.78,0.0
UberX,completed,2025-04-19T09:20:24.000Z,2025-04-19T09:26:27.000Z,2025-04-19T09:48:03.000Z,6.185055324824781,1296.0,7.04,32.9,0.0
UberX,completed,2025-04-19T11:08:52.000Z,2025-04-19T11:17:46.000Z,2025-04-19T11:30:10.000Z,2.6697757796278774,744.0,7.04,18.97,0.0
UberX,completed,2025-04-19T11:24:15.000Z,2025-04-19T11:37:30.000Z,2025-04-19T11:54:12.000Z,5.56320769,1002.0,7.04,28.14,0.0
UberX,completed,2025-04-19T11:42:26.000Z,2025-04-19T12:02:53.000Z,2025-04-19T12:15:17.000Z,3.19369651160732,708.0,7.04,18.65,0.0
UberX,rider_canceled,2025-04-19T12:10:58.000Z,,,0.0,0.0,,0.0,0.0
UberX,completed,2025-04-19T12:16:08.000Z,2025-04-19T12:30:24.000Z,2025-04-19T12:39:20.000Z,2.5405100555972133,536.0,7.04,17.25,0.0
UberX,completed,2025-04-19T12:52:55.000Z,2025-04-19T13:04:08.000Z,2025-04-19T13:14:56.000Z,1.988635786997232,648.0,7.04,19.93,0.0
UberX,completed,2025-04-19T13:13:42.000Z,2025-04-19T13:21:29.000Z,2025-04-19T13:44:28.000Z,6.982399115974668,1379.0,7.04,34.06,0.0
UberX,completed,2025-04-19T13:44:05.000Z,2025-04-19T13:53:33.000Z,2025-04-19T14:15:31.000Z,7.833350772185975,1318.0,7.04,38.96,0.0
UberX,completed,2025-04-19T15:02:12.000Z,2025-04-19T15:10:11.000Z,2025-04-19T15:28:11.000Z,5.105545608207202,1080.0,7.04,27.97,0.0
UberX,completed,2025-04-23T07:05:54.000Z,2025-04-23T07:08:30.000Z,2025-04-23T07:26:36.000Z,2.8573476984244266,1053.0,8.45,25.09,0.0
UberX,completed,2025-04-23T07:21:04.000Z,2025-04-23T07:38:22.000Z,2025-04-23T07:49:22.000Z,2.3922793312746857,660.0,8.45,20.63,0.0
UberX,completed,2025-04-23T07:37:59.000Z,2025-04-23T07:54:34.000Z,2025-04-23T08:14:44.000Z,4.823926203448407,1153.0,8.45,33.44,0.0
UberX,rider_canceled,2025-04-23T08:03:06.000Z,,,0.0,0.0,,0.0,0.0
UberX,completed,2025-04-23T08:11:32.000Z,2025-04-23T08:23:08.000Z,2025-04-23T08:57:25.000Z,16.093688929514368,2057.0,8.45,103.49,0.0
UberX,completed,2025-04-23T09:11:54.000Z,2025-04-23T09:24:11.000Z,2025-04-23T09:46:36.000Z,5.479505427838552,1345.0,7.04,29.39,0.0
UberX,completed,2025-04-23T13:28:26.000Z,2025-04-23T13:33:33.000Z,2025-04-23T13:50:19.000Z,4.346256259584703,1006.0,7.04,24.35,0.0
UberX,completed,2025-04-23T14:06:43.000Z,2025-04-23T14:11:48.000Z,2025-04-23T14:24:32.000Z,2.779382479,764.0,7.04,18.0,0.0
UberX,completed,2025-04-23T14:15:39.000Z,2025-04-23T14:24:46.000Z,2025-04-23T14:55:16.000Z,3.9016847576951856,1830.0,7.04,26.81,0.0
UberX,completed,2025-04-24T16:22:10.000Z,2025-04-24T16:27:07.000Z,2025-04-24T16:40:01.000Z,2.136768927637052,774.0,8.45,21.55,0.0
UberX,rider_canceled,2025-04-24T16:28:29.000Z,,,0.0,0.0,,0.0,0.0
UberX,completed,2025-04-24T16:47:29.000Z,2025-04-24T16:53:45.000Z,2025-04-24T17:07:10.000Z,2.0798571387005773,805.0,8.45,21.0,0.0
UberX,completed,2025-04-24T17:07:52.000Z,2025-04-24T17:12:10.000Z,2025-04-24T17:18:23.000Z,1.0694094697061671,373.0,8.45,15.91,0.0
UberX,rider_canceled,2025-04-24T17:13:32.000Z,,,0.0,0.0,,0.0,0.0
UberX,completed,2025-04-24T17:19:20.000Z,2025-04-24T17:24:29.000Z,2025-04-24T17:39:14.000Z,2.016713743082922,885.0,8.45,19.81,0.0
UberX,completed,2025-04-24T17:32:48.000Z,2025-04-24T17:47:22.000Z,2025-04-24T18:00:31.000Z,1.8188308736153995,789.0,8.45,18.17,0.0
UberX,rider_canceled,2025-04-25T07:33:36.000Z,,,0.0,0.0,,0.0,0.0
UberX,completed,2025-04-25T08:22:15.000Z,2025-04-25T08:33:52.000Z,2025-04-25T08:53:24.000Z,5.301795818714092,1172.0,8.45,32.09,0.0
UberX,rider_canceled,2025-04-25T08:41:51.000Z,,,0.0,0.0,,0.0,0.0
UberX,rider_canceled,2025-04-25T08:49:20.000Z,,,0.0,0.0,,0.0,0.0
UberX,completed,2025-04-25T10:05:12.000Z,2025-04-25T10:14:27.000Z,2025-04-25T10:25:31.000Z,2.1386011118867088,664.0,7.04,16.48,0.0
UberX,completed,2025-04-25T14:03:42.000Z,2025-04-25T14:08:03.000Z,2025-04-25T14:28:41.000Z,4.329817568446509,1238.0,7.04,26.9,0.0
UberX,completed,2025-04-25T14:25:31.000Z,2025-04-25T14:33:18.000Z,2025-04-25T14:47:45.000Z,2.645544219899105,867.0,7.04,19.16,0.0
UberX,completed,2025-04-25T14:42:48.000Z,2025-04-25T14:52:39.000Z,2025-04-25T15:15:19.000Z,5.229185807960872,1360.0,7.04,55.04,0.0
UberX,completed,2025-04-25T15:16:43.000Z,2025-04-25T15:29:40.000Z,2025-04-25T15:47:13.000Z,5.440139491865634,1053.0,8.45,35.05,0.0
UberX,completed,2025-04-25T15:40:50.000Z,2025-04-25T15:49:35.000Z,2025-04-25T16:00:38.000Z,1.9215371664248064,663.0,8.45,18.2,0.0
UberX,completed,2025-04-25T15:53:57.000Z,2025-04-25T16:09:19.000Z,2025-04-25T16:31:18.000Z,4.040967361393601,1319.0,8.45,37.25,0.0
UberX,completed,2025-04-25T16:27:40.000Z,2025-04-25T16:36:42.000Z,2025-04-25T16:50:46.000Z,3.3262814220533303,844.0,8.45,34.45,0.0
UberX,completed,2025-04-25T16:49:31.000Z,2025-04-25T16:55:33.000Z,2025-04-25T17:12:14.000Z,2.0342305398026927,1001.0,8.45,18.18,0.0
UberX,completed,2025-04-25T17:15:15.000Z,2025-04-25T17:20:20.000Z,2025-04-25T17:33:53.000Z,3.553800875420495,781.0,8.45,25.88,0.0
UberX,completed,2025-04-26T07:30:33.000Z,2025-04-26T07:40:51.000Z,2025-04-26T07:54:23.000Z,3.786317062921273,776.0,7.04,23.23,0.0
UberX,completed,2025-04-26T07:52:08.000Z,2025-04-26T08:09:47.000Z,2025-04-26T08:42:01.000Z,11.72919016615341,1921.0,7.04,54.19,0.0
UberX,completed,2025-04-26T08:51:39.000Z,2025-04-26T08:59:57.000Z,2025-04-26T09:12:22.000Z,3.938590131209186,745.0,7.04,21.9,0.0
UberX,completed,2025-04-26T15:31:27.000Z,2025-04-26T15:38:19.000Z,2025-04-26T15:49:46.000Z,1.6873832377724904,687.0,7.04,16.2,0.0
UberX,rider_canceled,2025-04-26T15:44:59.000Z,,,0.0,0.0,,5.0,4.63
UberX,completed,2025-04-26T15:49:49.000Z,2025-04-26T16:02:40.000Z,2025-04-26T16:11:47.000Z,1.6621747500312398,547.0,7.04,15.7,0.0
UberX,completed,2025-04-26T16:07:13.000Z,2025-04-26T16:13:51.000Z,2025-04-26T16:37:59.000Z,5.045657086263969,1436.0,7.04,29.22,0.0
UberX,completed,2025-04-26T16:29:17.000Z,2025-04-26T16:50:27.000Z,2025-04-26T17:18:03.000Z,9.972542700644636,1656.0,7.04,50.9,0.0
UberX,completed,2025-04-26T17:15:13.000Z,2025-04-26T17:22:27.000Z,2025-04-26T17:44:52.000Z,5.692904550783681,1345.0,7.04,28.74,0.0
UberX,completed,2025-04-26T17:36:40.000Z,2025-04-26T17:54:23.000Z,2025-04-26T18:03:43.000Z,2.4352162938183426,541.0,7.04,15.06,0.0
UberX,completed,2025-04-26T18:18:12.000Z,2025-04-26T18:24:34.000Z,2025-04-26T18:38:34.000Z,2.7708729120557134,840.0,7.04,18.03,0.0
UberX,completed,2025-04-26T18:32:04.000Z,2025-04-26T18:44:15.000Z,2025-04-26T18:55:58.000Z,2.595323072260086,703.0,7.04,17.39,0.0
UberX,rider_canceled,2025-04-26T18:55:26.000Z,,,0.0,0.0,,0.0,0.0
UberX,completed,2025-04-26T19:08:02.000Z,2025-04-26T19:08:58.000Z,2025-04-26T19:23:20.000Z,4.890422668654976,862.0,7.04,35.24,0.0
UberX,completed,2025-04-26T19:21:05.000Z,2025-04-26T19:28:55.000Z,2025-04-26T19:36:58.000Z,2.220030895,444.0,7.04,31.88,0.0
UberX,completed,2025-04-26T19:32:58.000Z,2025-04-26T19:44:11.000Z,2025-04-26T19:47:47.000Z,0.934491918,216.0,7.04,14.95,0.0
UberX,rider_canceled,2025-04-26T19:35:32.000Z,,,0.0,0.0,,0.0,0.0
UberX,completed,2025-04-26T19:48:20.000Z,2025-04-26T20:01:23.000Z,2025-04-26T20:22:19.000Z,6.4965220500372265,1242.0,7.04,31.63,0.0
UberX,completed,2025-04-26T20:24:45.000Z,2025-04-26T20:37:33.000Z,2025-04-26T20:50:29.000Z,5.546931477169524,776.0,7.04,28.65,0.0
UberX,completed,2025-04-27T00:46:15.000Z,2025-04-27T00:57:46.000Z,2025-04-27T01:15:30.000Z,5.880112363992541,1064.0,8.45,50.25,0.0
UberX,completed,2025-04-27T00:50:14.000Z,2025-04-27T01:24:39.000Z,2025-04-27T01:39:42.000Z,5.375122800680549,903.0,8.45,40.78,0.0
UberX,driver_canceled,2025-04-27T01:19:23.000Z,,,0.0,0.0,,6.49,0.0
UberX,completed,2025-04-27T06:41:53.000Z,2025-04-27T06:46:56.000Z,2025-04-27T06:55:13.000Z,2.0838143819978034,497.0,8.45,19.35,0.0
UberX,completed,2025-04-27T06:50:17.000Z,2025-04-27T06:56:37.000Z,2025-04-27T07:04:51.000Z,2.179657713845201,494.0,8.45,20.05,0.0
UberX,completed,2025-04-27T07:51:30.000Z,2025-04-27T08:09:13.000Z,2025-04-27T08:23:18.000Z,5.014035540373894,845.0,7.04,28.12,0.0
UberX,rider_canceled,2025-04-27T08:18:12.000Z,,,0.0,0.0,,0.0,0.0
UberX,rider_canceled,2025-04-27T08:20:52.000Z,,,0.0,0.0,,0.0,0.0
UberX,completed,2025-04-27T08:24:17.000Z,2025-04-27T08:38:31.000Z,2025-04-27T08:56:40.000Z,3.666173854024496,1062.0,7.04,24.98,0.0
UberX,completed,2025-04-28T08:25:06.000Z,2025-04-28T08:40:44.000Z,2025-04-28T08:55:02.000Z,3.1896335496130392,858.0,8.45,24.35,0.0
UberX,completed,2025-04-28T08:48:26.000Z,2025-04-28T09:01:07.000Z,2025-04-28T09:15:33.000Z,2.5211929349556312,866.0,8.45,21.35,0.0
UberX,completed,2025-04-28T09:51:47.000Z,2025-04-28T10:01:13.000Z,2025-04-28T10:14:15.000Z,1.4173295427526162,782.0,7.04,13.65,0.0
UberX,completed,2025-04-28T10:13:51.000Z,2025-04-28T10:25:36.000Z,2025-04-28T10:32:47.000Z,1.9804624423974568,431.0,7.04,15.56,0.0
UberX,completed,2025-04-28T16:00:52.000Z,2025-04-28T16:16:43.000Z,2025-04-28T16:43:16.000Z,3.730425565503313,1542.0,8.45,31.26,0.0
UberX,completed,2025-04-28T17:39:22.000Z,2025-04-28T17:49:19.000Z,2025-04-28T18:21:08.000Z,7.092216330351194,1909.0,8.45,38.94,0.0
UberX,completed,2025-04-29T12:23:17.000Z,2025-04-29T12:30:21.000Z,2025-04-29T12:43:36.000Z,4.011930964084858,795.0,7.04,22.65,0.0
UberX,completed,2025-04-29T13:17:48.000Z,2025-04-29T13:23:52.000Z,2025-04-29T13:44:13.000Z,5.052800543,1221.0,7.04,29.21,0.0
UberX,completed,2025-04-29T13:43:46.000Z,2025-04-29T13:47:20.000Z,2025-04-29T13:52:38.000Z,1.184139407739544,306.0,7.04,13.27,0.0
UberX,completed,2025-04-29T13:49:48.000Z,2025-04-29T13:54:05.000Z,2025-04-29T14:04:48.000Z,2.214809242,621.0,7.04,16.52,0.0
UberX,completed,2025-04-29T14:03:29.000Z,2025-04-29T14:11:17.000Z,2025-04-29T14:28:55.000Z,1.9599378449336389,1058.0,7.04,17.37,0.0
UberX,rider_canceled,2025-04-29T14:20:35.000Z,,,0.0,0.0,,0.0,0.0
UberX,rider_canceled,2025-04-29T14:26:59.000Z,,,0.0,0.0,,0.0,0.0
UberX,completed,2025-04-29T14:27:49.000Z,2025-04-29T14:34:28.000Z,2025-04-29T14:48:12.000Z,2.60521829732804,824.0,7.04,19.64,0.0
UberX,completed,2025-04-29T14:47:11.000Z,2025-04-29T14:51:58.000Z,2025-04-29T15:05:57.000Z,3.067675571397246,834.0,7.04,20.2,0.0
UberX,completed,2025-04-29T15:09:30.000Z,2025-04-29T15:18:24.000Z,2025-04-29T15:46:10.000Z,4.783507038641673,1666.0,8.45,35.39,0.0
UberX,completed,2025-04-29T17:05:03.000Z,2025-04-29T17:10:14.000Z,2025-04-29T17:28:45.000Z,3.033925716662895,1111.0,8.45,24.97,0.0
UberX,completed,2025-04-30T14:02:37.000Z,2025-04-30T14:21:36.000Z,2025-04-30T14:49:03.000Z,6.156574936983497,1647.0,7.04,32.99,0.0
UberX,completed,2025-04-30T14:51:27.000Z,2025-04-30T15:03:57.000Z,2025-04-30T15:18:05.000Z,2.240164200888434,848.0,7.04,21.2,0.0
UberX,completed,2025-04-30T15:12:01.000Z,2025-04-30T15:29:34.000Z,2025-04-30T16:00:25.000Z,6.331981575887403,1745.0,8.45,39.71,0.0
UberX,completed,2025-04-30T15:57:53.000Z,2025-04-30T16:06:09.000Z,2025-04-30T16:09:58.000Z,0.9761737334871768,229.0,8.45,15.29,0.0
UberX,completed,2025-04-30T16:06:15.000Z,2025-04-30T16:11:27.000Z,2025-04-30T16:29:04.000Z,1.45784180658855,1057.0,8.45,18.01,0.0
UberX,rider_canceled,2025-04-30T16:14:09.000Z,,,0.0,0.0,,0.0,0.0
UberX,completed,2025-04-30T16:15:06.000Z,2025-04-30T16:38:18.000Z,2025-04-30T17:12:56.000Z,9.301674837,2078.0,8.45,78.22,0.0
UberX,completed,2025-04-30T17:04:23.000Z,2025-04-30T17:16:17.000Z,2025-04-30T17:32:50.000Z,5.482428088353079,993.0,8.45,31.29,0.0
UberX,completed,2025-04-30T17:59:15.000Z,2025-04-30T18:08:38.000Z,2025-04-30T18:24:31.000Z,4.236796456648199,953.0,8.45,26.93,0.0
UberX,completed,2025-04-30T18:24:30.000Z,2025-04-30T18:27:27.000Z,2025-04-30T18:33:53.000Z,2.2322484019635582,386.0,8.45,19.21,0.0
UberX,completed,2025-04-30T18:33:36.000Z,2025-04-30T18:37:02.000Z,2025-04-30T18:45:00.000Z,2.516283763294995,478.0,8.45,20.03,0.0
UberX,completed,2025-05-02T06:44:05.000Z,2025-05-02T06:52:11.000Z,2025-05-02T06:55:51.000Z,0.9627181494931174,220.0,7.04,11.5,0.0
UberX,completed,2025-05-02T06:52:15.000Z,2025-05-02T07:03:03.000Z,2025-05-02T07:16:38.000Z,4.045099211535482,815.0,7.04,26.82,0.0
UberX,completed,2025-05-02T07:08:13.000Z,2025-05-02T07:17:34.000Z,2025-05-02T07:32:56.000Z,6.653772942602121,922.0,8.45,35.89,0.0
UberX,completed,2025-05-02T07:52:46.000Z,2025-05-02T07:57:20.000Z,2025-05-02T08:31:02.000Z,10.808881015983047,1882.0,8.45,67.3,0.0
UberX,completed,2025-05-02T08:38:25.000Z,2025-05-02T08:50:52.000Z,2025-05-02T09:14:25.000Z,7.799813778301631,1380.0,8.45,49.39,0.0
UberX,completed,2025-05-02T09:34:28.000Z,2025-05-02T09:46:58.000Z,2025-05-02T10:11:28.000Z,3.538629968939957,1470.0,7.04,21.06,0.0
UberX,rider_canceled,2025-05-02T09:52:39.000Z,,,0.0,0.0,,0.0,0.0
UberX,completed,2025-05-02T10:08:21.000Z,2025-05-02T10:19:43.000Z,2025-05-02T10:29:20.000Z,2.766546885249601,577.0,7.04,17.61,0.0
UberX,rider_canceled,2025-05-02T10:23:40.000Z,,,0.0,0.0,,0.0,0.0
UberX,completed,2025-05-02T10:29:26.000Z,2025-05-02T10:31:25.000Z,2025-05-02T10:54:21.000Z,6.817914242200051,1376.0,7.04,31.22,0.0
UberX,completed,2025-05-02T10:49:13.000Z,2025-05-02T10:59:20.000Z,2025-05-02T11:21:45.000Z,6.048609566311904,1345.0,7.04,30.88,0.0
UberX,completed,2025-05-02T11:17:15.000Z,2025-05-02T11:30:27.000Z,2025-05-02T11:35:47.000Z,1.304702093592268,320.0,7.04,14.16,0.0
UberX,completed,2025-05-02T11:32:05.000Z,2025-05-02T11:41:27.000Z,2025-05-02T11:54:24.000Z,2.223802303976943,777.0,7.04,26.42,0.0
UberX,completed,2025-05-02T12:14:04.000Z,2025-05-02T12:19:20.000Z,2025-05-02T12:31:08.000Z,3.925869635815337,708.0,7.04,23.67,0.0
UberX,completed,2025-05-02T12:30:26.000Z,2025-05-02T12:41:38.000Z,2025-05-02T12:50:06.000Z,2.770042012,508.0,7.04,16.95,0.0
UberX,completed,2025-05-02T13:18:24.000Z,2025-05-02T13:25:15.000Z,2025-05-02T13:32:03.000Z,1.2981273284206944,358.0,7.04,14.91,0.0
UberX,completed,2025-05-02T13:19:56.000Z,2025-05-02T13:40:56.000Z,2025-05-02T14:08:50.000Z,8.285013732,1674.0,7.04,41.89,0.0
UberX,completed,2025-05-02T14:02:11.000Z,2025-05-02T14:17:51.000Z,2025-05-02T14:44:40.000Z,11.2716897287901,1609.0,7.04,60.65,0.0
UberX,completed,2025-05-02T14:32:00.000Z,2025-05-02T14:50:00.000Z,2025-05-02T15:05:06.000Z,5.2285824030896935,906.0,7.04,26.16,0.0
UberX,completed,2025-05-02T14:59:09.000Z,2025-05-02T15:10:42.000Z,2025-05-02T15:34:26.000Z,7.572908920719965,1424.0,7.04,35.87,0.0
UberX,completed,2025-05-02T16:40:00.000Z,2025-05-02T16:42:05.000Z,2025-05-02T17:00:17.000Z,11.047768579623666,1092.0,8.45,88.92,0.0
UberX,completed,2025-05-02T16:55:03.000Z,2025-05-02T17:05:55.000Z,2025-05-02T17:18:01.000Z,3.0766558009059257,726.0,8.45,24.23,0.0
UberX,completed,2025-05-03T05:59:39.000Z,2025-05-03T06:05:23.000Z,2025-05-03T06:10:44.000Z,0.907629726735908,321.0,8.45,12.69,0.0
UberX,completed,2025-05-03T06:06:04.000Z,2025-05-03T06:14:27.000Z,2025-05-03T06:26:43.000Z,3.4293946316333592,722.0,8.45,23.37,0.0
UberX,completed,2025-05-03T07:30:51.000Z,2025-05-03T07:40:00.000Z,2025-05-03T07:46:02.000Z,1.349136366664753,362.0,7.04,13.2,0.0
UberX,completed,2025-05-03T07:42:12.000Z,2025-05-03T07:50:06.000Z,2025-05-03T08:11:23.000Z,7.213547101108958,1277.0,7.04,33.4,0.0
UberX,completed,2025-05-03T08:21:12.000Z,2025-05-03T08:25:38.000Z,2025-05-03T08:35:19.000Z,3.409718013804562,581.0,7.04,18.7,0.0
UberX,completed,2025-05-04T04:51:02.000Z,2025-05-04T05:02:06.000Z,2025-05-04T05:10:59.000Z,2.8367588554198258,533.0,8.45,22.94,0.0
UberX,rider_canceled,2025-05-04T05:07:07.000Z,,,0.0,0.0,,0.0,0.0
UberX,completed,2025-05-04T05:09:01.000Z,2025-05-04T05:21:59.000Z,2025-05-04T05:38:57.000Z,4.827052773977543,1018.0,8.45,34.45,0.0
UberX,completed,2025-05-04T05:21:51.000Z,2025-05-04T05:41:33.000Z,2025-05-04T05:53:42.000Z,4.776046037158879,729.0,8.45,30.62,0.0
UberX,completed,2025-05-04T05:55:56.000Z,2025-05-04T06:04:06.000Z,2025-05-04T06:33:48.000Z,6.086058645357802,1782.0,8.45,35.05,0.0
UberX,completed,2025-05-04T06:32:10.000Z,2025-05-04T06:43:03.000Z,2025-05-04T07:00:28.000Z,5.651939259,1045.0,8.45,32.06,0.0
UberX,completed,2025-05-04T07:01:27.000Z,2025-05-04T07:06:10.000Z,2025-05-04T07:29:08.000Z,9.122013408568394,1378.0,7.04,43.35,0.0
UberX,completed,2025-05-04T07:28:01.000Z,2025-05-04T07:32:48.000Z,2025-05-04T07:41:24.000Z,2.377608110304565,516.0,7.04,15.57,0.0
UberX,completed,2025-05-04T07:36:18.000Z,2025-05-04T07:48:50.000Z,2025-05-04T08:04:42.000Z,6.827776803664331,952.0,7.04,31.16,0.0
UberX,completed,2025-05-04T07:57:52.000Z,2025-05-04T08:09:01.000Z,2025-05-04T08:28:23.000Z,5.996002921547491,1154.0,7.04,31.77,0.0
UberX,completed,2025-05-04T08:23:33.000Z,2025-05-04T08:37:12.000Z,2025-05-04T08:54:49.000Z,5.075065674844148,1057.0,7.04,26.6,0.0
UberX,rider_canceled,2025-05-04T08:52:37.000Z,,,0.0,0.0,,0.0,0.0
UberX,completed,2025-05-04T09:09:49.000Z,2025-05-04T09:13:42.000Z,2025-05-04T09:22:21.000Z,3.134273524454372,519.0,7.04,19.45,0.0
UberX,completed,2025-05-04T09:19:49.000Z,2025-05-04T09:27:49.000Z,2025-05-04T09:39:32.000Z,2.7860278190600907,660.0,7.04,17.24,0.0
UberX,completed,2025-05-05T16:43:09.000Z,2025-05-05T16:48:17.000Z,2025-05-05T17:10:54.000Z,5.650630927818312,1357.0,8.45,36.22,0.0
UberX,completed,2025-05-05T17:30:50.000Z,2025-05-05T17:37:29.000Z,2025-05-05T17:56:32.000Z,3.719920338847822,1143.0,8.45,31.47,0.0
UberX,completed,2025-05-06T08:51:22.000Z,2025-05-06T08:55:52.000Z,2025-05-06T09:03:31.000Z,1.515801994134966,459.0,8.45,16.58,0.0
UberX,completed,2025-05-06T08:58:46.000Z,2025-05-06T09:08:54.000Z,2025-05-06T09:21:20.000Z,3.324950562432507,746.0,8.45,26.6,0.0
UberX,completed,2025-05-07T08:47:22.000Z,2025-05-07T09:01:04.000Z,2025-05-07T09:09:32.000Z,3.5950650323750595,508.0,8.45,23.6,0.0
UberX,rider_canceled,2025-05-08T15:42:29.000Z,,,0.0,0.0,,0.0,0.0
UberX,completed,2025-05-08T15:58:22.000Z,2025-05-08T16:00:12.000Z,2025-05-08T16:06:38.000Z,0.99086474,386.0,8.45,14.92,0.0
UberX,completed,2025-05-08T16:04:35.000Z,2025-05-08T16:19:13.000Z,2025-05-08T16:53:18.000Z,4.03619622,2045.0,8.45,35.11,0.0
UberX,completed,2025-05-09T15:43:16.000Z,2025-05-09T15:47:11.000Z,2025-05-09T16:11:36.000Z,3.559098346895032,1465.0,8.45,28.78,0.0
UberX,completed,2025-05-09T16:03:08.000Z,2025-05-09T16:13:05.000Z,2025-05-09T16:47:08.000Z,6.162874561320297,2043.0,8.45,49.8,0.0
UberX,completed,2025-05-09T17:13:07.000Z,2025-05-09T17:19:57.000Z,2025-05-09T17:39:23.000Z,4.768267415601299,1166.0,8.45,32.69,0.0
UberX,completed,2025-05-09T17:39:48.000Z,2025-05-09T17:56:21.000Z,2025-05-09T18:16:54.000Z,4.298983040799383,1212.0,8.45,31.35,0.0
UberX,completed,2025-05-09T19:29:22.000Z,2025-05-09T19:37:22.000Z,2025-05-09T19:57:24.000Z,4.5022658243601095,1202.0,7.04,26.68,0.0
UberX,completed,2025-05-10T07:33:29.000Z,2025-05-10T07:38:00.000Z,2025-05-10T07:48:44.000Z,2.955491959557896,644.0,7.04,19.03,0.0
UberX,completed,2025-05-10T07:42:16.000Z,2025-05-10T07:58:50.000Z,2025-05-10T08:05:40.000Z,1.7541562189968292,410.0,7.04,15.37,0.0
UberX,completed,2025-05-10T08:01:53.000Z,2025-05-10T08:16:54.000Z,2025-05-10T08:36:40.000Z,6.717379433783785,1120.0,7.04,30.98,0.0
UberX,completed,2025-05-10T08:23:57.000Z,2025-05-10T08:46:59.000Z,2025-05-10T09:10:31.000Z,9.175548716917458,1378.0,7.04,42.23,0.0
UberX,completed,2025-05-10T14:55:52.000Z,2025-05-10T15:01:54.000Z,2025-05-10T15:23:02.000Z,4.444665552139005,1235.0,7.04,28.91,0.0
UberX,completed,2025-05-10T15:20:29.000Z,2025-05-10T15:26:38.000Z,2025-05-10T15:33:24.000Z,1.470115031310196,406.0,7.04,13.93,0.0
UberX,completed,2025-05-10T15:37:31.000Z,2025-05-10T15:48:08.000Z,2025-05-10T16:00:50.000Z,2.7541154354223725,762.0,7.04,17.76,0.0
UberX,completed,2025-05-10T15:56:12.000Z,2025-05-10T16:05:24.000Z,2025-05-10T16:28:41.000Z,5.026585324663039,1364.0,7.04,27.96,0.0
UberX,completed,2025-05-10T16:25:14.000Z,2025-05-10T16:33:29.000Z,2025-05-10T16:37:20.000Z,0.4639235015731534,231.0,7.04,16.56,0.0
UberX,completed,2025-05-10T16:38:32.000Z,2025-05-10T16:42:24.000Z,2025-05-10T17:01:08.000Z,7.454927733723816,1124.0,7.04,35.26,0.0
UberX,completed,2025-05-10T16:59:00.000Z,2025-05-10T17:14:33.000Z,2025-05-10T17:45:46.000Z,13.256381883492878,1853.0,7.04,73.59,0.0
UberX,completed,2025-05-10T17:40:46.000Z,2025-05-10T17:51:24.000Z,2025-05-10T18:05:05.000Z,3.972703339384648,821.0,7.04,23.42,0.0
UberX,completed,2025-05-10T17:58:52.000Z,2025-05-10T18:12:53.000Z,2025-05-10T18:23:13.000Z,3.4303271660491257,620.0,7.04,23.46,0.0
UberX,completed,2025-05-10T19:12:05.000Z,2025-05-10T19:20:46.000Z,2025-05-10T19:38:17.000Z,4.958840969,1051.0,7.04,28.54,0.0
UberX,completed,2025-05-10T19:35:05.000Z,2025-05-10T19:49:48.000Z,2025-05-10T20:07:53.000Z,4.893307696444315,1085.0,7.04,26.21,0.0
UberX,completed,2025-05-10T20:04:51.000Z,2025-05-10T20:18:54.000Z,2025-05-10T20:35:20.000Z,4.600914665116786,986.0,7.04,23.69,0.0
UberX,completed,2025-05-11T08:27:39.000Z,2025-05-11T08:31:22.000Z,2025-05-11T08:48:58.000Z,5.990735946221696,1056.0,7.04,29.01,0.0
UberX,completed,2025-05-11T08:50:12.000Z,2025-05-11T09:07:36.000Z,2025-05-11T09:20:47.000Z,4.095477875210523,791.0,7.04,24.82,0.0
UberX,completed,2025-05-17T05:59:43.000Z,2025-05-17T06:04:40.000Z,2025-05-17T06:17:48.000Z,3.733304566999966,788.0,8.45,24.3,0.0
UberX,completed,2025-05-17T06:34:38.000Z,2025-05-17T07:07:36.000Z,2025-05-17T07:24:30.000Z,9.883903994203092,1014.0,8.45,58.95,0.0
UberX,completed,2025-05-17T07:23:45.000Z,2025-05-17T07:44:53.000Z,2025-05-17T07:55:08.000Z,4.6279196783441545,615.0,7.04,23.76,0.0
UberX,completed,2025-05-17T07:59:26.000Z,2025-05-17T08:06:22.000Z,2025-05-17T08:23:42.000Z,5.383970900549324,1029.0,7.04,27.73,0.0
UberX,completed,2025-05-17T08:19:26.000Z,2025-05-17T08:37:52.000Z,2025-05-17T09:12:32.000Z,12.790321329806067,2081.0,7.04,69.98,0.0
UberX,completed,2025-05-17T14:43:12.000Z,2025-05-17T14:55:29.000Z,2025-05-17T15:05:02.000Z,2.520041610829227,573.0,7.04,22.61,0.0
UberX,completed,2025-05-17T15:11:21.000Z,2025-05-17T15:14:27.000Z,2025-05-17T15:26:04.000Z,2.196423665,697.0,7.04,16.91,0.0
UberX,completed,2025-05-17T16:25:25.000Z,2025-05-17T16:41:42.000Z,2025-05-17T16:57:10.000Z,5.194354935757051,918.0,7.04,26.92,0.0
UberX,completed,2025-05-17T16:48:06.000Z,2025-05-17T17:01:16.000Z,2025-05-17T17:12:28.000Z,3.2303272268794525,672.0,7.04,19.48,0.0
UberX,completed,2025-05-17T17:02:37.000Z,2025-05-17T17:14:05.000Z,2025-05-17T17:24:36.000Z,4.127712136100784,631.0,7.04,21.75,0.0
UberX,completed,2025-05-17T17:25:18.000Z,2025-05-17T17:29:35.000Z,2025-05-17T17:59:20.000Z,7.813465832473518,1754.0,7.04,38.87,0.0
UberX,completed,2025-05-17T17:45:59.000Z,2025-05-17T17:59:37.000Z,2025-05-17T18:14:17.000Z,1.360578022819973,880.0,7.04,15.94,0.0
UberX,completed,2025-05-17T17:54:18.000Z,2025-05-17T18:19:01.000Z,2025-05-17T18:36:27.000Z,4.496550978955005,1046.0,7.04,24.79,0.0
UberX,rider_canceled,2025-05-17T18:29:52.000Z,,,0.0,0.0,,0.0,0.0
UberX,completed,2025-05-17T19:05:33.000Z,2025-05-17T19:16:34.000Z,2025-05-17T19:27:18.000Z,3.277024445640135,645.0,7.04,20.95,0.0
UberX,completed,2025-05-18T06:26:21.000Z,2025-05-18T06:28:26.000Z,2025-05-18T06:47:12.000Z,9.753750080081517,1078.0,8.45,57.46,0.0
UberX,rider_canceled,2025-05-18T06:52:05.000Z,,,0.0,0.0,,0.0,0.0
UberX,completed,2025-05-18T06:57:40.000Z,2025-05-18T07:13:52.000Z,2025-05-18T07:30:21.000Z,5.931503743820778,989.0,8.45,37.96,0.0
UberX,completed,2025-05-18T07:29:42.000Z,2025-05-18T07:37:04.000Z,2025-05-18T07:45:09.000Z,3.2241542685327937,485.0,7.04,18.48,0.0
UberX,completed,2025-05-18T07:37:57.000Z,2025-05-18T07:50:02.000Z,2025-05-18T08:07:13.000Z,6.482751682,1031.0,7.04,29.92,0.0
UberX,completed,2025-05-18T08:01:33.000Z,2025-05-18T08:15:38.000Z,2025-05-18T08:30:31.000Z,5.9407261260036535,893.0,7.04,30.92,0.0
UberX,completed,2025-05-18T08:48:52.000Z,2025-05-18T08:57:02.000Z,2025-05-18T09:09:02.000Z,3.315501611761667,720.0,7.04,19.93,0.0
UberX,completed,2025-05-18T10:01:50.000Z,2025-05-18T10:10:49.000Z,2025-05-18T10:27:45.000Z,6.478142285919258,1016.0,7.04,30.68,0.0
UberX,completed,2025-05-18T17:13:45.000Z,2025-05-18T17:17:02.000Z,2025-05-18T17:32:36.000Z,4.35023523,934.0,7.04,22.29,0.0
UberX,completed,2025-05-18T17:35:24.000Z,2025-05-18T17:47:01.000Z,2025-05-18T18:04:47.000Z,3.36217665667854,1066.0,7.04,21.94,0.0
UberX,completed,2025-05-18T17:57:45.000Z,2025-05-18T18:10:21.000Z,2025-05-18T18:30:55.000Z,8.401312816143516,1234.0,7.04,40.9,0.0
UberX,completed,2025-05-18T18:30:27.000Z,2025-05-18T18:51:39.000Z,2025-05-18T19:18:10.000Z,12.445489913673638,1544.0,7.04,66.86,0.0
UberX,rider_canceled,2025-05-19T08:18:11.000Z,,,0.0,0.0,,0.0,0.0
UberX,completed,2025-05-19T09:11:39.000Z,2025-05-19T09:17:45.000Z,2025-05-19T09:24:32.000Z,1.9280663172404768,407.0,7.04,13.93,0.0
UberX,completed,2025-05-19T09:27:29.000Z,2025-05-19T09:32:46.000Z,2025-05-19T09:43:27.000Z,3.590068882945239,641.0,7.04,19.93,0.0
UberX,rider_canceled,2025-05-19T09:38:43.000Z,,,0.0,0.0,,0.0,0.0
UberX,completed,2025-05-19T09:40:20.000Z,2025-05-19T09:45:44.000Z,2025-05-19T09:55:32.000Z,2.301138518083608,541.0,7.04,15.9,0.0
UberX,completed,2025-05-19T09:51:32.000Z,2025-05-19T10:01:41.000Z,2025-05-19T10:19:34.000Z,4.725775360717655,1073.0,7.04,23.9,0.0
UberX,completed,2025-05-19T10:15:43.000Z,2025-05-19T10:26:06.000Z,2025-05-19T10:39:48.000Z,4.014910010917128,822.0,7.04,28.11,0.0
UberX,completed,2025-05-19T16:11:36.000Z,2025-05-19T16:24:19.000Z,2025-05-19T16:40:08.000Z,4.4006713086112725,949.0,8.45,31.6,0.0
UberX,completed,2025-05-19T16:32:54.000Z,2025-05-19T16:49:16.000Z,2025-05-19T16:57:21.000Z,2.016168625005959,485.0,8.45,18.94,0.0
UberX,completed,2025-05-19T16:51:52.000Z,2025-05-19T17:05:50.000Z,2025-05-19T17:21:56.000Z,2.547184035287882,966.0,8.45,33.96,0.0
UberX,completed,2025-05-19T17:18:38.000Z,2025-05-19T17:29:15.000Z,2025-05-19T17:59:35.000Z,4.332802629666513,1749.0,8.45,38.98,0.0
UberX,rider_canceled,2025-05-19T17:49:09.000Z,,,0.0,0.0,,0.0,0.0
UberX,completed,2025-05-20T07:23:03.000Z,2025-05-20T07:38:05.000Z,2025-05-20T08:17:44.000Z,5.1544254430466445,2379.0,8.45,34.94,0.0
UberX,rider_canceled,2025-05-20T08:20:42.000Z,,,0.0,0.0,,0.0,0.0
UberX,completed,2025-05-20T08:25:59.000Z,2025-05-20T08:30:06.000Z,2025-05-20T08:44:19.000Z,1.9568633475238637,853.0,8.45,21.9,0.0
UberX,completed,2025-05-20T08:37:54.000Z,2025-05-20T08:48:08.000Z,2025-05-20T09:07:32.000Z,6.416574214884812,1164.0,8.45,38.98,0.0
UberX,completed,2025-05-20T10:56:39.000Z,2025-05-20T11:00:39.000Z,2025-05-20T11:11:39.000Z,3.894060160776745,659.0,7.04,22.97,0.0
UberX,rider_canceled,2025-05-20T15:49:22.000Z,,,0.0,0.0,,0.0,0.0
UberX,rider_canceled,2025-05-20T15:49:27.000Z,,,0.0,0.0,,0.0,0.0
UberX,completed,2025-05-21T08:15:24.000Z,2025-05-21T08:21:22.000Z,2025-05-21T08:38:34.000Z,2.4507251961979355,1032.0,8.45,24.2,0.0
UberX,completed,2025-05-21T08:34:36.000Z,2025-05-21T08:41:43.000Z,2025-05-21T09:01:22.000Z,2.9710909349296943,1179.0,8.45,22.4,0.0
UberX,completed,2025-05-21T08:57:45.000Z,2025-05-21T09:12:22.000Z,2025-05-21T09:26:10.000Z,4.910123719708255,827.0,8.45,31.96,0.0
UberX,completed,2025-05-21T09:26:57.000Z,2025-05-21T09:38:13.000Z,2025-05-21T09:50:32.000Z,4.844290740603708,739.0,7.04,25.44,0.0
UberX,completed,2025-05-21T09:38:18.000Z,2025-05-21T09:56:59.000Z,2025-05-21T10:21:47.000Z,9.243574501648842,1434.0,7.04,47.95,0.0
UberX,completed,2025-05-21T10:24:21.000Z,2025-05-21T10:31:24.000Z,2025-05-21T10:43:11.000Z,3.066864434163095,707.0,7.04,17.93,0.0
UberX,completed,2025-05-21T14:35:50.000Z,2025-05-21T14:41:25.000Z,2025-05-21T15:07:16.000Z,3.219343186469682,1526.0,7.04,48.37,0.0
UberX,completed,2025-05-21T16:33:26.000Z,2025-05-21T16:36:56.000Z,2025-05-21T16:51:15.000Z,2.0686208877046366,859.0,8.45,21.9,0.0
UberX,rider_canceled,2025-05-21T16:51:06.000Z,,,0.0,0.0,,0.0,0.0
UberX,completed,2025-05-21T16:54:18.000Z,2025-05-21T16:57:06.000Z,2025-05-21T17:15:26.000Z,3.8764535450964703,1100.0,8.45,30.95,0.0
UberX,completed,2025-05-21T17:04:53.000Z,2025-05-21T17:21:00.000Z,2025-05-21T17:43:21.000Z,3.1116641521311794,1341.0,8.45,24.73,0.0
UberX,completed,2025-05-22T16:44:22.000Z,2025-05-22T17:01:19.000Z,2025-05-22T17:20:53.000Z,4.079648936504491,1174.0,8.45,34.85,0.0
UberX,rider_canceled,2025-05-22T17:03:02.000Z,,,0.0,0.0,,0.0,0.0
UberX,completed,2025-05-22T17:15:25.000Z,2025-05-22T17:27:02.000Z,2025-05-22T17:45:55.000Z,6.466696515290255,1133.0,8.45,37.89,0.0
UberX,completed,2025-05-24T19:09:38.000Z,2025-05-24T19:30:29.000Z,2025-05-24T19:52:13.000Z,9.129708710319482,1284.0,7.04,51.96,0.0
UberX,completed,2025-05-24T19:45:43.000Z,2025-05-24T19:59:27.000Z,2025-05-24T20:29:15.000Z,5.153443801037541,1788.0,7.04,32.29,0.0
UberX,completed,2025-05-24T20:29:34.000Z,2025-05-24T20:43:04.000Z,2025-05-24T20:56:05.000Z,3.045681051452092,781.0,7.04,39.74,0.0
UberX,completed,2025-05-24T21:15:32.000Z,2025-05-24T21:16:53.000Z,2025-05-24T21:27:53.000Z,1.6095124048757312,660.0,7.04,37.76,0.0
UberX,rider_canceled,2025-05-24T21:26:44.000Z,,,0.0,0.0,,0.0,0.0
UberX,completed,2025-05-25T01:31:23.000Z,2025-05-25T01:45:58.000Z,2025-05-25T02:11:22.000Z,3.607200460447681,1524.0,8.45,48.0,0.0
UberX,driver_canceled,2025-05-25T03:03:49.000Z,,,0.0,0.0,,9.31,0.0
UberX,rider_canceled,2025-05-25T03:23:39.000Z,,,0.0,0.0,,0.0,0.0
UberX,completed,2025-05-25T03:27:58.000Z,2025-05-25T03:39:45.000Z,2025-05-25T03:48:49.000Z,3.7322688711417182,544.0,8.45,34.88,0.0
UberX,rider_canceled,2025-05-25T03:45:03.000Z,,,0.0,0.0,,5.15,0.0
UberX,completed,2025-05-26T15:59:39.000Z,2025-05-26T16:07:30.000Z,2025-05-26T16:34:22.000Z,3.342575840578613,1612.0,8.45,26.67,0.0
UberX,completed,2025-05-26T16:23:52.000Z,2025-05-26T16:41:02.000Z,2025-05-26T17:04:35.000Z,3.829669815524208,1413.0,8.45,36.94,0.0
UberX,completed,2025-05-26T16:38:17.000Z,2025-05-26T17:12:33.000Z,2025-05-26T17:32:50.000Z,3.528776314123279,1197.0,8.45,25.92,0.0
UberX,completed,2025-05-30T15:56:03.000Z,2025-05-30T16:02:59.000Z,2025-05-30T16:27:07.000Z,4.863671379,1448.0,8.45,40.92,0.0
UberX,completed,2025-05-30T17:11:49.000Z,2025-05-30T17:23:23.000Z,2025-05-30T17:32:33.000Z,4.289204065430749,550.0,8.45,39.94,0.0
UberX,completed,2025-05-30T17:26:44.000Z,2025-05-30T17:43:55.000Z,2025-05-30T18:08:41.000Z,11.099894153075834,1454.0,8.45,66.66,0.0
UberX,completed,2025-05-30T18:46:25.000Z,2025-05-30T18:54:37.000Z,2025-05-30T19:12:20.000Z,4.424773946083838,1063.0,8.45,28.94,0.0
UberX,rider_canceled,2025-05-30T19:03:25.000Z,,,0.0,0.0,,0.0,0.0
UberX,completed,2025-05-30T19:05:01.000Z,2025-05-30T19:14:09.000Z,2025-05-30T19:20:30.000Z,2.33646755330047,381.0,7.04,20.94,0.0
UberX,completed,2025-05-31T08:57:15.000Z,2025-05-31T09:02:57.000Z,2025-05-31T09:16:58.000Z,4.819455248587082,841.0,7.04,26.61,0.0
UberX,completed,2025-05-31T09:18:43.000Z,2025-05-31T09:24:06.000Z,2025-05-31T09:59:22.000Z,9.332217677794985,2116.0,7.04,50.67,0.0
UberX,completed,2025-05-31T10:04:22.000Z,2025-05-31T10:07:50.000Z,2025-05-31T10:15:24.000Z,1.9705546574368469,453.0,7.04,15.92,0.0
UberX,completed,2025-05-31T17:27:31.000Z,2025-05-31T17:37:38.000Z,2025-05-31T17:58:26.000Z,5.6994757532428215,1248.0,7.04,31.61,0.0
UberX,completed,2025-05-31T17:51:03.000Z,2025-05-31T18:03:11.000Z,2025-05-31T18:13:26.000Z,2.846976523147448,615.0,7.04,25.92,0.0
UberX,completed,2025-05-31T18:00:37.000Z,2025-05-31T18:17:17.000Z,2025-05-31T18:34:57.000Z,5.651697219437809,1031.0,7.04,28.02,0.0
UberX,rider_canceled,2025-05-31T18:24:22.000Z,,,0.0,0.0,,0.0,0.0
UberX,rider_canceled,2025-06-12T16:34:40.000Z,,,0.0,0.0,,0.0,0.0
UberX,completed,2025-06-12T16:37:52.000Z,2025-06-12T16:45:24.000Z,2025-06-12T16:53:30.000Z,1.4277015206717425,478.0,8.45,19.74,0.0
UberX,completed,2025-06-12T16:56:35.000Z,2025-06-12T16:58:26.000Z,2025-06-12T17:06:32.000Z,1.1753394027415052,486.0,8.45,15.95,0.0
UberX,completed,2025-06-13T07:15:15.000Z,2025-06-13T07:21:07.000Z,2025-06-13T07:43:39.000Z,8.148961532411061,1352.0,8.45,48.48,0.0
UberX,completed,2025-06-13T07:53:51.000Z,2025-06-13T08:05:15.000Z,2025-06-13T08:37:53.000Z,11.523412708192842,1958.0,8.45,70.96,0.0
UberX,rider_canceled,2025-06-13T08:28:58.000Z,,,0.0,0.0,,0.0,0.0
UberX,completed,2025-06-13T08:33:33.000Z,2025-06-13T08:45:54.000Z,2025-06-13T09:05:53.000Z,5.538557701711614,1134.0,8.45,31.62,0.0
UberX,completed,2025-06-13T09:11:14.000Z,2025-06-13T09:15:42.000Z,2025-06-13T09:25:27.000Z,1.876372004008352,585.0,7.04,15.08,0.0
UberX,completed,2025-06-14T06:46:25.000Z,2025-06-14T06:50:35.000Z,2025-06-14T07:00:52.000Z,1.6136593019572305,617.0,8.45,16.23,0.0
UberX,completed,2025-06-14T06:56:54.000Z,2025-06-14T07:08:54.000Z,2025-06-14T07:18:21.000Z,3.408533292353544,567.0,8.45,23.93,0.0
UberX,completed,2025-06-14T07:23:00.000Z,2025-06-14T07:26:09.000Z,2025-06-14T07:34:20.000Z,3.620247693921319,490.0,7.04,21.93,0.0
UberX,completed,2025-06-14T07:31:51.000Z,2025-06-14T07:40:34.000Z,2025-06-14T07:51:03.000Z,3.936917893949931,629.0,7.04,21.96,0.0
UberX,completed,2025-06-14T07:48:07.000Z,2025-06-14T07:54:12.000Z,2025-06-14T08:05:53.000Z,3.325998442391887,701.0,7.04,23.94,0.0
UberX,completed,2025-06-14T07:56:41.000Z,2025-06-14T08:08:46.000Z,2025-06-14T08:23:35.000Z,2.9865551361637306,889.0,7.04,19.12,0.0
UberX,completed,2025-06-14T08:23:23.000Z,2025-06-14T08:35:26.000Z,2025-06-14T08:47:23.000Z,1.7777434239949048,717.0,7.04,18.46,0.0
UberX,completed,2025-06-14T08:44:36.000Z,2025-06-14T08:50:55.000Z,2025-06-14T09:02:20.000Z,1.865043009229075,617.0,7.04,13.67,0.0
UberX,completed,2025-06-14T14:08:20.000Z,2025-06-14T14:35:04.000Z,2025-06-14T14:58:12.000Z,6.995851704628122,1388.0,7.04,36.93,0.0
UberX,completed,2025-06-14T15:31:36.000Z,2025-06-14T15:37:04.000Z,2025-06-14T16:01:38.000Z,4.735039764444923,1474.0,7.04,32.64,0.0
UberX,completed,2025-06-14T16:02:21.000Z,2025-06-14T16:09:03.000Z,2025-06-14T16:18:28.000Z,2.4243088434061906,565.0,7.04,24.84,0.0
UberX,completed,2025-06-14T16:10:26.000Z,2025-06-14T16:22:32.000Z,2025-06-14T16:35:09.000Z,3.415294147347231,757.0,7.04,21.9,0.0
UberX,completed,2025-06-14T16:26:38.000Z,2025-06-14T16:44:33.000Z,2025-06-14T17:02:00.000Z,4.2962893134721005,1047.0,7.04,27.99,0.0
UberX,completed,2025-06-14T17:49:16.000Z,2025-06-14T17:56:46.000Z,2025-06-14T18:03:39.000Z,1.486066269853987,413.0,7.04,21.23,0.0
UberX,completed,2025-06-14T17:57:59.000Z,2025-06-14T18:08:03.000Z,2025-06-14T18:23:08.000Z,2.633099444768298,905.0,7.04,18.84,0.0
UberX,completed,2025-06-14T18:24:04.000Z,2025-06-14T18:43:48.000Z,2025-06-14T19:07:30.000Z,4.974130921,1373.0,7.04,32.17,0.0
UberX,completed,2025-06-14T19:00:36.000Z,2025-06-14T19:17:08.000Z,2025-06-14T19:35:04.000Z,6.094429576212164,1076.0,7.04,29.65,0.0
UberX,completed,2025-06-14T19:33:31.000Z,2025-06-14T19:41:20.000Z,2025-06-14T20:04:38.000Z,7.208079361218533,1398.0,7.04,37.96,0.0
UberX,completed,2025-06-14T20:08:03.000Z,2025-06-14T20:18:04.000Z,2025-06-14T20:35:37.000Z,5.299436010937917,1053.0,7.04,26.73,0.0
UberX,completed,2025-06-15T06:28:19.000Z,2025-06-15T06:34:20.000Z,2025-06-15T06:45:51.000Z,3.1835423255070685,691.0,8.45,22.6,0.0
UberX,completed,2025-06-15T06:49:19.000Z,2025-06-15T07:09:08.000Z,2025-06-15T07:21:34.000Z,5.758374455660714,746.0,8.45,31.93,0.0
UberX,completed,2025-06-15T07:22:55.000Z,2025-06-15T07:30:03.000Z,2025-06-15T07:44:10.000Z,4.077806556228278,847.0,7.04,23.04,0.0
UberX,rider_canceled,2025-06-15T07:34:33.000Z,,,0.0,0.0,,0.0,0.0
UberX,completed,2025-06-15T07:55:07.000Z,2025-06-15T08:07:45.000Z,2025-06-15T08:16:50.000Z,2.1426674425185244,477.0,7.04,17.57,0.0
UberX,completed,2025-06-15T08:18:59.000Z,2025-06-15T08:27:06.000Z,2025-06-15T08:36:39.000Z,3.1765248457488258,573.0,7.04,19.96,0.0
UberX,completed,2025-06-15T09:17:43.000Z,2025-06-15T09:20:58.000Z,2025-06-15T09:31:53.000Z,3.2518111257841675,655.0,7.04,20.9,0.0
UberX,completed,2025-06-15T09:31:35.000Z,2025-06-15T09:38:11.000Z,2025-06-15T09:45:47.000Z,1.9062377069430516,456.0,7.04,15.86,0.0
UberX,rider_canceled,2025-06-15T09:42:14.000Z,,,0.0,0.0,,0.0,0.0
UberX,completed,2025-06-15T09:44:11.000Z,2025-06-15T09:51:34.000Z,2025-06-15T10:09:40.000Z,3.992233160797453,1086.0,7.04,22.48,0.0
UberX,driver_canceled,2025-06-19T02:52:27.000Z,,,0.0,0.0,,5.0,4.63
UberX,completed,2025-06-19T04:14:39.000Z,2025-06-19T04:23:48.000Z,2025-06-19T04:36:17.000Z,5.0752838297709335,730.0,7.04,26.98,0.0
UberX,completed,2025-06-20T07:16:14.000Z,2025-06-20T07:21:33.000Z,2025-06-20T07:35:28.000Z,4.583285959686603,835.0,8.45,29.95,0.0
UberX,completed,2025-06-20T07:54:25.000Z,2025-06-20T07:56:50.000Z,2025-06-20T08:03:57.000Z,2.5000165513511674,427.0,8.45,18.96,0.0
UberX,completed,2025-06-20T09:18:39.000Z,2025-06-20T09:32:47.000Z,2025-06-20T09:51:35.000Z,5.6029606542139465,1128.0,7.04,27.98,0.0
UberX,completed,2025-06-23T07:25:58.000Z,2025-06-23T07:35:32.000Z,2025-06-23T07:58:36.000Z,5.717183953621906,1352.0,8.45,42.11,0.0
UberX,completed,2025-06-23T07:39:24.000Z,2025-06-23T07:59:15.000Z,2025-06-23T08:34:04.000Z,7.390838569,2089.0,8.45,44.66,0.0
UberX,rider_canceled,2025-06-23T08:43:23.000Z,,,0.0,0.0,,0.0,0.0
UberX,completed,2025-06-23T08:51:13.000Z,2025-06-23T08:58:17.000Z,2025-06-23T09:11:53.000Z,2.182019686159919,816.0,8.45,24.23,0.0
UberX,completed,2025-06-23T09:08:08.000Z,2025-06-23T09:15:24.000Z,2025-06-23T09:32:46.000Z,5.359462943,1042.0,7.04,29.27,0.0
UberX,completed,2025-06-23T09:24:47.000Z,2025-06-23T09:37:48.000Z,2025-06-23T09:52:42.000Z,7.859673213108174,894.0,7.04,32.64,0.0
UberX,rider_canceled,2025-06-23T09:40:45.000Z,,,0.0,0.0,,0.0,0.0
UberX,rider_canceled,2025-06-23T09:46:12.000Z,,,0.0,0.0,,0.0,0.0
UberX,completed,2025-06-23T09:52:31.000Z,2025-06-23T10:02:30.000Z,2025-06-23T10:15:46.000Z,4.375754159513787,796.0,7.04,21.88,0.0
UberX,completed,2025-06-23T10:13:22.000Z,2025-06-23T10:18:06.000Z,2025-06-23T10:25:54.000Z,1.5576948544119154,452.0,7.04,13.78,0.0
UberX,completed,2025-06-23T10:25:07.000Z,2025-06-23T10:32:45.000Z,2025-06-23T10:44:47.000Z,2.773589997282267,722.0,7.04,18.23,0.0
UberX,completed,2025-06-23T15:45:51.000Z,2025-06-23T15:52:00.000Z,2025-06-23T16:08:54.000Z,4.104974483451739,1014.0,8.45,31.53,0.0
UberX,completed,2025-06-23T16:04:07.000Z,2025-06-23T16:12:29.000Z,2025-06-23T16:34:57.000Z,6.560789886533691,1348.0,8.45,27.99,0.0
UberX,completed,2025-06-23T16:28:04.000Z,2025-06-23T16:43:50.000Z,2025-06-23T16:58:51.000Z,4.527670573,901.0,8.45,30.41,0.0
UberX,completed,2025-06-23T16:59:03.000Z,2025-06-23T17:03:01.000Z,2025-06-23T17:19:30.000Z,3.4341690938444307,989.0,8.45,26.03,0.0
UberX,completed,2025-06-24T15:41:37.000Z,2025-06-24T15:47:45.000Z,2025-06-24T16:03:38.000Z,2.240524483809003,953.0,8.45,25.93,0.0
UberX,completed,2025-06-24T15:59:31.000Z,2025-06-24T16:04:54.000Z,2025-06-24T16:26:53.000Z,3.240357501599009,1317.0,8.45,26.89,0.0
UberX,completed,2025-06-24T16:28:44.000Z,2025-06-24T16:32:55.000Z,2025-06-24T16:48:55.000Z,2.6596489877192826,955.0,8.45,25.95,0.0
UberX,completed,2025-06-24T16:46:18.000Z,2025-06-24T16:52:52.000Z,2025-06-24T17:17:29.000Z,7.728175434310769,1477.0,8.45,48.89,0.0
UberX,completed,2025-06-25T06:57:10.000Z,2025-06-25T07:01:47.000Z,2025-06-25T07:09:29.000Z,1.64243016793426,462.0,7.04,18.19,0.0
UberX,completed,2025-06-25T14:19:11.000Z,2025-06-25T14:30:08.000Z,2025-06-25T14:53:33.000Z,6.296665562699354,1405.0,7.04,32.21,0.0
UberX,completed,2025-06-25T14:57:16.000Z,2025-06-25T15:10:17.000Z,2025-06-25T15:26:06.000Z,3.162425828051688,949.0,7.04,22.55,0.0
UberX,completed,2025-06-25T15:27:17.000Z,2025-06-25T15:31:34.000Z,2025-06-25T15:42:39.000Z,1.591594467862049,665.0,8.45,17.93,0.0
UberX,completed,2025-06-25T15:38:31.000Z,2025-06-25T15:45:19.000Z,2025-06-25T15:58:05.000Z,1.9191080987896465,766.0,8.45,18.92,0.0
UberX,completed,2025-06-25T15:53:44.000Z,2025-06-25T16:09:29.000Z,2025-06-25T16:19:46.000Z,2.366344395,616.0,8.45,21.97,0.0
UberX,completed,2025-06-25T16:18:31.000Z,2025-06-25T16:29:14.000Z,2025-06-25T16:55:06.000Z,3.668604459402349,1552.0,8.45,29.94,0.0
UberX,completed,2025-06-25T16:53:33.000Z,2025-06-25T17:31:12.000Z,2025-06-25T17:59:19.000Z,10.059150111456775,1687.0,8.45,66.51,0.0
UberX,completed,2025-06-25T17:55:09.000Z,2025-06-25T18:10:38.000Z,2025-06-25T18:17:16.000Z,1.8403005219689617,398.0,8.45,19.46,0.0
UberX,completed,2025-06-25T19:00:10.000Z,2025-06-25T19:03:46.000Z,2025-06-25T19:26:55.000Z,7.343841037170206,1389.0,7.04,41.35,0.0
UberX,rider_canceled,2025-06-26T07:36:17.000Z,,,0.0,0.0,,0.0,0.0
UberX,completed,2025-06-26T07:42:45.000Z,2025-06-26T07:50:04.000Z,2025-06-26T08:03:26.000Z,2.8007595381048422,802.0,8.45,24.86,0.0
UberX,rider_canceled,2025-06-26T07:43:02.000Z,,,0.0,0.0,,0.0,0.0
UberX,completed,2025-06-26T14:07:59.000Z,2025-06-26T14:17:43.000Z,2025-06-26T14:26:06.000Z,2.3709742346247173,503.0,7.04,16.52,0.0
UberX,completed,2025-06-26T14:33:00.000Z,2025-06-26T14:39:23.000Z,2025-06-26T15:09:37.000Z,4.305629859903825,1814.0,7.04,28.79,0.0
UberX,completed,2025-06-26T15:11:59.000Z,2025-06-26T15:16:51.000Z,2025-06-26T15:38:30.000Z,3.483791271649576,1299.0,8.45,28.57,0.0
UberX,completed,2025-06-26T15:31:24.000Z,2025-06-26T15:47:42.000Z,2025-06-26T16:16:48.000Z,5.789018284559181,1708.0,8.45,38.11,0.0
UberX,rider_canceled,2025-06-26T16:08:06.000Z,,,0.0,0.0,,0.0,0.0
UberX,rider_canceled,2025-06-26T16:10:09.000Z,,,0.0,0.0,,0.0,0.0
UberX,completed,2025-06-26T16:51:31.000Z,2025-06-26T17:01:11.000Z,2025-06-26T17:26:55.000Z,4.402943054377404,1544.0,8.45,31.75,0.0
UberX,completed,2025-06-26T17:29:45.000Z,2025-06-26T17:39:57.000Z,2025-06-26T17:47:44.000Z,1.9765407059791136,467.0,8.45,19.44,0.0
UberX,completed,2025-06-26T17:47:01.000Z,2025-06-26T17:55:47.000Z,2025-06-26T18:08:20.000Z,3.5177061641553453,753.0,8.45,25.95,0.0
UberX,completed,2025-06-26T18:48:47.000Z,2025-06-26T18:51:33.000Z,2025-06-26T19:07:16.000Z,4.945480677448873,907.0,8.45,30.91,0.0
UberX,completed,2025-06-26T19:05:13.000Z,2025-06-26T19:14:55.000Z,2025-06-26T19:38:22.000Z,8.254123258221249,1407.0,7.04,34.98,0.0
UberX,completed,2025-06-26T19:37:22.000Z,2025-06-26T19:44:26.000Z,2025-06-26T20:08:26.000Z,7.77254758,1440.0,7.04,37.15,0.0
UberX,completed,2025-06-27T07:24:09.000Z,2025-06-27T07:36:41.000Z,2025-06-27T07:49:55.000Z,2.545455481650236,791.0,8.45,20.79,0.0
UberX,completed,2025-06-27T07:44:55.000Z,2025-06-27T07:57:52.000Z,2025-06-27T08:07:22.000Z,1.871582550754239,527.0,8.45,24.78,0.0
UberX,completed,2025-06-27T08:07:34.000Z,2025-06-27T08:11:25.000Z,2025-06-27T08:34:06.000Z,5.720972594322606,1361.0,8.45,35.07,0.0
UberX,rider_canceled,2025-06-27T09:04:59.000Z,,,0.0,0.0,,0.0,0.0
UberX,completed,2025-06-27T09:08:06.000Z,2025-06-27T09:20:41.000Z,2025-06-27T09:31:30.000Z,1.5646456310234609,649.0,7.04,13.73,0.0
UberX,completed,2025-06-27T09:29:28.000Z,2025-06-27T09:35:15.000Z,2025-06-27T09:46:43.000Z,1.6035721455615786,688.0,7.04,14.42,0.0
UberX,completed,2025-06-27T09:43:52.000Z,2025-06-27T09:57:03.000Z,2025-06-27T10:02:52.000Z,1.933948447866851,349.0,7.04,14.72,0.0
UberX,completed,2025-06-27T09:57:06.000Z,2025-06-27T10:06:45.000Z,2025-06-27T10:14:17.000Z,2.463656122747385,452.0,7.04,17.92,0.0
UberX,completed,2025-06-27T10:12:03.000Z,2025-06-27T10:21:36.000Z,2025-06-27T10:47:35.000Z,5.378160950194603,1559.0,7.04,28.51,0.0
UberX,completed,2025-06-27T15:06:52.000Z,2025-06-27T15:12:19.000Z,2025-06-27T15:20:02.000Z,1.2832706565721657,463.0,8.45,18.0,0.0
UberX,completed,2025-06-27T15:52:14.000Z,2025-06-27T16:07:07.000Z,2025-06-27T17:03:19.000Z,8.359322525130446,3313.0,8.45,59.06,0.0
UberX,completed,2025-06-27T17:00:02.000Z,2025-06-27T17:14:10.000Z,2025-06-27T17:29:18.000Z,7.0674692006967765,908.0,8.45,37.98,0.0
UberX,completed,2025-06-27T17:28:11.000Z,2025-06-27T17:34:10.000Z,2025-06-27T17:43:49.000Z,1.8696861776863989,579.0,8.45,20.01,0.0
UberX,completed,2025-06-27T17:33:31.000Z,2025-06-27T17:56:25.000Z,2025-06-27T18:20:36.000Z,4.678118177,1443.0,8.45,29.89,0.0
UberX,completed,2025-06-27T20:27:59.000Z,2025-06-27T20:35:45.000Z,2025-06-27T20:50:45.000Z,4.611503621950256,900.0,7.04,25.75,0.0
UberX,driver_canceled,2025-06-28T00:00:32.000Z,,,0.0,0.0,,5.0,4.63
UberX,completed,2025-06-28T00:45:32.000Z,2025-06-28T00:56:45.000Z,2025-06-28T01:06:36.000Z,4.007165819096894,591.0,8.45,25.72,0.0
UberX,completed,2025-06-28T06:54:27.000Z,2025-06-28T07:06:30.000Z,2025-06-28T07:09:02.000Z,0.2524691639819279,152.0,8.45,12.36,0.0
UberX,completed,2025-06-28T07:55:57.000Z,2025-06-28T08:04:58.000Z,2025-06-28T08:15:08.000Z,3.9775116349406847,594.0,7.04,20.97,0.0
UberX,completed,2025-06-28T08:15:45.000Z,2025-06-28T08:22:28.000Z,2025-06-28T08:44:19.000Z,8.038790573688544,1311.0,7.04,33.41,0.0
UberX,completed,2025-06-28T08:45:50.000Z,2025-06-28T08:50:26.000Z,2025-06-28T08:59:29.000Z,3.394831103298166,543.0,7.04,30.96,0.0
UberX,completed,2025-06-28T16:16:01.000Z,2025-06-28T16:20:53.000Z,2025-06-28T16:43:30.000Z,6.987445179,1316.0,7.04,33.99,0.0
UberX,completed,2025-06-28T16:40:27.000Z,2025-06-28T16:48:24.000Z,2025-06-28T17:16:11.000Z,10.16714930595198,1653.0,7.04,68.9,0.0
UberX,completed,2025-06-28T17:16:54.000Z,2025-06-28T17:23:22.000Z,2025-06-28T17:33:41.000Z,3.0005859901337635,619.0,7.04,19.08,0.0
UberX,completed,2025-06-28T17:31:48.000Z,2025-06-28T17:37:23.000Z,2025-06-28T17:55:42.000Z,5.2276939873398405,1099.0,7.04,29.92,0.0
UberX,completed,2025-06-28T18:06:22.000Z,2025-06-28T18:13:44.000Z,2025-06-28T18:22:29.000Z,1.6610994122100842,525.0,7.04,14.27,0.0
UberX,completed,2025-06-28T18:26:28.000Z,2025-06-28T18:31:59.000Z,2025-06-28T18:46:08.000Z,3.629081432180144,849.0,7.04,20.77,0.0
UberX,completed,2025-06-28T18:44:53.000Z,2025-06-28T18:57:00.000Z,2025-06-28T19:22:35.000Z,8.668640687267926,1535.0,7.04,40.5,0.0
UberX,completed,2025-06-28T19:26:52.000Z,2025-06-28T19:30:59.000Z,2025-06-28T19:45:40.000Z,5.020623309881566,866.0,7.04,25.4,0.0
UberX,completed,2025-06-28T19:53:33.000Z,2025-06-28T20:02:01.000Z,2025-06-28T20:24:30.000Z,5.8457161070467984,1349.0,7.04,30.32,0.0
UberX,completed,2025-06-28T20:22:13.000Z,2025-06-28T20:32:35.000Z,2025-06-28T20:48:01.000Z,3.578016685143819,926.0,7.04,22.47,0.0
UberX,completed,2025-06-28T20:42:38.000Z,2025-06-28T20:54:43.000Z,2025-06-28T21:07:57.000Z,3.866827958950463,794.0,7.04,21.55,0.0
UberX,completed,2025-06-28T21:05:39.000Z,2025-06-28T21:14:38.000Z,2025-06-28T21:29:26.000Z,4.464638063366293,888.0,7.04,27.22,0.0
UberX,completed,2025-06-28T21:51:45.000Z,2025-06-28T21:57:23.000Z,2025-06-28T22:10:21.000Z,2.4518839880238765,778.0,7.04,18.94,0.0
UberX,completed,2025-06-28T22:07:09.000Z,2025-06-28T22:21:59.000Z,2025-06-28T22:48:23.000Z,5.043366555063412,1527.0,7.04,27.97,0.0
UberX,completed,2025-06-29T01:06:16.000Z,2025-06-29T01:18:59.000Z,2025-06-29T01:30:50.000Z,4.540092795,711.0,8.45,27.99,0.0
UberX,completed,2025-06-29T01:26:37.000Z,2025-06-29T01:41:04.000Z,2025-06-29T01:58:34.000Z,8.426787357235087,1050.0,8.45,40.84,0.0
UberX,completed,2025-07-01T12:54:25.000Z,2025-07-01T13:13:51.000Z,2025-07-01T13:32:13.000Z,6.573969807273146,1102.0,7.04,30.93,0.0
UberX,completed,2025-07-01T13:37:28.000Z,2025-07-01T13:51:23.000Z,2025-07-01T14:05:47.000Z,4.272561249102938,864.0,7.04,23.78,0.0
UberX,rider_canceled,2025-07-01T13:57:21.000Z,,,0.0,0.0,,0.0,0.0
UberX,completed,2025-07-01T14:12:19.000Z,2025-07-01T14:30:31.000Z,2025-07-01T14:46:52.000Z,4.879491450175356,981.0,7.04,29.93,0.0
UberX,rider_canceled,2025-07-01T14:32:01.000Z,,,0.0,0.0,,0.0,0.0
UberX,completed,2025-07-01T14:35:35.000Z,2025-07-01T14:52:50.000Z,2025-07-01T15:24:22.000Z,7.119528071194718,1875.0,7.04,35.54,0.0
UberX,completed,2025-07-01T15:53:09.000Z,2025-07-01T16:07:06.000Z,2025-07-01T16:32:06.000Z,5.136403220850131,1500.0,8.45,34.61,0.0
UberX,completed,2025-07-01T16:28:28.000Z,2025-07-01T16:42:36.000Z,2025-07-01T16:49:54.000Z,2.8230144344634507,438.0,8.45,20.91,0.0
UberX,completed,2025-07-01T16:47:12.000Z,2025-07-01T16:53:44.000Z,2025-07-01T17:14:36.000Z,4.931685293488049,1252.0,8.45,33.11,0.0
UberX,completed,2025-07-01T17:10:33.000Z,2025-07-01T17:14:55.000Z,2025-07-01T17:36:31.000Z,3.1736782295019887,1296.0,8.45,23.97,0.0
UberX,completed,2025-07-02T13:59:49.000Z,2025-07-02T14:12:39.000Z,2025-07-02T14:30:40.000Z,3.348030484201075,1081.0,7.04,20.57,0.0
UberX,completed,2025-07-02T14:26:10.000Z,2025-07-02T14:37:50.000Z,2025-07-02T15:03:06.000Z,6.706331457342433,1516.0,7.04,30.97,0.0
UberX,completed,2025-07-02T15:06:50.000Z,2025-07-02T15:23:15.000Z,2025-07-02T15:43:30.000Z,4.905214269442906,1215.0,8.45,33.98,0.0
UberX,completed,2025-07-02T15:39:56.000Z,2025-07-02T15:47:07.000Z,2025-07-02T16:16:52.000Z,5.737473440399414,1785.0,8.45,36.15,0.0
UberX,completed,2025-07-02T16:11:22.000Z,2025-07-02T16:21:40.000Z,2025-07-02T16:39:18.000Z,3.640480331413637,1058.0,8.45,32.42,0.0
UberX,completed,2025-07-02T16:59:48.000Z,2025-07-02T17:14:02.000Z,2025-07-02T17:36:31.000Z,4.596758268494713,1349.0,8.45,31.18,0.0
UberX,completed,2025-07-02T17:34:49.000Z,2025-07-02T17:50:14.000Z,2025-07-02T18:22:09.000Z,6.819224802435389,1915.0,8.45,41.06,0.0
UberX,rider_canceled,2025-07-02T18:18:19.000Z,,,0.0,0.0,,0.0,0.0
UberX,rider_canceled,2025-07-02T18:20:12.000Z,,,0.0,0.0,,0.0,0.0
UberX,completed,2025-07-02T18:22:37.000Z,2025-07-02T18:31:30.000Z,2025-07-02T18:43:42.000Z,4.712646416945752,727.0,8.45,31.53,0.0
UberX,completed,2025-07-03T14:10:35.000Z,2025-07-03T14:17:22.000Z,2025-07-03T14:26:56.000Z,2.1921638161732204,569.0,7.04,22.67,0.0
UberX,completed,2025-07-03T14:42:35.000Z,2025-07-03T14:55:53.000Z,2025-07-03T15:07:30.000Z,2.04307132177782,697.0,7.04,21.44,0.0
UberX,completed,2025-07-03T14:57:31.000Z,2025-07-03T15:12:11.000Z,2025-07-03T15:17:44.000Z,1.1883566899439677,333.0,7.04,13.98,0.0
UberX,completed,2025-07-03T15:07:43.000Z,2025-07-03T15:21:38.000Z,2025-07-03T15:36:42.000Z,2.4542601340231585,904.0,8.45,23.9,0.0
UberX,completed,2025-07-03T15:40:46.000Z,2025-07-03T15:51:26.000Z,2025-07-03T16:11:40.000Z,3.860663203,1214.0,8.45,28.93,0.0
UberX,completed,2025-07-03T16:04:09.000Z,2025-07-03T16:23:29.000Z,2025-07-03T16:57:22.000Z,4.494734825085553,2033.0,8.45,40.18,0.0
UberX,completed,2025-07-04T07:53:15.000Z,2025-07-04T08:09:26.000Z,2025-07-04T08:24:38.000Z,4.154783630136269,912.0,8.45,28.97,0.0
UberX,completed,2025-07-04T13:46:49.000Z,2025-07-04T14:01:00.000Z,2025-07-04T14:25:15.000Z,6.310225025,1455.0,7.04,32.9,0.0
UberX,completed,2025-07-04T14:26:27.000Z,2025-07-04T14:43:37.000Z,2025-07-04T15:04:41.000Z,5.451098960025108,1258.0,7.04,29.85,0.0
UberX,rider_canceled,2025-07-04T15:05:44.000Z,,,0.0,0.0,,0.0,0.0
UberX,completed,2025-07-04T15:07:42.000Z,2025-07-04T15:15:12.000Z,2025-07-04T15:23:38.000Z,1.3900403820006946,506.0,8.45,17.66,0.0
UberX,completed,2025-07-04T15:20:58.000Z,2025-07-04T15:29:07.000Z,2025-07-04T15:57:10.000Z,7.0258796710205935,1683.0,8.45,42.91,0.0
UberX,completed,2025-07-04T15:51:12.000Z,2025-07-04T16:05:09.000Z,2025-07-04T16:29:32.000Z,6.052943677,1463.0,8.45,36.97,0.0
UberX,completed,2025-07-04T16:32:31.000Z,2025-07-04T16:37:15.000Z,2025-07-04T16:51:18.000Z,5.401045845851674,843.0,8.45,32.97,0.0
UberX,completed,2025-07-04T16:58:06.000Z,2025-07-04T17:03:31.000Z,2025-07-04T17:16:47.000Z,2.6440379581875746,796.0,8.45,21.04,0.0
UberX,completed,2025-07-04T17:13:47.000Z,2025-07-04T17:23:33.000Z,2025-07-04T17:38:21.000Z,4.062362177808629,888.0,8.45,28.49,0.0
UberX,completed,2025-07-04T17:32:05.000Z,2025-07-04T17:46:29.000Z,2025-07-04T18:07:57.000Z,6.067305849337693,1288.0,8.45,39.95,0.0
UberX,completed,2025-07-04T18:04:28.000Z,2025-07-04T18:15:02.000Z,2025-07-04T18:23:01.000Z,2.996189080455509,479.0,8.45,27.5,0.0
UberX,completed,2025-07-04T18:32:05.000Z,2025-07-04T18:48:02.000Z,2025-07-04T19:10:13.000Z,6.890373479475504,1331.0,8.45,42.28,0.0
UberX,completed,2025-07-04T19:05:42.000Z,2025-07-04T19:37:39.000Z,2025-07-04T19:47:01.000Z,2.513148754580764,512.0,7.04,16.94,0.0
UberX,completed,2025-07-04T19:08:59.000Z,2025-07-04T19:15:50.000Z,2025-07-04T19:22:59.000Z,1.6061901743717752,429.0,7.04,14.06,0.0
UberX,completed,2025-07-04T19:42:39.000Z,2025-07-04T20:16:58.000Z,2025-07-04T20:44:00.000Z,11.184022655222387,1622.0,7.04,59.48,0.0
UberX,completed,2025-07-05T13:54:22.000Z,2025-07-05T14:06:39.000Z,2025-07-05T14:28:25.000Z,5.639700636166994,1306.0,7.04,27.55,0.0
UberX,completed,2025-07-05T14:31:48.000Z,2025-07-05T14:39:16.000Z,2025-07-05T14:48:01.000Z,2.662915553026618,498.0,7.04,17.58,0.0
UberX,completed,2025-07-05T14:40:56.000Z,2025-07-05T14:51:54.000Z,2025-07-05T15:16:30.000Z,7.642780429454891,1476.0,7.04,36.95,0.0
UberX,completed,2025-07-05T15:14:32.000Z,2025-07-05T15:26:58.000Z,2025-07-05T15:35:17.000Z,2.0118282512223824,499.0,7.04,15.55,0.0
UberX,completed,2025-07-05T15:30:59.000Z,2025-07-05T15:40:39.000Z,2025-07-05T16:08:30.000Z,12.375915686106303,1671.0,7.04,39.47,0.0
UberX,completed,2025-07-05T16:17:02.000Z,2025-07-05T16:27:13.000Z,2025-07-05T16:47:51.000Z,5.718709408560672,1238.0,7.04,29.42,0.0
UberX,completed,2025-07-05T16:42:53.000Z,2025-07-05T17:13:13.000Z,2025-07-05T17:27:59.000Z,4.846278803,886.0,7.04,26.32,0.0
UberX,completed,2025-07-07T13:05:53.000Z,2025-07-07T13:13:22.000Z,2025-07-07T13:38:45.000Z,8.284017614939138,1506.0,7.04,36.08,0.0
UberX,rider_canceled,2025-07-07T13:37:37.000Z,,,0.0,0.0,,0.0,0.0
UberX,completed,2025-07-07T13:40:30.000Z,2025-07-07T13:44:36.000Z,2025-07-07T14:00:23.000Z,3.546299068300548,947.0,7.04,22.97,0.0
UberX,completed,2025-07-07T14:41:09.000Z,2025-07-07T14:47:33.000Z,2025-07-07T14:58:33.000Z,1.9342228343014995,660.0,7.04,15.99,0.0
UberX,completed,2025-07-07T15:22:34.000Z,2025-07-07T15:29:06.000Z,2025-07-07T15:36:42.000Z,1.4321172107477362,456.0,8.45,17.96,0.0
UberX,completed,2025-07-07T15:29:33.000Z,2025-07-07T15:41:34.000Z,2025-07-07T15:56:35.000Z,2.816294919168904,901.0,8.45,20.7,0.0
UberX,rider_canceled,2025-07-07T15:59:14.000Z,,,0.0,0.0,,0.0,0.0
UberX,completed,2025-07-07T16:04:07.000Z,2025-07-07T16:10:32.000Z,2025-07-07T16:41:09.000Z,7.445887779743707,1798.0,8.45,43.7,0.0
UberX,completed,2025-07-07T17:15:12.000Z,2025-07-07T17:24:35.000Z,2025-07-07T17:36:19.000Z,2.8711908082060056,704.0,8.45,23.92,0.0
UberX,completed,2025-07-07T17:37:30.000Z,2025-07-07T17:46:35.000Z,2025-07-07T18:07:33.000Z,6.020761837214089,1258.0,8.45,38.34,0.0
UberX,completed,2025-07-07T18:03:59.000Z,2025-07-07T18:10:21.000Z,2025-07-07T18:23:19.000Z,3.870182844342326,778.0,8.45,25.9,0.0
UberX,rider_canceled,2025-07-08T12:02:00.000Z,,,0.0,0.0,,0.0,0.0
UberX,completed,2025-07-08T12:38:44.000Z,2025-07-08T12:45:12.000Z,2025-07-08T13:00:23.000Z,2.7031680617145093,911.0,7.04,19.07,0.0
UberX,completed,2025-07-08T13:53:20.000Z,2025-07-08T13:57:22.000Z,2025-07-08T14:09:36.000Z,2.356567219268519,710.0,7.04,19.46,0.0
UberX,completed,2025-07-08T14:09:40.000Z,2025-07-08T14:15:00.000Z,2025-07-08T14:31:44.000Z,3.351548633514697,1004.0,7.04,20.99,0.0
UberX,completed,2025-07-08T14:26:08.000Z,2025-07-08T14:33:31.000Z,2025-07-08T14:57:43.000Z,5.181845824365794,1452.0,7.04,36.17,0.0
UberX,completed,2025-07-08T14:55:12.000Z,2025-07-08T15:06:31.000Z,2025-07-08T15:22:03.000Z,1.2855692653188888,679.0,7.04,12.64,0.0
UberX,completed,2025-07-08T15:26:24.000Z,2025-07-08T15:33:47.000Z,2025-07-08T15:49:18.000Z,2.402480973024612,931.0,8.45,24.1,0.0
UberX,completed,2025-07-08T15:41:17.000Z,2025-07-08T15:52:57.000Z,2025-07-08T16:12:58.000Z,1.6968651928086744,1201.0,8.45,24.7,0.0
UberX,completed,2025-07-08T16:11:38.000Z,2025-07-08T16:24:24.000Z,2025-07-08T16:40:25.000Z,1.8123740974419769,961.0,8.45,30.36,0.0
UberX,completed,2025-07-08T16:51:27.000Z,2025-07-08T17:02:45.000Z,2025-07-08T17:26:01.000Z,6.251269967441099,1389.0,8.45,44.14,0.0
UberX,completed,2025-07-08T17:25:33.000Z,2025-07-08T17:32:37.000Z,2025-07-08T17:48:18.000Z,2.998167217063496,941.0,8.45,25.96,0.0
UberX,completed,2025-07-08T17:47:35.000Z,2025-07-08T17:54:09.000Z,2025-07-08T18:14:55.000Z,3.215672544277674,1246.0,8.45,25.18,0.0
UberX,completed,2025-07-09T16:34:42.000Z,2025-07-09T16:56:49.000Z,2025-07-09T17:19:12.000Z,4.4228814314549165,1343.0,8.45,35.38,0.0
UberX,completed,2025-07-09T17:16:44.000Z,2025-07-09T17:23:01.000Z,2025-07-09T17:28:58.000Z,1.5612501361317042,357.0,8.45,16.17,0.0
UberX,completed,2025-07-09T17:27:31.000Z,2025-07-09T17:32:24.000Z,2025-07-09T17:50:24.000Z,4.001142239081502,1063.0,8.45,30.13,0.0
UberX,completed,2025-07-10T12:50:40.000Z,2025-07-10T12:59:58.000Z,2025-07-10T13:21:45.000Z,7.017079240559878,1307.0,7.04,34.27,0.0
UberX,completed,2025-07-10T13:20:42.000Z,2025-07-10T13:28:30.000Z,2025-07-10T13:52:51.000Z,5.864275663601307,1410.0,7.04,28.96,0.0
UberX,completed,2025-07-10T13:53:40.000Z,2025-07-10T13:58:16.000Z,2025-07-10T14:27:05.000Z,8.627582143114195,1699.0,7.04,43.37,0.0
UberX,rider_canceled,2025-07-10T14:27:27.000Z,,,0.0,0.0,,0.0,0.0
UberX,completed,2025-07-10T14:31:08.000Z,2025-07-10T14:39:23.000Z,2025-07-10T15:06:27.000Z,7.217807859657413,1624.0,7.04,37.49,0.0
UberX,completed,2025-07-10T15:02:39.000Z,2025-07-10T15:17:57.000Z,2025-07-10T15:32:22.000Z,3.455539607320166,858.0,8.45,25.9,0.0
UberX,completed,2025-07-10T15:42:23.000Z,2025-07-10T15:48:17.000Z,2025-07-10T16:11:14.000Z,4.154007466810175,1377.0,8.45,30.37,0.0
UberX,completed,2025-07-10T16:08:08.000Z,2025-07-10T16:22:40.000Z,2025-07-10T16:33:47.000Z,1.2783526049467788,667.0,8.45,22.33,0.0
UberX,completed,2025-07-12T19:32:23.000Z,2025-07-12T19:36:17.000Z,2025-07-12T19:43:32.000Z,1.176807542746463,435.0,7.04,24.76,0.0
UberX,rider_canceled,2025-07-12T19:32:51.000Z,,,0.0,0.0,,0.0,0.0
UberX,completed,2025-07-12T19:35:57.000Z,2025-07-12T19:50:56.000Z,2025-07-12T20:02:49.000Z,3.223364477677475,713.0,7.04,19.02,0.0
UberX,completed,2025-07-12T20:14:54.000Z,2025-07-12T20:27:56.000Z,2025-07-12T20:43:19.000Z,3.828899799668685,923.0,7.04,33.35,0.0
UberX,completed,2025-07-12T21:34:52.000Z,2025-07-12T21:43:40.000Z,2025-07-12T21:57:35.000Z,3.426877674795931,835.0,7.04,40.66,0.0
UberX,completed,2025-07-12T22:09:01.000Z,2025-07-12T22:22:37.000Z,2025-07-12T22:41:56.000Z,5.901272476552182,1159.0,7.04,40.33,0.0
UberX,completed,2025-07-12T22:52:17.000Z,2025-07-12T23:00:24.000Z,2025-07-12T23:13:34.000Z,3.677408237303466,790.0,7.04,22.94,0.0
UberX,completed,2025-07-13T16:25:28.000Z,2025-07-13T16:33:54.000Z,2025-07-13T16:47:20.000Z,3.292980289131594,807.0,7.04,34.95,0.0
UberX,completed,2025-07-13T16:47:20.000Z,2025-07-13T16:50:56.000Z,2025-07-13T17:05:26.000Z,4.501462442363134,812.0,7.04,23.78,0.0
UberX,completed,2025-07-13T19:45:57.000Z,2025-07-13T19:56:48.000Z,2025-07-13T20:10:24.000Z,3.200756704399628,816.0,7.04,22.28,0.0
UberX,completed,2025-07-14T10:48:17.000Z,2025-07-14T11:11:08.000Z,2025-07-14T11:29:23.000Z,8.049397692876111,1095.0,7.04,38.93,0.0
UberX,completed,2025-07-14T11:05:28.000Z,2025-07-14T11:34:57.000Z,2025-07-14T11:51:25.000Z,4.032609711643854,820.0,7.04,21.91,0.0
UberX,completed,2025-07-14T15:17:12.000Z,2025-07-14T15:31:29.000Z,2025-07-14T15:50:30.000Z,2.4349146921225384,1085.0,8.45,34.95,0.0
UberX,completed,2025-07-14T15:29:16.000Z,2025-07-14T15:58:35.000Z,2025-07-14T16:22:03.000Z,4.969380846182997,1408.0,8.45,35.29,0.0
UberX,completed,2025-07-14T16:18:19.000Z,2025-07-14T16:28:06.000Z,2025-07-14T16:38:04.000Z,2.481380201909356,598.0,8.45,20.52,0.0
UberX,completed,2025-07-15T15:58:48.000Z,2025-07-15T16:13:50.000Z,2025-07-15T16:32:47.000Z,4.675800742300063,1137.0,8.45,32.94,0.0
UberX,completed,2025-07-16T11:52:34.000Z,2025-07-16T12:23:11.000Z,2025-07-16T12:49:31.000Z,6.207655365515813,1580.0,7.04,33.28,0.0
UberX,completed,2025-07-16T13:28:59.000Z,2025-07-16T13:37:49.000Z,2025-07-16T13:47:30.000Z,2.6631260499989526,581.0,7.04,16.99,0.0
UberX,completed,2025-07-16T13:44:09.000Z,2025-07-16T13:56:59.000Z,2025-07-16T14:22:18.000Z,7.610006967426197,1519.0,7.04,40.15,0.0
UberX,completed,2025-07-16T14:13:49.000Z,2025-07-16T14:25:51.000Z,2025-07-16T14:39:27.000Z,4.650221421007766,816.0,7.04,24.95,0.0
UberX,completed,2025-07-16T15:07:21.000Z,2025-07-16T15:15:20.000Z,2025-07-16T15:20:57.000Z,1.364976678853121,313.0,8.45,14.22,0.0
UberX,rider_canceled,2025-07-16T15:18:20.000Z,,,0.0,0.0,,0.0,0.0
UberX,completed,2025-07-17T12:39:51.000Z,2025-07-17T12:45:15.000Z,2025-07-17T12:51:41.000Z,1.7723965700677131,386.0,7.04,18.93,0.0
UberX,completed,2025-07-17T12:50:56.000Z,2025-07-17T13:00:24.000Z,2025-07-17T13:08:15.000Z,1.2185163261599623,471.0,7.04,12.51,0.0
UberX,completed,2025-07-17T14:11:15.000Z,2025-07-17T14:17:29.000Z,2025-07-17T14:38:01.000Z,6.721034159254766,1232.0,7.04,32.95,0.0
UberX,rider_canceled,2025-07-18T12:20:36.000Z,,,0.0,0.0,,0.0,0.0
UberX,completed,2025-07-18T12:23:46.000Z,2025-07-18T12:27:45.000Z,2025-07-18T12:35:01.000Z,1.2338033409407665,436.0,7.04,18.14,0.0
UberX,completed,2025-07-18T12:32:47.000Z,2025-07-18T12:59:00.000Z,2025-07-18T13:27:16.000Z,8.439661142032458,1696.0,7.04,37.45,0.0
UberX,completed,2025-07-18T13:25:17.000Z,2025-07-18T13:30:42.000Z,2025-07-18T13:42:48.000Z,1.7200313138138377,726.0,7.04,16.52,0.0
UberX,completed,2025-07-18T14:48:39.000Z,2025-07-18T14:57:28.000Z,2025-07-18T15:24:53.000Z,9.031714304954926,1637.0,7.04,45.97,0.0
UberX,completed,2025-07-18T15:29:19.000Z,2025-07-18T15:45:54.000Z,2025-07-18T16:05:21.000Z,4.929134446128912,1167.0,8.45,30.43,0.0
UberX,completed,2025-07-18T20:11:01.000Z,2025-07-18T20:16:58.000Z,2025-07-18T20:39:49.000Z,3.930241701792954,1371.0,7.04,22.9,0.0
UberX,completed,2025-07-19T07:49:29.000Z,2025-07-19T07:59:27.000Z,2025-07-19T08:23:26.000Z,4.748030310076417,1439.0,7.04,24.77,0.0
UberX,completed,2025-07-19T18:01:01.000Z,2025-07-19T18:10:06.000Z,2025-07-19T18:28:12.000Z,3.7642927476173087,1086.0,7.04,22.72,0.0
UberX,completed,2025-07-21T13:06:39.000Z,2025-07-21T13:23:55.000Z,2025-07-21T13:39:52.000Z,6.530813268352429,957.0,7.04,30.76,0.0
UberX,completed,2025-07-21T13:29:24.000Z,2025-07-21T13:54:46.000Z,2025-07-21T14:23:06.000Z,8.817712955107416,1540.0,7.04,43.95,0.0
UberX,completed,2025-07-21T15:13:03.000Z,2025-07-21T15:23:40.000Z,2025-07-21T15:38:15.000Z,2.0902651272473984,865.0,8.45,19.36,0.0
UberX,completed,2025-07-21T15:26:15.000Z,2025-07-21T15:56:18.000Z,2025-07-21T16:28:08.000Z,7.610394035032059,1910.0,8.45,46.4,0.0
UberX,completed,2025-07-22T12:31:34.000Z,2025-07-22T12:40:51.000Z,2025-07-22T12:59:19.000Z,5.027920736982318,1108.0,7.04,29.93,0.0
UberX,completed,2025-07-22T15:50:37.000Z,2025-07-22T16:10:38.000Z,2025-07-22T16:36:31.000Z,6.553343617538624,1553.0,8.45,42.94,0.0
UberX,completed,2025-07-22T17:37:01.000Z,2025-07-22T17:47:51.000Z,2025-07-22T18:14:13.000Z,5.323063159076852,1582.0,8.45,43.17,0.0
UberX,completed,2025-07-23T13:11:09.000Z,2025-07-23T13:17:46.000Z,2025-07-23T13:39:45.000Z,6.582810291193238,1319.0,7.04,31.03,0.0
UberX,completed,2025-07-23T13:40:11.000Z,2025-07-23T13:43:40.000Z,2025-07-23T14:05:49.000Z,5.849663336670704,1312.0,7.04,30.49,0.0
UberX,completed,2025-07-23T14:40:40.000Z,2025-07-23T14:55:54.000Z,2025-07-23T15:28:44.000Z,7.6989710304190355,1878.0,7.04,39.11,0.0
UberX,completed,2025-07-23T17:00:59.000Z,2025-07-23T17:09:33.000Z,2025-07-23T17:25:01.000Z,3.055240268,928.0,8.45,21.93,0.0
UberX,completed,2025-07-23T17:25:47.000Z,2025-07-23T17:29:34.000Z,2025-07-23T17:44:44.000Z,2.765110528924205,910.0,8.45,23.71,0.0
UberX,completed,2025-07-23T20:19:04.000Z,2025-07-23T20:25:24.000Z,2025-07-23T20:38:26.000Z,4.208199371021118,722.0,7.04,22.62,0.0
UberX,completed,2025-07-24T13:57:10.000Z,2025-07-24T14:03:26.000Z,2025-07-24T14:25:27.000Z,6.194266622647599,1321.0,7.04,30.9,0.0
UberX,completed,2025-07-24T14:28:24.000Z,2025-07-24T14:37:03.000Z,2025-07-24T14:52:53.000Z,3.8780433474270177,950.0,7.04,24.16,0.0
UberX,completed,2025-07-24T14:53:00.000Z,2025-07-24T15:01:00.000Z,2025-07-24T15:07:44.000Z,1.3780759140720371,404.0,7.04,12.99,0.0
UberX,completed,2025-07-24T15:04:09.000Z,2025-07-24T15:09:43.000Z,2025-07-24T15:25:19.000Z,2.3570332514382897,936.0,8.45,22.93,0.0
UberX,completed,2025-07-24T16:15:42.000Z,2025-07-24T16:20:56.000Z,2025-07-24T16:44:15.000Z,3.555538536103944,1383.0,8.45,26.83,0.0
UberX,completed,2025-07-24T16:39:54.000Z,2025-07-24T16:50:13.000Z,2025-07-24T17:01:59.000Z,1.9448898428496624,706.0,8.45,20.9,0.0
UberX,completed,2025-07-24T17:02:07.000Z,2025-07-24T17:08:18.000Z,2025-07-24T17:26:00.000Z,5.442689608,1062.0,8.45,34.91,0.0
UberX,completed,2025-07-25T14:08:09.000Z,2025-07-25T14:18:16.000Z,2025-07-25T14:34:46.000Z,3.7036674627789727,989.0,7.04,23.92,0.0
UberX,completed,2025-07-25T14:12:38.000Z,2025-07-25T14:36:12.000Z,2025-07-25T14:51:10.000Z,2.372944678171784,898.0,7.04,16.97,0.0
UberX,completed,2025-07-25T16:25:02.000Z,2025-07-25T16:38:30.000Z,2025-07-25T16:59:46.000Z,5.865402011995098,1276.0,8.45,36.4,0.0
UberX,completed,2025-07-25T17:04:36.000Z,2025-07-25T17:10:29.000Z,2025-07-25T17:32:25.000Z,3.885875186268275,1313.0,8.45,27.97,0.0
UberX,completed,2025-07-25T17:24:31.000Z,2025-07-25T17:36:53.000Z,2025-07-25T17:47:19.000Z,3.597460011483681,626.0,8.45,24.46,0.0
UberX,completed,2025-07-25T18:14:24.000Z,2025-07-25T18:24:01.000Z,2025-07-25T18:39:06.000Z,3.7419784463203856,906.0,8.45,23.93,0.0
UberX,completed,2025-07-26T03:06:53.000Z,2025-07-26T03:22:05.000Z,2025-07-26T03:36:39.000Z,4.346224853460243,874.0,8.45,31.2,0.0
UberX,completed,2025-07-26T03:20:50.000Z,2025-07-26T03:41:46.000Z,2025-07-26T04:12:45.000Z,13.33352665225059,1859.0,8.45,85.48,0.0
UberX,completed,2025-07-26T17:59:38.000Z,2025-07-26T18:03:49.000Z,2025-07-26T18:19:31.000Z,3.0750563921764957,942.0,7.04,62.85,0.0
UberX,completed,2025-07-26T18:45:44.000Z,2025-07-26T18:56:11.000Z,2025-07-26T19:10:24.000Z,2.5646657354870994,853.0,7.04,43.11,0.0
UberX,completed,2025-07-26T19:20:57.000Z,2025-07-26T19:27:44.000Z,2025-07-26T19:44:52.000Z,2.5037433429428666,1027.0,7.04,42.08,0.0
UberX,rider_canceled,2025-07-26T19:44:39.000Z,,,0.0,0.0,,0.0,0.0
UberX,completed,2025-07-26T19:45:42.000Z,2025-07-26T19:53:16.000Z,2025-07-26T20:05:28.000Z,2.6886905459611814,733.0,7.04,32.97,0.0
UberX,rider_canceled,2025-07-26T21:29:20.000Z,,,0.0,0.0,,0.0,0.0
UberX,completed,2025-07-28T12:34:11.000Z,2025-07-28T12:41:27.000Z,2025-07-28T12:49:42.000Z,1.5871695935626908,495.0,7.04,37.19,0.0
UberX,completed,2025-07-28T17:32:06.000Z,2025-07-28T17:44:07.000Z,2025-07-28T17:57:20.000Z,2.6609222563382637,793.0,8.45,20.95,0.0
UberX,completed,2025-07-28T17:57:02.000Z,2025-07-28T17:58:53.000Z,2025-07-28T18:09:59.000Z,2.997442709359352,665.0,8.45,21.93,0.0
UberX,completed,2025-07-28T18:08:39.000Z,2025-07-28T18:11:42.000Z,2025-07-28T18:27:05.000Z,2.203455928406795,923.0,8.45,19.95,0.0
UberX,completed,2025-07-29T14:30:47.000Z,2025-07-29T14:40:29.000Z,2025-07-29T15:03:40.000Z,5.846614797986385,1391.0,7.04,28.92,0.0
UberX,completed,2025-07-29T15:05:46.000Z,2025-07-29T15:10:04.000Z,2025-07-29T15:16:06.000Z,1.2645261341001637,309.0,8.45,14.56,0.0
UberX,completed,2025-07-29T15:17:48.000Z,2025-07-29T15:28:18.000Z,2025-07-29T15:42:25.000Z,2.814015594034669,847.0,8.45,22.95,0.0
UberX,completed,2025-07-29T15:33:22.000Z,2025-07-29T15:49:25.000Z,2025-07-29T15:57:59.000Z,3.255096774346005,514.0,8.45,22.11,0.0
UberX,completed,2025-07-30T15:41:22.000Z,2025-07-30T15:43:22.000Z,2025-07-30T15:55:20.000Z,2.024768038689971,718.0,8.45,19.93,0.0
UberX,completed,2025-07-30T15:56:48.000Z,2025-07-30T16:06:22.000Z,2025-07-30T16:28:35.000Z,3.9941872641362446,1333.0,8.45,30.23,0.0
UberX,completed,2025-07-30T16:26:36.000Z,2025-07-30T16:38:03.000Z,2025-07-30T16:50:57.000Z,2.8871459729991438,774.0,8.45,19.95,0.0
UberX,completed,2025-07-30T16:42:10.000Z,2025-07-30T16:55:38.000Z,2025-07-30T17:20:23.000Z,7.566506133331696,1485.0,8.45,42.62,0.0
UberX,completed,2025-07-30T17:15:58.000Z,2025-07-30T17:22:18.000Z,2025-07-30T17:31:50.000Z,1.550299101721839,539.0,8.45,19.81,0.0
UberX,completed,2025-07-30T17:30:33.000Z,2025-07-30T17:33:26.000Z,2025-07-30T17:49:00.000Z,3.688619477437221,934.0,8.45,25.52,0.0
UberX,completed,2025-08-01T13:14:20.000Z,2025-08-01T13:24:16.000Z,2025-08-01T13:51:55.000Z,9.745418681962258,1660.0,7.04,41.97,0.0
UberX,completed,2025-08-01T14:27:34.000Z,2025-08-01T14:32:53.000Z,2025-08-01T15:00:50.000Z,5.876349614562526,1677.0,7.04,33.98,0.0
UberX,completed,2025-08-01T14:52:31.000Z,2025-08-01T15:10:11.000Z,2025-08-01T15:45:07.000Z,9.176814790831074,2096.0,7.04,48.99,0.0
UberX,completed,2025-08-01T16:23:11.000Z,2025-08-01T16:27:59.000Z,2025-08-01T16:44:05.000Z,3.476197167854487,966.0,8.45,32.03,0.0
UberX,completed,2025-08-01T16:41:20.000Z,2025-08-01T16:54:07.000Z,2025-08-01T17:00:23.000Z,1.7330833217978494,376.0,8.45,17.9,0.0
UberX,completed,2025-08-01T17:01:40.000Z,2025-08-01T17:11:02.000Z,2025-08-01T17:44:46.000Z,6.684458535089841,2024.0,8.45,40.97,0.0
UberX,completed,2025-08-01T17:44:13.000Z,2025-08-01T17:52:31.000Z,2025-08-01T18:13:55.000Z,4.063552111416513,1285.0,8.45,29.93,0.0
UberX,completed,2025-08-01T19:03:44.000Z,2025-08-01T19:07:18.000Z,2025-08-01T19:32:24.000Z,7.675806225197515,1506.0,7.04,35.94,0.0
UberX,completed,2025-08-02T06:13:46.000Z,2025-08-02T06:18:56.000Z,2025-08-02T06:28:12.000Z,3.1382553660152306,524.0,8.45,22.26,0.0
UberX,completed,2025-08-02T06:38:45.000Z,2025-08-02T06:48:42.000Z,2025-08-02T06:59:34.000Z,3.2508070979770665,652.0,8.45,23.29,0.0
UberX,completed,2025-08-02T16:03:35.000Z,2025-08-02T16:22:50.000Z,2025-08-02T16:40:00.000Z,4.709886288711079,1030.0,7.04,28.08,0.0
UberX,completed,2025-08-03T06:04:26.000Z,2025-08-03T06:15:45.000Z,2025-08-03T06:20:53.000Z,1.538650384374273,308.0,8.45,16.43,0.0
UberX,completed,2025-08-03T06:20:46.000Z,2025-08-03T06:33:03.000Z,2025-08-03T06:44:46.000Z,2.9312831715816423,703.0,8.45,22.08,0.0
UberX,completed,2025-08-04T15:29:42.000Z,2025-08-04T15:46:58.000Z,2025-08-04T16:09:54.000Z,3.5504310105837704,1376.0,8.45,29.94,0.0
UberX,completed,2025-08-05T15:11:07.000Z,2025-08-05T15:13:26.000Z,2025-08-05T15:29:57.000Z,2.731889669735867,991.0,8.45,23.63,0.0
UberX,completed,2025-08-05T15:27:08.000Z,2025-08-05T15:37:15.000Z,2025-08-05T16:04:19.000Z,5.517746688,1623.0,8.45,36.62,0.0
UberX,completed,2025-08-05T15:55:35.000Z,2025-08-05T16:10:24.000Z,2025-08-05T16:20:16.000Z,2.4301545316948023,592.0,8.45,19.94,0.0
UberX,completed,2025-08-05T17:42:34.000Z,2025-08-05T17:49:33.000Z,2025-08-05T18:09:07.000Z,5.149405321484911,1174.0,8.45,32.05,0.0
UberX,completed,2025-08-05T18:33:32.000Z,2025-08-05T18:42:03.000Z,2025-08-05T18:52:28.000Z,2.170479877542564,625.0,8.45,19.98,0.0
UberX,completed,2025-08-06T14:25:14.000Z,2025-08-06T14:32:39.000Z,2025-08-06T14:51:01.000Z,4.288091118888535,1102.0,7.04,24.96,0.0
UberX,rider_canceled,2025-08-06T14:59:18.000Z,,,0.0,0.0,,0.0,0.0
UberX,completed,2025-08-06T15:39:43.000Z,2025-08-06T15:50:06.000Z,2025-08-06T16:19:56.000Z,6.160031295994052,1790.0,8.45,40.98,0.0
UberX,completed,2025-08-06T16:51:31.000Z,2025-08-06T16:57:57.000Z,2025-08-06T17:01:36.000Z,0.6485896804806422,219.0,8.45,14.91,0.0
UberX,completed,2025-08-06T17:01:08.000Z,2025-08-06T17:04:16.000Z,2025-08-06T17:17:42.000Z,3.30950728,806.0,8.45,25.57,0.0
UberX,completed,2025-08-06T17:14:33.000Z,2025-08-06T17:20:05.000Z,2025-08-06T17:36:33.000Z,4.247530800199509,988.0,8.45,28.39,0.0
UberX,completed,2025-08-07T16:01:35.000Z,2025-08-07T16:16:30.000Z,2025-08-07T16:20:29.000Z,0.6733819269013613,239.0,8.45,11.99,0.0
UberX,completed,2025-08-07T16:17:38.000Z,2025-08-07T16:25:27.000Z,2025-08-07T16:48:39.000Z,5.458386726195321,1392.0,8.45,39.77,0.0
UberX,completed,2025-08-07T16:42:23.000Z,2025-08-07T16:58:10.000Z,2025-08-07T17:13:00.000Z,4.650346880010091,890.0,8.45,33.18,0.0
UberX,completed,2025-08-08T17:22:53.000Z,2025-08-08T17:31:43.000Z,2025-08-08T17:49:57.000Z,4.653870469771786,1094.0,8.45,30.91,0.0
UberX,completed,2025-08-09T06:05:53.000Z,2025-08-09T06:13:38.000Z,2025-08-09T06:32:54.000Z,6.702735910701789,1157.0,8.45,41.93,0.0
UberX,completed,2025-08-09T06:28:59.000Z,2025-08-09T06:42:52.000Z,2025-08-09T06:53:10.000Z,3.029615701486497,618.0,8.45,21.95,0.0
UberX,completed,2025-08-09T06:50:12.000Z,2025-08-09T06:54:44.000Z,2025-08-09T07:12:12.000Z,7.965320368498434,1048.0,8.45,43.97,0.0
UberX,completed,2025-08-09T08:00:00.000Z,2025-08-09T07:49:29.000Z,2025-08-09T08:05:11.000Z,8.265938935540287,942.0,7.04,47.96,0.0
UberX,completed,2025-08-09T08:08:03.000Z,2025-08-09T08:16:49.000Z,2025-08-09T08:28:49.000Z,3.180976431156373,720.0,7.04,18.92,0.0
UberX,completed,2025-08-09T08:24:55.000Z,2025-08-09T08:35:50.000Z,2025-08-09T08:53:23.000Z,4.663049910388865,1053.0,7.04,23.92,0.0
UberX,completed,2025-08-09T14:38:25.000Z,2025-08-09T14:50:00.000Z,2025-08-09T14:56:19.000Z,1.562178934090003,379.0,7.04,13.92,0.0
UberX,completed,2025-08-09T14:52:01.000Z,2025-08-09T15:00:39.000Z,2025-08-09T15:10:21.000Z,1.7803435316121967,583.0,7.04,14.91,0.0
UberX,rider_canceled,2025-08-09T16:07:56.000Z,,,0.0,0.0,,0.0,0.0
UberX,completed,2025-08-09T16:10:18.000Z,2025-08-09T16:20:21.000Z,2025-08-09T16:41:41.000Z,6.190321164949353,1280.0,7.04,34.95,0.0
UberX,completed,2025-08-09T16:38:19.000Z,2025-08-09T16:50:26.000Z,2025-08-09T17:06:16.000Z,6.604705120797658,950.0,7.04,30.96,0.0
UberX,completed,2025-08-09T20:51:08.000Z,2025-08-09T21:05:35.000Z,2025-08-09T21:23:57.000Z,2.1872229787520565,1101.0,7.04,21.99,0.0
UberX,completed,2025-08-09T21:35:00.000Z,2025-08-09T21:38:56.000Z,2025-08-09T21:57:48.000Z,5.8225756224128284,1131.0,7.04,37.98,0.0
UberX,completed,2025-08-09T21:37:20.000Z,2025-08-09T22:08:15.000Z,2025-08-09T22:32:14.000Z,7.493542979327856,1438.0,7.04,35.91,0.0
UberX,completed,2025-08-09T22:42:58.000Z,2025-08-09T22:58:44.000Z,2025-08-09T23:12:36.000Z,2.870753582136582,832.0,7.04,22.12,0.0
UberX,completed,2025-08-09T23:04:45.000Z,2025-08-09T23:16:16.000Z,2025-08-09T23:38:50.000Z,9.750405541209457,1353.0,7.04,49.97,0.0
UberX,completed,2025-08-09T23:28:23.000Z,2025-08-09T23:54:01.000Z,2025-08-10T00:09:26.000Z,4.14467577781156,925.0,7.04,28.94,0.0
UberX,completed,2025-08-10T00:10:35.000Z,2025-08-10T00:18:27.000Z,2025-08-10T00:29:16.000Z,3.317132677529776,650.0,8.45,22.95,0.0
UberX,rider_canceled,2025-08-12T16:12:57.000Z,,,0.0,0.0,,0.0,0.0
UberX,completed,2025-08-12T16:14:44.000Z,2025-08-12T16:27:19.000Z,2025-08-12T16:53:16.000Z,5.947152615430707,1556.0,8.45,39.98,0.0
UberX,completed,2025-08-12T16:49:11.000Z,2025-08-12T16:58:19.000Z,2025-08-12T17:05:42.000Z,2.0443330284133268,443.0,8.45,16.97,0.0
UberX,completed,2025-08-12T17:01:29.000Z,2025-08-12T17:17:11.000Z,2025-08-12T17:29:39.000Z,3.7945814171107273,748.0,8.45,29.98,0.0
UberX,completed,2025-08-12T17:44:50.000Z,2025-08-12T17:51:26.000Z,2025-08-12T18:04:36.000Z,3.764221464213416,790.0,8.45,26.9,0.0
UberX,completed,2025-08-12T18:01:08.000Z,2025-08-12T18:08:21.000Z,2025-08-12T18:19:03.000Z,1.676022952662085,642.0,8.45,17.93,0.0
UberX,completed,2025-08-14T12:54:54.000Z,2025-08-14T13:06:09.000Z,2025-08-14T13:19:28.000Z,2.671955963038521,800.0,7.04,18.94,0.0
UberX,completed,2025-08-14T13:16:49.000Z,2025-08-14T13:35:54.000Z,2025-08-14T13:47:06.000Z,3.5833037942738857,672.0,7.04,21.95,0.0
UberX,completed,2025-08-14T13:47:12.000Z,2025-08-14T13:57:05.000Z,2025-08-14T14:16:06.000Z,5.422916100093059,1141.0,7.04,32.92,0.0
UberX,completed,2025-08-14T14:10:23.000Z,2025-08-14T14:27:42.000Z,2025-08-14T14:50:28.000Z,4.813935034077533,1366.0,7.04,29.98,0.0
UberX,completed,2025-08-14T14:39:52.000Z,2025-08-14T14:54:56.000Z,2025-08-14T15:07:17.000Z,1.978674741763048,741.0,7.04,16.92,0.0
UberX,completed,2025-08-14T14:57:07.000Z,2025-08-14T15:09:53.000Z,2025-08-14T15:42:47.000Z,7.117695574240311,1973.0,7.04,49.95,0.0
UberX,rider_canceled,2025-08-14T15:28:35.000Z,,,0.0,0.0,,0.0,0.0
UberX,completed,2025-08-14T15:45:29.000Z,2025-08-14T15:56:37.000Z,2025-08-14T16:23:28.000Z,6.466654092147207,1611.0,8.45,41.92,0.0
UberX,completed,2025-08-14T16:11:00.000Z,2025-08-14T16:27:52.000Z,2025-08-14T16:58:12.000Z,10.64866488791679,1820.0,8.45,63.97,0.0
UberX,completed,2025-08-14T17:02:45.000Z,2025-08-14T17:09:01.000Z,2025-08-14T17:18:14.000Z,4.137831821655019,552.0,8.45,24.96,0.0
UberX,completed,2025-08-14T17:15:22.000Z,2025-08-14T17:30:12.000Z,2025-08-14T17:49:13.000Z,6.009350071774497,1141.0,8.45,31.97,0.0
UberX,completed,2025-08-14T17:57:52.000Z,2025-08-14T18:16:36.000Z,2025-08-14T18:55:12.000Z,8.292629629,2317.0,8.45,64.96,0.0
UberX,completed,2025-08-14T19:05:55.000Z,2025-08-14T19:08:14.000Z,2025-08-14T19:31:54.000Z,6.057710617193788,1420.0,7.04,29.92,0.0
UberX,completed,2025-08-14T19:26:37.000Z,2025-08-14T19:37:00.000Z,2025-08-14T19:59:11.000Z,5.668377873123927,1331.0,7.04,26.99,0.0
UberX,completed,2025-08-14T19:53:50.000Z,2025-08-14T20:04:52.000Z,2025-08-14T20:25:12.000Z,6.178144574392055,1220.0,7.04,29.91,0.0
UberX,completed,2025-08-15T12:13:09.000Z,2025-08-15T12:21:29.000Z,2025-08-15T12:38:08.000Z,4.4470314271783655,999.0,7.04,24.94,0.0
UberX,completed,2025-08-15T13:14:47.000Z,2025-08-15T13:27:50.000Z,2025-08-15T13:54:02.000Z,8.056613912779929,1572.0,7.04,39.93,0.0
UberX,completed,2025-08-15T13:43:35.000Z,2025-08-15T13:59:51.000Z,2025-08-15T14:24:22.000Z,7.797117589641332,1471.0,7.04,40.93,0.0
UberX,completed,2025-08-15T14:33:24.000Z,2025-08-15T14:48:01.000Z,2025-08-15T15:07:37.000Z,8.997108503069489,1177.0,7.04,42.98,0.0
UberX,completed,2025-08-15T15:01:57.000Z,2025-08-15T15:26:11.000Z,2025-08-15T15:59:43.000Z,11.67836052413702,2012.0,7.04,66.32,0.0
UberX,completed,2025-08-15T15:57:27.000Z,2025-08-15T16:06:12.000Z,2025-08-15T16:24:10.000Z,4.961057867677766,1078.0,8.45,31.94,0.0
UberX,completed,2025-08-15T16:14:03.000Z,2025-08-15T16:24:36.000Z,2025-08-15T16:43:28.000Z,4.236228800127899,1132.0,8.45,26.9,0.0
UberX,completed,2025-08-15T16:57:49.000Z,2025-08-15T17:05:18.000Z,2025-08-15T17:23:11.000Z,7.307595749786245,1073.0,8.45,41.99,0.0
UberX,completed,2025-08-15T17:23:42.000Z,2025-08-15T17:35:51.000Z,2025-08-15T17:57:30.000Z,6.2496014029045535,1299.0,8.45,40.53,0.0
UberX,completed,2025-08-15T17:55:42.000Z,2025-08-15T18:03:23.000Z,2025-08-15T18:28:16.000Z,8.798165093285224,1493.0,8.45,51.67,0.0
UberX,completed,2025-08-15T18:24:10.000Z,2025-08-15T18:36:26.000Z,2025-08-15T19:08:56.000Z,8.603277058667732,1951.0,8.45,47.95,0.0
UberX,completed,2025-08-15T19:13:40.000Z,2025-08-15T19:27:25.000Z,2025-08-15T19:53:25.000Z,9.225415441038615,1559.0,7.04,45.97,0.0
UberX,completed,2025-08-15T19:54:28.000Z,2025-08-15T20:12:52.000Z,2025-08-15T20:31:16.000Z,5.831344691632261,1104.0,7.04,26.93,0.0
UberX,completed,2025-08-15T20:14:57.000Z,2025-08-15T20:34:24.000Z,2025-08-15T20:46:46.000Z,4.083579292946061,742.0,7.04,22.95,0.0
UberX,rider_canceled,2025-08-15T20:41:33.000Z,,,0.0,0.0,,0.0,0.0
UberX,rider_canceled,2025-08-15T20:43:16.000Z,,,0.0,0.0,,0.0,0.0
UberX,completed,2025-08-15T20:44:33.000Z,2025-08-15T20:49:30.000Z,2025-08-15T21:11:12.000Z,5.819744996574951,1302.0,7.04,28.96,0.0
UberX,completed,2025-08-15T21:02:00.000Z,2025-08-15T21:11:29.000Z,2025-08-15T21:30:08.000Z,4.740120449766708,1119.0,7.04,27.98,0.0
UberX,rider_canceled,2025-08-15T21:19:36.000Z,,,0.0,0.0,,0.0,0.0
UberX,completed,2025-08-16T06:53:52.000Z,2025-08-16T07:00:42.000Z,2025-08-16T07:07:42.000Z,1.9847293518267812,420.0,8.45,18.98,0.0
UberX,completed,2025-08-16T07:00:29.000Z,2025-08-16T07:11:52.000Z,2025-08-16T07:21:24.000Z,2.9075875515400864,572.0,8.45,20.95,0.0
UberX,completed,2025-08-16T07:23:23.000Z,2025-08-16T07:32:20.000Z,2025-08-16T08:03:59.000Z,16.78222566651495,1899.0,7.04,70.92,0.0
UberX,completed,2025-08-16T08:16:39.000Z,2025-08-16T08:36:32.000Z,2025-08-16T08:58:09.000Z,9.520650007430511,1297.0,7.04,50.94,0.0
UberX,completed,2025-08-16T08:59:35.000Z,2025-08-16T09:06:00.000Z,2025-08-16T09:25:45.000Z,5.942719542607601,1185.0,7.04,28.91,0.0
UberX,rider_canceled,2025-08-16T13:55:19.000Z,,,0.0,0.0,,0.0,0.0
UberX,rider_canceled,2025-08-16T13:58:06.000Z,,,0.0,0.0,,0.0,0.0
UberX,completed,2025-08-16T13:59:02.000Z,2025-08-16T14:08:02.000Z,2025-08-16T14:28:47.000Z,5.724541942804421,1245.0,7.04,29.27,0.0
UberX,completed,2025-08-16T14:29:03.000Z,2025-08-16T14:31:49.000Z,2025-08-16T14:35:54.000Z,1.140420187,245.0,7.04,25.99,0.0
UberX,completed,2025-08-16T14:37:22.000Z,2025-08-16T14:49:59.000Z,2025-08-16T15:14:20.000Z,4.844206650075344,1461.0,7.04,48.47,0.0
UberX,completed,2025-08-16T15:09:08.000Z,2025-08-16T15:17:42.000Z,2025-08-16T15:30:22.000Z,4.720540309658427,760.0,7.04,23.95,0.0
UberX,completed,2025-08-16T15:52:06.000Z,2025-08-16T15:59:37.000Z,2025-08-16T16:29:28.000Z,9.542846284,1791.0,7.04,49.61,0.0
UberX,completed,2025-08-16T17:04:45.000Z,2025-08-16T17:15:35.000Z,2025-08-16T17:39:38.000Z,7.734782759630342,1443.0,7.04,36.94,0.0
UberX,completed,2025-08-16T18:31:12.000Z,2025-08-16T18:41:34.000Z,2025-08-16T19:01:58.000Z,6.778427915925812,1225.0,7.04,32.98,0.0
UberX,completed,2025-08-16T19:09:31.000Z,2025-08-16T19:11:51.000Z,2025-08-16T19:25:16.000Z,2.755339727176636,805.0,7.04,18.94,0.0
UberX,completed,2025-08-16T19:23:55.000Z,2025-08-16T19:28:30.000Z,2025-08-16T19:50:23.000Z,4.1237511184282525,1313.0,7.04,25.06,0.0
UberX,completed,2025-08-17T06:29:56.000Z,2025-08-17T06:39:25.000Z,2025-08-17T06:47:49.000Z,2.331959877,504.0,8.45,18.93,0.0
UberX,completed,2025-08-21T14:31:37.000Z,2025-08-21T14:35:39.000Z,2025-08-21T14:48:22.000Z,3.624400096,763.0,7.04,21.9,0.0
UberX,completed,2025-08-21T14:50:37.000Z,2025-08-21T14:53:36.000Z,2025-08-21T15:18:37.000Z,4.735890561245645,1501.0,7.04,26.96,0.0
UberX,completed,2025-08-21T15:16:37.000Z,2025-08-21T15:24:16.000Z,2025-08-21T15:39:10.000Z,2.352907446637326,895.0,8.45,20.92,0.0
UberX,completed,2025-08-21T15:42:46.000Z,2025-08-21T16:01:55.000Z,2025-08-21T16:32:21.000Z,4.728096689,1825.0,8.45,32.94,0.0
UberX,completed,2025-08-21T16:33:59.000Z,2025-08-21T16:50:38.000Z,2025-08-21T17:12:55.000Z,6.099231444802601,1337.0,8.45,38.97,0.0
UberX,completed,2025-08-22T19:44:55.000Z,2025-08-22T19:50:54.000Z,2025-08-22T20:07:31.000Z,4.339270931776199,997.0,7.04,22.93,0.0
UberX,completed,2025-08-22T20:38:36.000Z,2025-08-22T20:51:21.000Z,2025-08-22T21:11:24.000Z,8.319083480289288,1204.0,7.04,36.95,0.0
UberX,completed,2025-08-23T07:17:57.000Z,2025-08-23T07:21:10.000Z,2025-08-23T07:29:33.000Z,1.947312438181782,502.0,7.04,14.95,0.0
UberX,completed,2025-08-23T07:34:00.000Z,2025-08-23T07:47:03.000Z,2025-08-23T08:07:21.000Z,7.37316206,1218.0,7.04,33.97,0.0
UberX,completed,2025-08-23T08:07:57.000Z,2025-08-23T08:11:32.000Z,2025-08-23T08:23:58.000Z,3.603879319572288,747.0,7.04,20.92,0.0
UberX,completed,2025-08-23T08:50:41.000Z,2025-08-23T08:56:26.000Z,2025-08-23T09:21:10.000Z,5.337045401,1484.0,7.04,30.9,0.0
UberX,completed,2025-08-23T09:23:06.000Z,2025-08-23T09:31:46.000Z,2025-08-23T09:48:46.000Z,4.131416808196248,1021.0,7.04,23.94,0.0
UberX,completed,2025-08-23T14:43:39.000Z,2025-08-23T14:52:19.000Z,2025-08-23T15:10:43.000Z,3.6428058229081737,1104.0,7.04,24.9,0.0
UberX,completed,2025-08-24T07:38:29.000Z,2025-08-24T07:44:09.000Z,2025-08-24T07:54:31.000Z,2.857704619568771,622.0,7.04,17.95,0.0
UberX,completed,2025-08-24T08:00:00.000Z,2025-08-24T08:02:51.000Z,2025-08-24T08:20:37.000Z,6.084951781705882,1066.0,7.04,34.98,0.0
UberX,completed,2025-08-24T08:24:27.000Z,2025-08-24T08:28:42.000Z,2025-08-24T08:49:13.000Z,5.840068100947616,1231.0,7.04,29.96,0.0
UberX,completed,2025-08-25T13:59:14.000Z,2025-08-25T14:02:48.000Z,2025-08-25T14:24:08.000Z,6.306315091366985,1280.0,7.04,30.94,0.0
UberX,completed,2025-08-25T15:56:58.000Z,2025-08-25T16:01:35.000Z,2025-08-25T16:21:55.000Z,3.3522563369404503,1220.0,8.45,25.96,0.0
UberX,completed,2025-08-25T16:19:05.000Z,2025-08-25T16:30:01.000Z,2025-08-25T16:52:39.000Z,6.270987491315336,1359.0,8.45,36.91,0.0
UberX,completed,2025-08-25T16:40:39.000Z,2025-08-25T17:02:37.000Z,2025-08-25T18:15:28.000Z,13.056195042483797,4370.0,8.45,102.98,0.0
UberX,completed,2025-08-26T14:46:31.000Z,2025-08-26T14:50:41.000Z,2025-08-26T15:14:01.000Z,5.034254978,1400.0,7.04,28.07,0.0
UberX,completed,2025-08-26T15:25:00.000Z,2025-08-26T15:26:12.000Z,2025-08-26T15:52:54.000Z,6.591147876527971,1602.0,8.45,41.34,0.0
UberX,completed,2025-08-26T15:51:57.000Z,2025-08-26T15:57:00.000Z,2025-08-26T16:21:20.000Z,3.761391719225084,1460.0,8.45,26.96,0.0
UberX,completed,2025-08-29T14:39:19.000Z,2025-08-29T14:49:44.000Z,2025-08-29T15:07:15.000Z,4.116247725347794,1051.0,7.04,23.92,0.0
UberX,completed,2025-08-29T15:58:04.000Z,2025-08-29T16:15:12.000Z,2025-08-29T16:26:06.000Z,2.480624971171069,654.0,8.45,27.67,0.0
UberX,completed,2025-08-29T17:24:30.000Z,2025-08-29T17:28:06.000Z,2025-08-29T17:37:49.000Z,2.6314691316688616,583.0,8.45,18.93,0.0
UberX,completed,2025-08-29T17:33:16.000Z,2025-08-29T17:39:58.000Z,2025-08-29T17:49:23.000Z,1.8304532697021991,565.0,8.45,17.98,0.0
UberX,rider_canceled,2025-09-12T15:14:20.000Z,,,0.0,0.0,,0.0,0.0
UberX,completed,2025-09-13T07:55:01.000Z,2025-09-13T08:23:19.000Z,2025-09-13T08:44:09.000Z,10.71833829043297,1250.0,7.04,55.91,0.0
UberX,completed,2025-09-13T08:37:46.000Z,2025-09-13T08:52:36.000Z,2025-09-13T09:02:35.000Z,2.4117974904626425,599.0,7.04,23.91,0.0
UberX,completed,2025-09-13T09:05:36.000Z,2025-09-13T09:20:26.000Z,2025-09-13T09:47:50.000Z,10.230778885846378,1644.0,7.04,50.94,0.0
UberX,completed,2025-09-13T15:58:38.000Z,2025-09-13T16:08:23.000Z,2025-09-13T16:16:14.000Z,1.7099114926476966,471.0,7.04,27.98,0.0
UberX,completed,2025-09-13T16:16:53.000Z,2025-09-13T16:21:38.000Z,2025-09-13T16:42:30.000Z,8.278677858888186,1252.0,7.04,51.95,0.0
UberX,completed,2025-09-13T16:31:05.000Z,2025-09-13T16:44:57.000Z,2025-09-13T17:00:57.000Z,4.517142893994173,960.0,7.04,24.98,0.0
UberX,completed,2025-09-13T17:00:16.000Z,2025-09-13T17:07:19.000Z,2025-09-13T17:29:25.000Z,7.086344284104547,1325.0,7.04,43.55,0.0
UberX,rider_canceled,2025-09-13T17:19:07.000Z,,,0.0,0.0,,0.0,0.0
UberX,completed,2025-09-13T17:21:37.000Z,2025-09-13T17:45:05.000Z,2025-09-13T18:19:06.000Z,8.168615189995029,2041.0,7.04,49.82,0.0
UberX,completed,2025-09-13T18:31:25.000Z,2025-09-13T18:46:42.000Z,2025-09-13T19:06:13.000Z,5.6812073722851935,1171.0,7.04,42.94,0.0
UberX,completed,2025-09-13T19:02:42.000Z,2025-09-13T19:13:30.000Z,2025-09-13T19:31:58.000Z,5.727564495,1109.0,7.04,45.98,0.0
UberX,completed,2025-09-13T19:19:20.000Z,2025-09-13T19:41:42.000Z,2025-09-13T20:01:08.000Z,4.430445251938821,1166.0,7.04,30.92,0.0
UberX,completed,2025-09-13T19:47:20.000Z,2025-09-13T20:06:02.000Z,2025-09-13T20:16:03.000Z,2.958901889420979,601.0,7.04,21.94,0.0
UberX,completed,2025-09-14T07:03:25.000Z,2025-09-14T07:15:54.000Z,2025-09-14T07:30:27.000Z,3.8611318855287338,873.0,7.04,21.51,0.0
UberX,rider_canceled,2025-09-14T07:26:20.000Z,,,0.0,0.0,,0.0,0.0
UberX,completed,2025-09-14T07:29:25.000Z,2025-09-14T07:39:07.000Z,2025-09-14T08:04:11.000Z,8.556523609038875,1504.0,7.04,43.96,0.0
UberX,rider_canceled,2025-09-14T07:57:37.000Z,,,0.0,0.0,,0.0,0.0
UberX,rider_canceled,2025-09-14T08:00:41.000Z,,,0.0,0.0,,0.0,0.0
UberX,rider_canceled,2025-09-14T08:04:33.000Z,,,0.0,0.0,,0.0,0.0
UberX,completed,2025-09-14T08:05:27.000Z,2025-09-14T08:12:45.000Z,2025-09-14T08:34:18.000Z,6.790258400327696,1293.0,7.04,32.85,0.0
UberX,completed,2025-09-14T08:22:57.000Z,2025-09-14T08:38:43.000Z,2025-09-14T08:55:03.000Z,5.451308478883149,980.0,7.04,27.11,0.0
UberX,completed,2025-09-14T08:54:01.000Z,2025-09-14T09:04:26.000Z,2025-09-14T09:13:23.000Z,2.630652633313371,537.0,7.04,15.94,0.0
UberX,completed,2025-09-15T13:45:20.000Z,2025-09-15T13:54:41.000Z,2025-09-15T13:58:40.000Z,0.9856511789369452,239.0,7.04,17.92,0.0
UberX,completed,2025-09-15T13:57:30.000Z,2025-09-15T14:02:51.000Z,2025-09-15T14:15:08.000Z,3.4294068898262484,737.0,7.04,17.98,0.0
UberX,completed,2025-09-15T14:14:14.000Z,2025-09-15T14:25:04.000Z,2025-09-15T14:53:59.000Z,4.205302222461204,1735.0,7.04,26.96,0.0
UberX,completed,2025-09-15T14:44:13.000Z,2025-09-15T15:02:36.000Z,2025-09-15T15:34:40.000Z,5.122293621890245,1924.0,7.04,31.92,0.0
UberX,completed,2025-09-15T15:46:30.000Z,2025-09-15T16:00:08.000Z,2025-09-15T16:36:04.000Z,9.942063577168533,2156.0,8.45,60.99,0.0
UberX,completed,2025-09-15T16:27:19.000Z,2025-09-15T16:44:41.000Z,2025-09-15T17:01:34.000Z,5.423129214769107,1013.0,8.45,33.98,0.0
UberX,completed,2025-09-15T16:53:33.000Z,2025-09-15T17:13:20.000Z,2025-09-15T17:23:47.000Z,3.402847889369536,627.0,8.45,41.98,0.0
UberX,completed,2025-09-15T17:27:02.000Z,2025-09-15T17:36:32.000Z,2025-09-15T17:40:09.000Z,1.2369303023371987,216.0,8.45,18.95,0.0
UberX,completed,2025-09-15T17:37:43.000Z,2025-09-15T17:44:38.000Z,2025-09-15T17:53:14.000Z,2.586744657731397,515.0,8.45,19.95,0.0
UberX,rider_canceled,2025-09-15T17:45:36.000Z,,,0.0,0.0,,0.0,0.0
UberX,completed,2025-09-15T17:49:43.000Z,2025-09-15T17:58:03.000Z,2025-09-15T18:08:25.000Z,2.0504380762982777,622.0,8.45,20.9,0.0
UberX,completed,2025-09-15T18:52:40.000Z,2025-09-15T19:02:57.000Z,2025-09-15T19:21:31.000Z,6.137028118196892,1114.0,8.45,34.96,0.0
UberX,completed,2025-09-16T14:29:06.000Z,2025-09-16T14:38:17.000Z,2025-09-16T15:15:02.000Z,8.545907511,2205.0,7.04,45.99,0.0
UberX,completed,2025-09-17T14:12:15.000Z,2025-09-17T14:28:32.000Z,2025-09-17T14:44:53.000Z,3.338649019007467,980.0,7.04,23.38,0.0
UberX,completed,2025-09-22T13:33:17.000Z,2025-09-22T13:42:24.000Z,2025-09-22T14:15:19.000Z,12.074524933812055,1975.0,7.04,66.92,0.0
UberX,completed,2025-09-22T14:21:35.000Z,2025-09-22T14:26:28.000Z,2025-09-22T14:57:00.000Z,11.06216287613332,1831.0,7.04,64.56,0.0
UberX,completed,2025-09-22T14:49:43.000Z,2025-09-22T15:06:38.000Z,2025-09-22T15:22:57.000Z,3.542383986903084,979.0,7.04,19.95,0.0
UberX,completed,2025-09-22T16:40:13.000Z,2025-09-22T16:45:48.000Z,2025-09-22T17:11:41.000Z,5.512899612005465,1553.0,8.45,34.91,0.0
UberX,completed,2025-09-22T17:08:49.000Z,2025-09-22T17:23:09.000Z,2025-09-22T17:38:28.000Z,4.269682381187675,920.0,8.45,29.94,0.0
UberX,completed,2025-09-23T17:25:51.000Z,2025-09-23T17:30:17.000Z,2025-09-23T17:49:35.000Z,5.065328174763764,1159.0,8.45,32.93,0.0
UberX,completed,2025-09-24T14:30:23.000Z,2025-09-24T14:43:20.000Z,2025-09-24T15:00:54.000Z,3.440509839309494,1054.0,7.04,25.95,0.0
UberX,rider_canceled,2025-09-24T14:55:11.000Z,,,0.0,0.0,,0.0,0.0
UberX,completed,2025-09-24T14:57:14.000Z,2025-09-24T15:05:40.000Z,2025-09-24T15:32:39.000Z,8.148970790915573,1619.0,7.04,40.98,0.0
UberX,completed,2025-09-24T15:08:44.000Z,2025-09-24T15:39:37.000Z,2025-09-24T16:02:15.000Z,6.148121274992184,1357.0,8.45,37.93,0.0
UberX,completed,2025-09-24T16:00:32.000Z,2025-09-24T16:04:23.000Z,2025-09-24T16:36:06.000Z,9.66316004,1903.0,8.45,56.98,0.0
UberX,completed,2025-09-24T16:30:32.000Z,2025-09-24T16:52:53.000Z,2025-09-24T17:16:29.000Z,4.232942185652501,1416.0,8.45,32.17,0.0
UberX,completed,2025-09-24T18:17:46.000Z,2025-09-24T18:24:35.000Z,2025-09-24T18:42:53.000Z,4.460776090103819,1097.0,8.45,30.96,0.0
UberX,completed,2025-09-24T18:49:47.000Z,2025-09-24T18:52:29.000Z,2025-09-24T19:00:56.000Z,2.982749136073324,507.0,8.45,21.93,0.0
UberX,completed,2025-09-25T15:14:54.000Z,2025-09-25T15:17:41.000Z,2025-09-25T15:35:12.000Z,2.419031711842805,1051.0,8.45,22.47,0.0
UberX,completed,2025-09-25T15:28:05.000Z,2025-09-25T15:41:17.000Z,2025-09-25T16:04:18.000Z,4.177150080702921,1380.0,8.45,28.02,0.0
UberX,rider_canceled,2025-09-25T16:13:58.000Z,,,0.0,0.0,,0.0,0.0
UberX,completed,2025-09-25T16:14:05.000Z,2025-09-25T16:24:03.000Z,2025-09-25T17:02:11.000Z,6.443805964737047,2288.0,8.45,42.95,0.0
UberX,completed,2025-09-25T17:31:52.000Z,2025-09-25T17:37:30.000Z,2025-09-25T17:53:55.000Z,3.6941090323587247,985.0,8.45,26.77,0.0
UberX,completed,2025-09-25T17:56:58.000Z,2025-09-25T18:03:43.000Z,2025-09-25T18:25:34.000Z,3.5966187696216827,1311.0,8.45,28.94,0.0
UberX,completed,2025-09-26T23:39:38.000Z,2025-09-26T23:51:54.000Z,2025-09-27T00:00:54.000Z,1.913791923585752,541.0,7.04,25.03,0.0
UberX,completed,2025-09-27T00:06:27.000Z,2025-09-27T00:20:46.000Z,2025-09-27T00:52:33.000Z,9.235219934911578,1906.0,8.45,66.98,0.0
UberX,driver_canceled,2025-09-27T15:06:26.000Z,,,0.0,0.0,,8.7,8.06
UberX,completed,2025-09-27T17:11:22.000Z,2025-09-27T17:23:47.000Z,2025-09-27T17:36:04.000Z,2.8614466804475205,737.0,7.04,24.94,0.0
UberX,completed,2025-09-27T17:26:14.000Z,2025-09-27T17:37:30.000Z,2025-09-27T17:57:17.000Z,3.4117750200611483,1187.0,7.04,22.93,0.0
UberX,rider_canceled,2025-09-27T17:39:15.000Z,,,0.0,0.0,,0.0,0.0
UberX,completed,2025-09-27T17:40:05.000Z,2025-09-27T18:02:45.000Z,2025-09-27T18:29:52.000Z,6.990865106724938,1627.0,7.04,35.91,0.0
UberX,completed,2025-09-27T18:39:57.000Z,2025-09-27T19:00:41.000Z,2025-09-27T19:34:42.000Z,8.015253913172582,2040.0,7.04,53.92,0.0
UberX,completed,2025-09-27T18:45:00.000Z,2025-09-27T18:41:53.000Z,2025-09-27T18:51:38.000Z,3.1961828959874805,585.0,7.04,25.92,0.0
UberX,rider_canceled,2025-09-27T19:36:42.000Z,,,0.0,0.0,,0.0,0.0
UberX,rider_canceled,2025-09-27T21:57:50.000Z,,,0.0,0.0,,0.0,0.0
UberX,completed,2025-09-28T06:45:00.000Z,2025-09-28T06:50:47.000Z,2025-09-28T07:04:45.000Z,4.644997826587445,838.0,8.45,40.97,0.0
UberX,completed,2025-09-28T06:56:43.000Z,2025-09-28T07:11:36.000Z,2025-09-28T07:35:31.000Z,5.867476172691309,1435.0,8.45,37.96,0.0
UberX,completed,2025-09-28T07:31:22.000Z,2025-09-28T07:45:18.000Z,2025-09-28T08:00:48.000Z,4.006744462970283,930.0,7.04,21.93,0.0
UberX,completed,2025-09-28T07:46:13.000Z,2025-09-28T08:08:58.000Z,2025-09-28T08:18:38.000Z,1.8176453367719272,580.0,7.04,14.91,0.0
UberX,completed,2025-09-28T08:38:59.000Z,2025-09-28T08:45:54.000Z,2025-09-28T09:02:59.000Z,2.960826299693805,1025.0,7.04,25.93,0.0
UberX,completed,2025-09-28T09:03:53.000Z,2025-09-28T09:07:03.000Z,2025-09-28T09:11:15.000Z,0.8960297387652993,252.0,7.04,29.21,0.0
UberX,completed,2025-09-29T15:29:32.000Z,2025-09-29T15:47:58.000Z,2025-09-29T16:18:55.000Z,6.029794511640589,1857.0,8.45,46.99,0.0
UberX,completed,2025-09-30T12:51:59.000Z,2025-09-30T13:05:37.000Z,2025-09-30T13:37:05.000Z,7.101935925747814,1888.0,7.04,50.92,0.0
UberX,completed,2025-09-30T13:27:38.000Z,2025-09-30T13:37:50.000Z,2025-09-30T14:10:50.000Z,7.424401829572501,1981.0,7.04,42.0,0.0
UberX,completed,2025-09-30T13:59:47.000Z,2025-09-30T14:12:09.000Z,2025-09-30T14:39:46.000Z,2.442213826083778,1657.0,7.04,22.9,0.0
UberX,rider_canceled,2025-09-30T14:16:38.000Z,,,0.0,0.0,,0.0,0.0
UberX,rider_canceled,2025-09-30T14:21:15.000Z,,,0.0,0.0,,0.0,0.0
UberX,completed,2025-09-30T14:23:39.000Z,2025-09-30T14:45:06.000Z,2025-09-30T14:59:57.000Z,3.158109842,891.0,7.04,29.96,0.0
UberX,rider_canceled,2025-09-30T14:52:48.000Z,,,0.0,0.0,,0.0,0.0
UberX,completed,2025-09-30T15:14:13.000Z,2025-09-30T15:39:22.000Z,2025-09-30T16:03:05.000Z,3.573733084233484,1423.0,8.45,35.91,0.0
UberX,completed,2025-09-30T15:58:06.000Z,2025-09-30T16:08:23.000Z,2025-09-30T16:29:33.000Z,2.8712371417912688,1270.0,8.45,40.98,0.0
UberX,completed,2025-09-30T16:40:00.000Z,2025-09-30T16:36:51.000Z,2025-09-30T17:11:00.000Z,7.62450355,2049.0,8.45,47.98,0.0
UberX,completed,2025-09-30T16:49:13.000Z,2025-09-30T17:24:32.000Z,2025-09-30T17:47:48.000Z,7.656547886050799,1396.0,8.45,48.98,0.0
UberX,completed,2025-09-30T18:20:17.000Z,2025-09-30T18:25:42.000Z,2025-09-30T18:49:22.000Z,8.920636583426184,1420.0,8.45,44.93,0.0
UberX,completed,2025-10-01T08:03:47.000Z,2025-10-01T08:19:35.000Z,2025-10-01T08:54:07.000Z,9.107533001,2073.0,8.45,78.99,0.0
UberX,completed,2025-10-01T08:55:14.000Z,2025-10-01T08:59:01.000Z,2025-10-01T09:14:25.000Z,4.563533605514782,924.0,8.45,31.14,0.0
UberX,completed,2025-10-01T18:20:17.000Z,2025-10-01T18:29:42.000Z,2025-10-01T18:49:05.000Z,4.198743261980796,1163.0,8.45,29.95,0.0
UberX,completed,2025-10-01T18:50:43.000Z,2025-10-01T18:55:51.000Z,2025-10-01T19:05:05.000Z,3.4374749671719416,554.0,8.45,22.97,0.0
UberX,completed,2025-10-02T10:40:56.000Z,2025-10-02T10:50:31.000Z,2025-10-02T11:15:54.000Z,5.645723915765734,1523.0,7.04,29.9,0.0
UberX,rider_canceled,2025-10-03T08:31:33.000Z,,,0.0,0.0,,0.0,0.0
UberX,completed,2025-10-03T08:32:22.000Z,2025-10-03T08:41:46.000Z,2025-10-03T09:04:07.000Z,6.862978139476557,1341.0,8.45,40.93,0.0
UberX,completed,2025-10-03T09:09:03.000Z,2025-10-03T09:20:14.000Z,2025-10-03T09:48:51.000Z,7.198940688438708,1718.0,7.04,35.98,0.0
UberX,completed,2025-10-03T16:51:46.000Z,2025-10-03T17:11:37.000Z,2025-10-03T17:34:52.000Z,5.331672120387964,1395.0,8.79,37.91,0.0
UberX,completed,2025-10-03T17:34:27.000Z,2025-10-03T17:47:56.000Z,2025-10-03T18:09:30.000Z,5.118820936990407,1294.0,8.79,34.91,0.0
UberX,rider_canceled,2025-10-03T17:59:23.000Z,,,0.0,0.0,,0.0,0.0
UberX,completed,2025-10-03T18:05:25.000Z,2025-10-03T18:16:39.000Z,2025-10-03T18:36:31.000Z,4.017639996755765,1192.0,8.79,28.35,0.0
UberX,rider_canceled,2025-10-03T18:26:08.000Z,,,0.0,0.0,,0.0,0.0
UberX,completed,2025-10-03T18:33:35.000Z,2025-10-03T18:46:51.000Z,2025-10-03T19:09:24.000Z,6.247931036,1353.0,8.79,37.95,0.0
UberX,rider_canceled,2025-10-03T19:00:53.000Z,,,0.0,0.0,,0.0,0.0
UberX,rider_canceled,2025-10-03T19:03:38.000Z,,,0.0,0.0,,0.0,0.0
UberX,completed,2025-10-03T19:05:53.000Z,2025-10-03T19:18:52.000Z,2025-10-03T19:38:00.000Z,5.134458245863641,1148.0,7.32,30.93,0.0
UberX,completed,2025-10-03T19:34:56.000Z,2025-10-03T19:50:36.000Z,2025-10-03T19:58:13.000Z,1.8225564381574004,457.0,7.32,15.98,0.0
UberX,completed,2025-10-03T19:56:27.000Z,2025-10-03T20:07:24.000Z,2025-10-03T20:22:05.000Z,3.420047109046468,881.0,7.32,22.98,0.0
UberX,completed,2025-10-04T05:48:50.000Z,2025-10-04T05:59:23.000Z,2025-10-04T06:10:45.000Z,2.3138876890165383,681.0,8.79,20.92,0.0
UberX,completed,2025-10-04T06:11:58.000Z,2025-10-04T06:19:09.000Z,2025-10-04T06:35:24.000Z,9.196655712669534,976.0,8.79,53.98,0.0
UberX,completed,2025-10-04T07:33:29.000Z,2025-10-04T07:39:18.000Z,2025-10-04T07:55:42.000Z,4.016843005442123,983.0,7.32,22.31,0.0
UberX,completed,2025-10-04T08:16:28.000Z,2025-10-04T08:19:51.000Z,2025-10-04T08:31:53.000Z,2.735199864215848,722.0,7.32,18.94,0.0
UberX,completed,2025-10-04T08:26:28.000Z,2025-10-04T08:38:09.000Z,2025-10-04T08:50:44.000Z,4.230565185251131,755.0,7.32,31.96,0.0
UberX,completed,2025-10-04T08:40:58.000Z,2025-10-04T08:57:21.000Z,2025-10-04T09:21:19.000Z,8.780994203631302,1439.0,7.32,43.9,0.0
UberX,completed,2025-10-04T14:03:46.000Z,2025-10-04T14:20:13.000Z,2025-10-04T14:38:41.000Z,5.239720261084704,1108.0,7.32,29.67,0.0
UberX,completed,2025-10-04T16:03:19.000Z,2025-10-04T16:24:43.000Z,2025-10-04T16:41:08.000Z,6.882033601915554,985.0,7.32,37.9,0.0
UberX,completed,2025-10-04T16:39:23.000Z,2025-10-04T16:49:53.000Z,2025-10-04T17:13:41.000Z,4.81168308,1428.0,7.32,25.94,0.0
UberX,rider_canceled,2025-10-06T08:06:53.000Z,,,0.0,0.0,,0.0,0.0
UberX,completed,2025-10-06T08:14:51.000Z,2025-10-06T08:25:00.000Z,2025-10-06T08:49:10.000Z,7.830013608344565,1450.0,8.79,46.96,0.0
UberX,completed,2025-10-06T08:46:38.000Z,2025-10-06T09:01:26.000Z,2025-10-06T09:26:16.000Z,5.268556706308133,1490.0,8.79,37.93,0.0
UberX,completed,2025-10-06T10:23:41.000Z,2025-10-06T10:28:09.000Z,2025-10-06T10:37:09.000Z,2.8813540886254216,540.0,7.32,20.93,0.0
UberX,completed,2025-10-06T16:06:55.000Z,2025-10-06T16:16:36.000Z,2025-10-06T16:28:23.000Z,1.427044597199026,707.0,8.79,38.99,0.0
UberX,completed,2025-10-07T08:23:19.000Z,2025-10-07T08:43:48.000Z,2025-10-07T09:12:37.000Z,4.970787057833699,1729.0,8.79,39.91,0.0
UberX,completed,2025-10-07T09:12:42.000Z,2025-10-07T09:17:52.000Z,2025-10-07T09:45:50.000Z,7.959980268786843,1678.0,7.32,42.91,0.0
UberX,completed,2025-10-07T15:46:56.000Z,2025-10-07T16:02:13.000Z,2025-10-07T16:25:43.000Z,5.029842500475837,1411.0,8.79,39.95,0.0
UberX,rider_canceled,2025-10-07T16:19:17.000Z,,,0.0,0.0,,8.7,8.06
UberX,completed,2025-10-07T16:27:58.000Z,2025-10-07T16:37:55.000Z,2025-10-07T16:55:04.000Z,5.694093195882194,1029.0,8.79,37.92,0.0
UberX,completed,2025-10-09T08:26:42.000Z,2025-10-09T08:35:32.000Z,2025-10-09T08:55:39.000Z,2.51083712,1207.0,8.79,24.97,0.0
UberX,completed,2025-10-09T08:45:07.000Z,2025-10-09T08:56:44.000Z,2025-10-09T09:03:14.000Z,1.1770611399671678,390.0,8.79,20.97,0.0
UberX,completed,2025-10-09T09:00:12.000Z,2025-10-09T09:04:54.000Z,2025-10-09T09:15:19.000Z,1.6490101783544582,625.0,8.79,18.93,0.0
UberX,completed,2025-10-09T09:52:12.000Z,2025-10-09T09:57:22.000Z,2025-10-09T10:19:46.000Z,5.148441055,1344.0,7.32,36.27,0.0
UberX,completed,2025-10-10T09:35:24.000Z,2025-10-10T09:44:05.000Z,2025-10-10T10:05:41.000Z,4.6620395244542765,1296.0,7.32,25.97,0.0
UberX,completed,2025-10-11T14:39:21.000Z,2025-10-11T14:50:43.000Z,2025-10-11T15:15:09.000Z,7.234009854480201,1467.0,7.32,35.94,0.0
UberX,completed,2025-10-11T15:03:41.000Z,2025-10-11T15:30:16.000Z,2025-10-11T16:06:41.000Z,10.011304462339728,2184.0,7.32,49.91,0.0
UberX,completed,2025-10-11T16:03:19.000Z,2025-10-11T16:07:11.000Z,2025-10-11T16:38:00.000Z,11.99783848101837,1848.0,7.32,65.92,0.0
UberX,completed,2025-10-11T16:38:09.000Z,2025-10-11T16:55:56.000Z,2025-10-11T17:16:25.000Z,6.300251665126185,1228.0,7.32,34.51,0.0
UberX,rider_canceled,2025-10-11T17:10:15.000Z,,,0.0,0.0,,0.0,0.0
UberX,completed,2025-10-11T17:17:51.000Z,2025-10-11T17:30:12.000Z,2025-10-11T17:58:51.000Z,6.257733158119392,1719.0,7.32,34.9,0.0
UberX,completed,2025-10-11T18:32:19.000Z,2025-10-11T18:41:39.000Z,2025-10-11T19:06:08.000Z,5.639089277575026,1469.0,7.32,37.05,0.0
UberX,completed,2025-10-11T18:55:03.000Z,2025-10-11T19:09:24.000Z,2025-10-11T19:28:11.000Z,4.131183571320905,1127.0,7.32,32.91,0.0
UberX,completed,2025-10-11T19:22:18.000Z,2025-10-11T19:37:01.000Z,2025-10-11T20:01:08.000Z,5.604573056032767,1448.0,7.32,38.0,0.0
UberX,completed,2025-10-11T19:50:45.000Z,2025-10-11T20:08:25.000Z,2025-10-11T20:22:40.000Z,4.592040249635316,856.0,7.32,24.93,0.0
UberX,completed,2025-10-11T20:16:23.000Z,2025-10-11T20:28:56.000Z,2025-10-11T20:45:21.000Z,4.910448779,985.0,7.32,25.9,0.0
UberX,completed,2025-10-12T07:35:31.000Z,2025-10-12T07:55:14.000Z,2025-10-12T08:08:46.000Z,5.027126852,812.0,7.32,27.95,0.0
UberX,completed,2025-10-12T07:40:00.000Z,2025-10-12T07:35:19.000Z,2025-10-12T07:48:21.000Z,5.364534871672642,781.0,7.32,46.95,0.0
UberX,completed,2025-10-12T08:05:35.000Z,2025-10-12T08:17:20.000Z,2025-10-12T08:33:42.000Z,4.294000913454886,981.0,7.32,24.95,0.0
UberX,completed,2025-10-12T08:34:07.000Z,2025-10-12T08:39:26.000Z,2025-10-12T08:57:13.000Z,6.034301444408355,1067.0,7.32,29.95,0.0
UberX,completed,2025-10-12T08:59:07.000Z,2025-10-12T09:09:01.000Z,2025-10-12T09:15:54.000Z,2.447780716580124,413.0,7.32,16.98,0.0
UberX,completed,2025-10-12T09:17:55.000Z,2025-10-12T09:25:53.000Z,2025-10-12T09:35:05.000Z,1.9054216360711425,551.0,7.32,14.97,0.0
UberX,completed,2025-10-14T15:37:59.000Z,2025-10-14T15:53:11.000Z,2025-10-14T16:14:03.000Z,2.484831057758883,1252.0,8.79,34.06,0.0
UberX,completed,2025-10-14T16:08:18.000Z,2025-10-14T16:14:43.000Z,2025-10-14T16:38:19.000Z,2.9851800514281583,1416.0,8.79,37.99,0.0
UberX,completed,2025-10-14T16:32:40.000Z,2025-10-14T16:43:57.000Z,2025-10-14T16:56:00.000Z,1.5970715545542218,722.0,8.79,29.91,0.0
UberX,completed,2025-10-14T16:46:26.000Z,2025-10-14T17:02:41.000Z,2025-10-14T17:44:22.000Z,7.273613012865756,2501.0,8.79,65.94,0.0
UberX,completed,2025-10-16T08:24:46.000Z,2025-10-16T08:32:36.000Z,2025-10-16T08:49:07.000Z,3.903214083514908,991.0,8.79,27.97,0.0
UberX,completed,2025-10-16T08:43:08.000Z,2025-10-16T09:05:49.000Z,2025-10-16T09:26:02.000Z,6.146643478510859,1214.0,8.79,39.42,0.0
UberX,completed,2025-10-16T09:28:24.000Z,2025-10-16T09:37:26.000Z,2025-10-16T09:56:31.000Z,6.966045067,1145.0,7.32,32.95,0.0
UberX,completed,2025-10-16T09:51:46.000Z,2025-10-16T10:00:32.000Z,2025-10-16T10:39:15.000Z,9.167227266,2323.0,7.32,51.57,0.0
UberX,rider_canceled,2025-10-17T07:20:00.000Z,,,0.0,0.0,,0.0,0.0
UberX,completed,2025-10-17T07:48:27.000Z,2025-10-17T07:55:25.000Z,2025-10-17T08:17:18.000Z,8.582196728,1313.0,8.79,67.98,0.0
UberX,completed,2025-10-17T08:18:33.000Z,2025-10-17T08:28:23.000Z,2025-10-17T08:57:34.000Z,11.655875339445249,1751.0,8.79,76.98,0.0
UberX,completed,2025-10-17T09:00:18.000Z,2025-10-17T09:10:43.000Z,2025-10-17T09:40:29.000Z,12.331915006531744,1785.0,7.32,69.93,0.0
UberX,completed,2025-10-17T09:42:32.000Z,2025-10-17T09:53:59.000Z,2025-10-17T10:27:07.000Z,12.213852389316404,1988.0,7.32,64.49,0.0
UberX,completed,2025-10-17T14:42:43.000Z,2025-10-17T14:56:23.000Z,2025-10-17T15:19:07.000Z,3.579896934664879,1364.0,7.32,28.91,0.0
UberX,completed,2025-10-17T15:06:27.000Z,2025-10-17T15:29:15.000Z,2025-10-17T15:43:09.000Z,2.934354698349846,833.0,8.79,28.94,0.0
UberX,completed,2025-10-17T15:36:46.000Z,2025-10-17T15:45:36.000Z,2025-10-17T16:16:44.000Z,5.3155465694317465,1868.0,8.79,55.82,0.0
UberX,completed,2025-10-17T16:12:46.000Z,2025-10-17T16:21:28.000Z,2025-10-17T16:49:28.000Z,3.8174645879418905,1680.0,8.79,28.94,0.0
UberX,completed,2025-10-17T16:34:35.000Z,2025-10-17T16:52:31.000Z,2025-10-17T17:15:25.000Z,6.5786874072246615,1374.0,8.79,45.9,0.0
UberX,completed,2025-10-17T17:13:17.000Z,2025-10-17T17:20:27.000Z,2025-10-17T17:33:34.000Z,1.9648294452868584,787.0,8.79,19.92,0.0
UberX,completed,2025-10-17T17:25:19.000Z,2025-10-17T17:37:06.000Z,2025-10-17T17:45:41.000Z,2.598888881985013,514.0,8.79,21.93,0.0
UberX,completed,2025-10-17T17:41:19.000Z,2025-10-17T17:52:08.000Z,2025-10-17T18:07:00.000Z,2.7863688391241266,892.0,8.79,25.99,0.0
UberX,completed,2025-10-17T18:29:00.000Z,2025-10-17T18:28:46.000Z,2025-10-17T18:48:29.000Z,4.442904156944641,1183.0,8.79,37.92,0.0
UberX,rider_canceled,2025-10-17T18:44:25.000Z,,,0.0,0.0,,0.0,0.0
UberX,rider_canceled,2025-10-17T18:48:07.000Z,,,0.0,0.0,,0.0,0.0
UberX,rider_canceled,2025-10-17T18:48:15.000Z,,,0.0,0.0,,0.0,0.0
UberX,completed,2025-10-17T18:58:18.000Z,2025-10-17T19:12:51.000Z,2025-10-17T19:41:35.000Z,9.250504529339036,1724.0,8.79,55.98,0.0
UberX,completed,2025-10-17T19:32:16.000Z,2025-10-17T19:52:35.000Z,2025-10-17T20:09:06.000Z,6.664234287903711,991.0,7.32,31.93,0.0
UberX,completed,2025-10-18T06:24:55.000Z,2025-10-18T06:33:19.000Z,2025-10-18T06:45:41.000Z,3.657227077,742.0,8.79,26.91,0.0
UberX,completed,2025-10-18T07:21:48.000Z,2025-10-18T07:35:48.000Z,2025-10-18T07:52:48.000Z,3.3476782635464803,1019.0,7.32,22.96,0.0
UberX,completed,2025-10-18T07:43:22.000Z,2025-10-18T08:02:49.000Z,2025-10-18T08:21:21.000Z,6.352887248119707,1113.0,7.32,36.48,0.0
UberX,completed,2025-10-18T08:05:44.000Z,2025-10-18T08:33:53.000Z,2025-10-18T08:42:57.000Z,4.029563625718352,544.0,7.32,21.99,0.0
UberX,completed,2025-10-18T09:47:33.000Z,2025-10-18T09:56:37.000Z,2025-10-18T10:13:51.000Z,3.0723978850216858,1034.0,7.32,28.97,0.0
UberX,completed,2025-10-18T14:18:12.000Z,2025-10-18T14:31:45.000Z,2025-10-18T14:47:05.000Z,2.974221500406104,920.0,7.32,22.92,0.0
UberX,rider_canceled,2025-10-18T14:31:56.000Z,,,0.0,0.0,,0.0,0.0
UberX,rider_canceled,2025-10-18T14:37:32.000Z,,,0.0,0.0,,0.0,0.0
UberX,driver_canceled,2025-10-18T14:44:35.000Z,,,0.0,0.0,,8.7,8.06
UberX,completed,2025-10-18T16:24:18.000Z,2025-10-18T16:38:17.000Z,2025-10-18T17:02:56.000Z,5.280872850048659,1479.0,7.32,35.26,0.0
UberX,completed,2025-10-18T16:56:51.000Z,2025-10-18T17:10:24.000Z,2025-10-18T17:22:34.000Z,2.4566903720126905,730.0,7.32,20.97,0.0
UberX,completed,2025-10-18T18:50:21.000Z,2025-10-18T18:54:08.000Z,2025-10-18T19:11:58.000Z,3.546307897431888,1070.0,7.32,34.91,0.0
UberX,completed,2025-10-18T19:25:00.000Z,2025-10-18T19:24:36.000Z,2025-10-18T19:35:01.000Z,2.286373640461139,624.0,7.32,35.92,0.0
UberX,completed,2025-10-18T19:58:00.000Z,2025-10-18T19:52:09.000Z,2025-10-18T19:57:37.000Z,0.8244917248616883,328.0,7.32,27.95,0.0
UberX,completed,2025-10-18T20:09:34.000Z,2025-10-18T20:16:55.000Z,2025-10-18T20:34:43.000Z,4.747253486721949,1067.0,7.32,25.91,0.0
UberX,completed,2025-10-18T20:27:04.000Z,2025-10-18T20:39:35.000Z,2025-10-18T20:47:47.000Z,2.6998722950096767,492.0,7.32,18.97,0.0
UberX,completed,2025-10-18T20:37:48.000Z,2025-10-18T20:49:27.000Z,2025-10-18T21:02:11.000Z,3.8844563092275615,764.0,7.32,20.97,0.0
UberX,completed,2025-10-18T21:00:03.000Z,2025-10-18T21:07:22.000Z,2025-10-18T21:21:40.000Z,2.665792466167304,858.0,7.32,17.98,0.0
UberX,completed,2025-10-18T21:20:23.000Z,2025-10-18T21:25:25.000Z,2025-10-18T21:49:34.000Z,6.832882493110736,1449.0,7.32,34.78,0.0
UberX,completed,2025-10-18T21:46:51.000Z,2025-10-18T21:58:26.000Z,2025-10-18T22:12:37.000Z,4.433079646246949,851.0,7.32,23.97,0.0
UberX,completed,2025-10-18T22:06:49.000Z,2025-10-18T22:19:10.000Z,2025-10-18T22:23:26.000Z,1.2358266177507258,255.0,7.32,13.94,0.0
UberX,completed,2025-10-18T22:19:08.000Z,2025-10-18T22:33:32.000Z,2025-10-18T22:42:43.000Z,1.8003169314707927,551.0,7.32,21.98,0.0
UberX,completed,2025-10-18T22:41:30.000Z,2025-10-18T22:51:12.000Z,2025-10-18T22:58:53.000Z,1.780071614968773,460.0,7.32,14.93,0.0
UberX,rider_canceled,2025-10-18T22:52:00.000Z,,,0.0,0.0,,0.0,0.0
UberX,completed,2025-10-18T22:53:43.000Z,2025-10-18T23:03:59.000Z,2025-10-18T23:11:45.000Z,2.3387401166005843,466.0,7.32,14.99,0.0
UberX,completed,2025-10-18T23:02:49.000Z,2025-10-18T23:14:08.000Z,2025-10-18T23:31:03.000Z,5.126182889751289,1015.0,7.32,26.96,0.0
UberX,completed,2025-10-18T23:29:32.000Z,2025-10-18T23:40:36.000Z,2025-10-19T00:13:00.000Z,10.666332290834866,1944.0,7.32,56.91,0.0
UberX,completed,2025-10-20T07:28:08.000Z,2025-10-20T07:37:33.000Z,2025-10-20T08:08:45.000Z,6.760021954,1872.0,8.79,54.97,0.0
UberX,completed,2025-10-20T08:09:07.000Z,2025-10-20T08:25:24.000Z,2025-10-20T09:02:04.000Z,8.187738883389919,2200.0,8.79,52.98,0.0
UberX,completed,2025-10-20T08:53:45.000Z,2025-10-20T09:05:15.000Z,2025-10-20T09:18:59.000Z,2.857770688643391,825.0,8.79,27.94,0.0
UberX,completed,2025-10-20T09:16:38.000Z,2025-10-20T09:25:25.000Z,2025-10-20T09:50:51.000Z,5.178023628824961,1526.0,7.32,28.92,0.0
UberX,rider_canceled,2025-10-20T09:39:16.000Z,,,0.0,0.0,,0.0,0.0
UberX,completed,2025-10-20T09:48:48.000Z,2025-10-20T10:02:01.000Z,2025-10-20T10:22:23.000Z,3.930004583794509,1223.0,7.32,30.54,0.0
UberX,completed,2025-10-20T10:22:13.000Z,2025-10-20T10:27:53.000Z,2025-10-20T10:46:12.000Z,5.369285672729753,1099.0,7.32,29.28,0.0
UberX,completed,2025-10-20T10:43:44.000Z,2025-10-20T10:51:30.000Z,2025-10-20T10:58:16.000Z,2.6321819833503666,407.0,7.32,20.0,0.0
UberX,completed,2025-10-20T10:58:13.000Z,2025-10-20T11:03:54.000Z,2025-10-20T11:24:41.000Z,4.937098365294123,1247.0,7.32,27.92,0.0
UberX,completed,2025-10-20T16:00:45.000Z,2025-10-20T16:16:08.000Z,2025-10-20T16:30:45.000Z,2.465557842481456,878.0,8.79,51.47,0.0
UberX,completed,2025-10-20T16:22:01.000Z,2025-10-20T16:34:33.000Z,2025-10-20T17:11:23.000Z,5.035086359439365,2210.0,8.79,48.98,0.0
UberX,completed,2025-10-20T16:59:56.000Z,2025-10-20T17:19:41.000Z,2025-10-20T17:39:36.000Z,4.868301054916667,1195.0,8.79,30.93,0.0
UberX,completed,2025-10-20T17:37:26.000Z,2025-10-20T17:47:56.000Z,2025-10-20T18:04:59.000Z,3.759829382936085,1023.0,8.79,29.93,0.0
UberX,completed,2025-10-21T08:15:15.000Z,2025-10-21T08:31:13.000Z,2025-10-21T08:48:59.000Z,7.731612109685125,1066.0,8.79,43.98,0.0
UberX,completed,2025-10-21T15:41:44.000Z,2025-10-21T15:46:39.000Z,2025-10-21T15:53:58.000Z,0.6807629763866941,440.0,8.79,24.99,0.0
UberX,rider_canceled,2025-10-21T15:47:02.000Z,,,0.0,0.0,,0.0,0.0
UberX,rider_canceled,2025-10-21T15:47:24.000Z,,,0.0,0.0,,0.0,0.0
UberX,completed,2025-10-21T17:17:29.000Z,2025-10-21T17:23:09.000Z,2025-10-21T17:40:55.000Z,4.0980097293935485,1066.0,8.79,30.99,0.0
UberX,completed,2025-10-21T17:33:42.000Z,2025-10-21T17:49:11.000Z,2025-10-21T18:25:56.000Z,9.902376476,2205.0,8.79,64.98,0.0
UberX,completed,2025-10-22T15:45:58.000Z,2025-10-22T15:57:55.000Z,2025-10-22T16:16:57.000Z,3.1025606334373883,1142.0,8.79,26.96,0.0
UberX,completed,2025-10-22T16:16:37.000Z,2025-10-22T16:27:09.000Z,2025-10-22T16:56:31.000Z,5.359432109194929,1762.0,8.79,46.92,0.0
UberX,completed,2025-10-22T16:58:29.000Z,2025-10-22T17:07:49.000Z,2025-10-22T17:29:00.000Z,3.9810411471478657,1271.0,8.79,31.31,0.0
UberX,completed,2025-10-22T17:29:22.000Z,2025-10-22T17:36:55.000Z,2025-10-22T17:52:47.000Z,3.660470326,952.0,8.79,30.95,0.0
UberX,completed,2025-10-22T17:49:53.000Z,2025-10-22T17:58:26.000Z,2025-10-22T18:19:29.000Z,5.391316899,1263.0,8.79,34.97,0.0
UberX,completed,2025-10-23T07:28:29.000Z,2025-10-23T07:45:38.000Z,2025-10-23T08:13:27.000Z,4.443240068866943,1669.0,8.79,47.23,0.0
UberX,completed,2025-10-23T08:07:40.000Z,2025-10-23T08:17:42.000Z,2025-10-23T08:46:12.000Z,6.543295176915606,1710.0,8.79,42.93,0.0
UberX,completed,2025-10-23T09:12:51.000Z,2025-10-23T09:18:44.000Z,2025-10-23T09:30:58.000Z,2.737660072286187,734.0,7.32,18.98,0.0
UberX,completed,2025-10-24T10:41:39.000Z,2025-10-24T10:55:46.000Z,2025-10-24T11:16:58.000Z,5.489764369285748,1272.0,7.32,29.96,0.0
UberX,completed,2025-10-24T11:22:31.000Z,2025-10-24T11:34:16.000Z,2025-10-24T11:58:06.000Z,3.465732905415985,1429.0,7.32,23.93,0.0
UberX,completed,2025-10-24T14:36:30.000Z,2025-10-24T14:52:40.000Z,2025-10-24T15:07:38.000Z,2.384948244682993,897.0,7.32,31.92,0.0
UberX,completed,2025-10-24T14:56:12.000Z,2025-10-24T15:13:03.000Z,2025-10-24T15:46:42.000Z,4.836592933818311,2018.0,7.32,47.92,0.0
UberX,completed,2025-10-24T16:05:00.000Z,2025-10-24T16:04:39.000Z,2025-10-24T16:41:53.000Z,4.646428864,2234.0,8.79,38.95,0.0
UberX,rider_canceled,2025-10-24T16:33:26.000Z,,,0.0,0.0,,0.0,0.0
UberX,completed,2025-10-24T16:46:32.000Z,2025-10-24T16:55:39.000Z,2025-10-24T17:04:17.000Z,1.1962636363161785,518.0,8.79,24.97,0.0
UberX,completed,2025-10-24T17:00:00.000Z,2025-10-24T17:13:12.000Z,2025-10-24T17:43:45.000Z,7.447067494911954,1834.0,8.79,53.92,0.0
UberX,completed,2025-10-24T17:49:40.000Z,2025-10-24T18:09:23.000Z,2025-10-24T18:37:09.000Z,4.673441101625026,1666.0,8.79,41.97,0.0
UberX,driver_canceled,2025-10-25T06:02:00.000Z,,,0.0,0.0,,8.7,8.06
UberX,completed,2025-10-25T06:34:18.000Z,2025-10-25T06:46:02.000Z,2025-10-25T07:10:12.000Z,7.009792229,1450.0,8.79,42.94,0.0
UberX,completed,2025-10-27T16:06:53.000Z,2025-10-27T16:12:39.000Z,2025-10-27T16:40:31.000Z,3.6290962287195594,1672.0,8.79,47.93,0.0
UberX,completed,2025-10-27T16:26:06.000Z,2025-10-27T16:44:53.000Z,2025-10-27T17:07:13.000Z,4.545209390628937,1340.0,8.79,36.93,0.0
UberX,completed,2025-10-27T17:03:58.000Z,2025-10-27T17:13:28.000Z,2025-10-27T17:27:06.000Z,1.864002535,818.0,8.79,26.9,0.0
UberX,completed,2025-10-27T17:15:38.000Z,2025-10-27T17:34:28.000Z,2025-10-27T17:58:25.000Z,3.971002181874879,1437.0,8.79,31.95,0.0
UberX,completed,2025-10-31T09:04:51.000Z,2025-10-31T09:18:39.000Z,2025-10-31T09:35:18.000Z,5.293064149428658,999.0,7.32,33.5,0.0
UberX,completed,2025-10-31T09:31:15.000Z,2025-10-31T09:44:45.000Z,2025-10-31T10:02:27.000Z,3.1749785462835374,1062.0,7.32,21.26,0.0
UberX,completed,2025-11-03T12:54:46.000Z,2025-11-03T12:58:11.000Z,2025-11-03T13:02:56.000Z,0.8770527746925743,284.0,7.32,11.93,0.0
UberX,completed,2025-11-03T16:01:51.000Z,2025-11-03T16:16:26.000Z,2025-11-03T16:45:41.000Z,5.846295560281829,1755.0,8.79,49.99,0.0
UberX,completed,2025-11-03T16:41:08.000Z,2025-11-03T16:47:01.000Z,2025-11-03T16:58:36.000Z,3.0616168254480423,695.0,8.79,23.94,0.0
UberX,completed,2025-11-03T16:49:18.000Z,2025-11-03T17:08:26.000Z,2025-11-03T17:27:02.000Z,5.622636421460468,1116.0,8.79,33.91,0.0
UberX,completed,2025-11-03T17:27:01.000Z,2025-11-03T17:34:18.000Z,2025-11-03T18:11:13.000Z,2.6586407362245343,2215.0,8.79,31.0,0.0
UberX,rider_canceled,2025-11-03T17:44:28.000Z,,,0.0,0.0,,0.0,0.0
UberX,completed,2025-11-04T08:21:40.000Z,2025-11-04T08:36:17.000Z,2025-11-04T09:02:58.000Z,3.545251184870073,1601.0,8.79,38.64,0.0
UberX,completed,2025-11-04T09:04:34.000Z,2025-11-04T09:09:20.000Z,2025-11-04T09:20:05.000Z,1.930167535718637,645.0,7.32,23.97,0.0
UberX,completed,2025-11-04T18:51:19.000Z,2025-11-04T19:00:13.000Z,2025-11-04T19:16:53.000Z,5.294501049811285,999.0,8.79,33.97,0.0
UberX,rider_canceled,2025-11-05T15:31:34.000Z,,,0.0,0.0,,0.0,0.0
UberX,completed,2025-11-06T08:29:29.000Z,2025-11-06T08:48:08.000Z,2025-11-06T08:58:54.000Z,1.889862542310756,646.0,8.79,19.94,0.0
UberX,completed,2025-11-06T08:59:00.000Z,2025-11-06T09:06:29.000Z,2025-11-06T09:25:57.000Z,3.8275962645323176,1168.0,8.79,27.94,0.0
UberX,rider_canceled,2025-11-06T09:23:14.000Z,,,0.0,0.0,,0.0,0.0
UberX,completed,2025-11-07T09:20:30.000Z,2025-11-07T09:30:04.000Z,2025-11-07T09:41:40.000Z,2.2596084881860903,696.0,7.32,24.42,0.0
UberX,completed,2025-11-07T09:36:23.000Z,2025-11-07T09:50:48.000Z,2025-11-07T10:15:45.000Z,5.559119371011019,1497.0,7.32,28.96,0.0
UberX,completed,2025-11-07T14:33:32.000Z,2025-11-07T14:47:44.000Z,2025-11-07T15:26:15.000Z,9.230961380776932,2311.0,7.32,57.95,0.0
UberX,completed,2025-11-07T15:43:00.000Z,2025-11-07T15:49:21.000Z,2025-11-07T16:15:57.000Z,4.605433113607384,1596.0,8.79,42.0,0.0
UberX,rider_canceled,2025-11-07T16:07:50.000Z,,,0.0,0.0,,0.0,0.0
UberX,rider_canceled,2025-11-07T16:10:56.000Z,,,0.0,0.0,,0.0,0.0
UberX,completed,2025-11-07T17:32:59.000Z,2025-11-07T17:39:51.000Z,2025-11-07T18:01:40.000Z,6.729747961848659,1309.0,8.79,37.92,0.0
UberX,completed,2025-11-07T18:45:24.000Z,2025-11-07T18:52:10.000Z,2025-11-07T19:12:27.000Z,4.577794016,1217.0,8.79,31.95,0.0
UberX,completed,2025-11-07T19:15:26.000Z,2025-11-07T19:29:33.000Z,2025-11-07T19:49:07.000Z,5.0330387653566335,1174.0,7.32,28.92,0.0
UberX,completed,2025-11-07T19:45:05.000Z,2025-11-07T19:49:55.000Z,2025-11-07T19:57:29.000Z,1.845403553081504,454.0,7.32,14.94,0.0
UberX,completed,2025-11-07T19:54:36.000Z,2025-11-07T20:03:51.000Z,2025-11-07T20:25:11.000Z,6.240525883023186,1280.0,7.32,31.98,0.0
UberX,completed,2025-11-08T09:51:46.000Z,2025-11-08T10:02:16.000Z,2025-11-08T10:14:36.000Z,2.320006695384893,740.0,7.32,16.93,0.0
UberX,completed,2025-11-08T10:07:18.000Z,2025-11-08T10:30:45.000Z,2025-11-08T10:47:25.000Z,3.9109929521431863,1001.0,7.32,25.91,0.0
UberX,completed,2025-11-08T10:45:22.000Z,2025-11-08T10:58:05.000Z,2025-11-08T11:07:30.000Z,1.9265838250482483,565.0,7.32,14.96,0.0
UberX,completed,2025-11-08T11:08:32.000Z,2025-11-08T11:18:38.000Z,2025-11-08T11:30:54.000Z,4.147923876335631,736.0,7.32,23.9,0.0
UberX,completed,2025-11-08T11:30:22.000Z,2025-11-08T11:32:31.000Z,2025-11-08T11:47:55.000Z,3.176030713174694,924.0,7.32,20.98,0.0
UberX,completed,2025-11-08T11:42:19.000Z,2025-11-08T11:51:19.000Z,2025-11-08T12:00:06.000Z,2.0072668538483858,528.0,7.32,20.9,0.0
UberX,completed,2025-11-08T11:50:02.000Z,2025-11-08T12:01:35.000Z,2025-11-08T12:19:06.000Z,4.272628817458217,1050.0,7.32,24.02,0.0
UberX,completed,2025-11-08T14:11:13.000Z,2025-11-08T14:25:22.000Z,2025-11-08T14:47:04.000Z,5.407481128513292,1302.0,7.32,37.99,0.0
UberX,completed,2025-11-08T15:02:27.000Z,2025-11-08T15:12:23.000Z,2025-11-08T15:28:43.000Z,5.373821669021689,980.0,7.32,27.91,0.0
UberX,completed,2025-11-08T15:29:26.000Z,2025-11-08T15:33:22.000Z,2025-11-08T15:52:18.000Z,4.123991228129204,1136.0,7.32,24.93,0.0
UberX,completed,2025-11-08T15:42:29.000Z,2025-11-08T15:53:05.000Z,2025-11-08T16:02:39.000Z,2.188751608684117,575.0,7.32,20.98,0.0
UberX,completed,2025-11-08T15:56:40.000Z,2025-11-08T16:13:40.000Z,2025-11-08T16:35:27.000Z,5.575946529461305,1307.0,7.32,29.95,0.0
UberX,completed,2025-11-08T16:29:50.000Z,2025-11-08T16:48:06.000Z,2025-11-08T17:16:15.000Z,8.642191444511834,1689.0,7.32,52.91,0.0
UberX,completed,2025-11-08T17:07:44.000Z,2025-11-08T17:20:56.000Z,2025-11-08T17:40:27.000Z,5.404724969496132,1170.0,7.32,29.92,0.0
UberX,completed,2025-11-08T18:39:07.000Z,2025-11-08T18:50:34.000Z,2025-11-08T19:14:05.000Z,6.084167032793892,1411.0,7.32,25.98,0.0
UberX,completed,2025-11-08T19:25:38.000Z,2025-11-08T19:34:49.000Z,2025-11-08T19:52:49.000Z,3.305131269739973,1081.0,7.32,21.91,0.0
UberX,completed,2025-11-08T19:43:46.000Z,2025-11-08T19:57:17.000Z,2025-11-08T20:07:46.000Z,2.585046718398751,629.0,7.32,18.99,0.0
UberX,rider_canceled,2025-11-08T20:39:02.000Z,,,0.0,0.0,,0.0,0.0
UberX,completed,2025-11-09T10:14:27.000Z,2025-11-09T10:22:12.000Z,2025-11-09T10:30:25.000Z,1.6615307060526725,493.0,7.32,13.98,0.0
UberX,completed,2025-11-09T10:23:13.000Z,2025-11-09T10:35:36.000Z,2025-11-09T10:50:11.000Z,4.277397808190406,876.0,7.32,26.92,0.0
UberX,completed,2025-11-09T10:48:05.000Z,2025-11-09T10:56:54.000Z,2025-11-09T11:10:56.000Z,6.273251931361049,841.0,7.32,38.93,0.0
UberX,driver_canceled,2025-11-09T11:30:51.000Z,,,0.0,0.0,,8.7,8.06
UberX,completed,2025-11-12T17:01:57.000Z,2025-11-12T17:11:32.000Z,2025-11-12T17:23:47.000Z,1.6006995036442746,735.0,8.79,21.88,0.0
UberX,completed,2025-11-12T17:16:36.000Z,2025-11-12T17:26:26.000Z,2025-11-12T17:42:47.000Z,7.149774707076754,981.0,8.79,42.96,0.0
UberX,completed,2025-11-12T17:30:27.000Z,2025-11-12T17:48:07.000Z,2025-11-12T18:05:47.000Z,7.0986168764821125,1060.0,8.79,38.94,0.0
UberX,completed,2025-11-12T18:04:30.000Z,2025-11-12T18:17:06.000Z,2025-11-12T18:45:41.000Z,11.07797356239774,1715.0,8.79,59.98,0.0
UberX,completed,2025-11-12T18:59:45.000Z,2025-11-12T19:14:57.000Z,2025-11-12T19:33:33.000Z,7.563270300329552,1116.0,8.79,37.93,0.0
UberX,completed,2025-11-13T08:16:57.000Z,2025-11-13T08:28:21.000Z,2025-11-13T08:33:01.000Z,0.8381606529927809,280.0,8.79,15.96,0.0
UberX,completed,2025-11-13T08:29:49.000Z,2025-11-13T08:44:36.000Z,2025-11-13T09:05:32.000Z,4.502386366889676,1256.0,8.79,33.99,0.0
UberX,completed,2025-11-13T09:18:50.000Z,2025-11-13T09:29:04.000Z,2025-11-13T09:54:55.000Z,8.168209945678067,1550.0,7.32,45.94,0.0
UberX,completed,2025-11-14T16:19:14.000Z,2025-11-14T16:35:50.000Z,2025-11-14T16:54:31.000Z,4.541157201921983,1121.0,8.79,40.98,0.0
UberX,completed,2025-11-14T16:52:33.000Z,2025-11-14T17:04:57.000Z,2025-11-14T17:31:37.000Z,6.167035122263137,1601.0,8.79,45.91,0.0
UberX,completed,2025-11-14T18:41:15.000Z,2025-11-14T18:46:09.000Z,2025-11-14T19:09:56.000Z,6.655350323270415,1427.0,8.79,43.93,0.0
UberX,completed,2025-11-15T11:37:30.000Z,2025-11-15T11:40:29.000Z,2025-11-15T11:57:15.000Z,4.883587599302188,1006.0,7.32,26.98,0.0
UberX,completed,2025-11-15T11:49:45.000Z,2025-11-15T11:58:21.000Z,2025-11-15T12:12:28.000Z,3.308113593,846.0,7.32,22.94,0.0
UberX,completed,2025-11-15T12:08:53.000Z,2025-11-15T12:19:26.000Z,2025-11-15T12:39:48.000Z,6.113003063184818,1222.0,7.32,30.94,0.0
UberX,rider_canceled,2025-11-15T12:09:27.000Z,,,0.0,0.0,,0.0,0.0
UberX,completed,2025-11-15T13:30:53.000Z,2025-11-15T13:36:50.000Z,2025-11-15T13:47:35.000Z,2.830795921958851,645.0,7.32,18.93,0.0
UberX,completed,2025-11-15T13:49:19.000Z,2025-11-15T14:03:50.000Z,2025-11-15T14:33:08.000Z,5.954060432145698,1758.0,7.32,31.97,0.0
UberX,completed,2025-11-15T14:29:29.000Z,2025-11-15T14:36:56.000Z,2025-11-15T14:47:03.000Z,1.4383638895446798,608.0,7.32,14.97,0.0
UberX,completed,2025-11-15T14:44:09.000Z,2025-11-15T14:56:39.000Z,2025-11-15T15:12:06.000Z,2.6907675918321097,926.0,7.32,22.97,0.0
UberX,rider_canceled,2025-11-15T15:34:53.000Z,,,0.0,0.0,,0.0,0.0
UberX,completed,2025-11-15T15:39:42.000Z,2025-11-15T15:49:10.000Z,2025-11-15T15:53:43.000Z,1.3567026298860283,273.0,7.32,13.92,0.0
UberX,completed,2025-11-15T15:49:35.000Z,2025-11-15T16:05:06.000Z,2025-11-15T16:35:53.000Z,8.675658546541817,1847.0,7.32,45.92,0.0
UberX,completed,2025-11-15T16:32:01.000Z,2025-11-15T16:40:36.000Z,2025-11-15T16:55:08.000Z,5.348100739049238,873.0,7.32,27.99,0.0
UberX,completed,2025-11-15T17:00:11.000Z,2025-11-15T17:12:16.000Z,2025-11-15T17:24:35.000Z,5.331377967672093,739.0,7.32,24.95,0.0
UberX,completed,2025-11-15T17:19:09.000Z,2025-11-15T17:34:44.000Z,2025-11-15T18:03:01.000Z,7.584739735672852,1697.0,7.32,37.96,0.0
UberX,completed,2025-11-15T18:02:22.000Z,2025-11-15T18:09:32.000Z,2025-11-15T18:31:39.000Z,6.417887361263998,1327.0,7.32,31.92,0.0
UberX,completed,2025-11-16T08:32:19.000Z,2025-11-16T08:36:10.000Z,2025-11-16T08:44:37.000Z,2.5835733937189262,507.0,7.32,17.98,0.0
UberX,completed,2025-11-16T08:38:46.000Z,2025-11-16T08:51:02.000Z,2025-11-16T09:03:37.000Z,4.376939407854064,755.0,7.32,23.92,0.0
UberX,completed,2025-11-16T08:59:48.000Z,2025-11-16T09:13:18.000Z,2025-11-16T09:25:39.000Z,2.682215890159223,741.0,7.32,21.21,0.0
UberX,completed,2025-11-16T09:20:24.000Z,2025-11-16T09:36:24.000Z,2025-11-16T09:53:04.000Z,6.002700070819864,1000.0,7.32,29.96,0.0
UberX,completed,2025-11-16T10:19:03.000Z,2025-11-16T10:27:30.000Z,2025-11-16T10:37:05.000Z,2.0121945453672034,575.0,7.32,15.93,0.0
UberX,completed,2025-11-16T10:31:05.000Z,2025-11-16T10:39:30.000Z,2025-11-16T10:52:12.000Z,4.569111438166012,762.0,7.32,23.99,0.0
UberX,completed,2025-11-16T10:43:53.000Z,2025-11-16T10:55:18.000Z,2025-11-16T11:17:46.000Z,6.060594174612388,1347.0,7.32,31.96,0.0
UberX,completed,2025-11-16T11:17:04.000Z,2025-11-16T11:27:27.000Z,2025-11-16T11:43:27.000Z,6.054081718702653,961.0,7.32,31.77,0.0
UberX,completed,2025-11-17T09:14:03.000Z,2025-11-17T09:20:53.000Z,2025-11-17T09:31:44.000Z,3.592937299014719,652.0,7.32,26.26,0.0
UberX,completed,2025-11-17T09:32:44.000Z,2025-11-17T09:56:20.000Z,2025-11-17T10:11:35.000Z,4.260318684837859,916.0,7.32,29.92,0.0
UberX,completed,2025-11-17T10:10:20.000Z,2025-11-17T10:20:12.000Z,2025-11-17T10:46:29.000Z,7.983907035727857,1577.0,7.32,38.93,0.0
UberX,completed,2025-11-17T10:50:23.000Z,2025-11-17T10:59:17.000Z,2025-11-17T11:26:31.000Z,6.223928129578482,1634.0,7.32,32.93,0.0
UberX,completed,2025-11-18T15:34:42.000Z,2025-11-18T15:40:13.000Z,2025-11-18T16:14:38.000Z,8.592016019596661,2065.0,8.79,58.91,0.0
UberX,rider_canceled,2025-11-18T16:45:47.000Z,,,0.0,0.0,,0.0,0.0
UberX,completed,2025-11-20T09:26:09.000Z,2025-11-20T09:31:08.000Z,2025-11-20T09:52:30.000Z,4.696818571892364,1282.0,7.32,27.54,0.0
UberX,completed,2025-11-21T15:09:09.000Z,2025-11-21T15:23:01.000Z,2025-11-21T16:08:27.000Z,9.016040563359027,2726.0,8.79,60.94,0.0
UberX,completed,2025-11-21T16:15:08.000Z,2025-11-21T16:20:54.000Z,2025-11-21T16:42:34.000Z,3.824417502237965,1300.0,8.79,31.98,0.0
UberX,rider_canceled,2025-11-21T16:35:08.000Z,,,0.0,0.0,,0.0,0.0
UberX,completed,2025-11-21T16:40:28.000Z,2025-11-21T16:50:35.000Z,2025-11-21T17:06:52.000Z,4.220519156444543,977.0,8.79,36.92,0.0
UberX,completed,2025-11-21T16:57:09.000Z,2025-11-21T17:14:11.000Z,2025-11-21T17:48:19.000Z,7.719109592,2048.0,8.79,54.0,0.0
UberX,completed,2025-11-21T17:38:25.000Z,2025-11-21T17:52:35.000Z,2025-11-21T18:23:41.000Z,8.121882524929472,1866.0,8.79,47.93,0.0
UberX,completed,2025-11-21T18:31:32.000Z,2025-11-21T18:42:36.000Z,2025-11-21T19:05:36.000Z,5.476164725427806,1381.0,8.79,33.94,0.0
UberX,completed,2025-11-21T19:17:48.000Z,2025-11-21T19:23:28.000Z,2025-11-21T19:45:05.000Z,3.7926342050413866,1297.0,7.32,23.91,0.0
UberX,completed,2025-11-21T19:42:00.000Z,2025-11-21T19:49:24.000Z,2025-11-21T19:57:59.000Z,1.147454281329898,515.0,7.32,16.93,0.0
UberX,completed,2025-11-22T10:30:31.000Z,2025-11-22T10:44:06.000Z,2025-11-22T10:59:12.000Z,3.329119845021752,907.0,7.32,27.47,0.0
UberX,completed,2025-11-22T10:54:12.000Z,2025-11-22T11:00:09.000Z,2025-11-22T11:11:48.000Z,2.8760587859898346,699.0,7.32,19.97,0.0
UberX,completed,2025-11-22T10:55:55.000Z,2025-11-22T11:13:42.000Z,2025-11-22T11:26:03.000Z,3.5491793875428934,741.0,7.32,22.97,0.0
UberX,completed,2025-11-22T11:26:47.000Z,2025-11-22T11:31:22.000Z,2025-11-22T11:48:40.000Z,3.94684154036314,1038.0,7.32,22.91,0.0
UberX,rider_canceled,2025-11-22T11:43:10.000Z,,,0.0,0.0,,0.0,0.0
UberX,rider_canceled,2025-11-22T12:18:25.000Z,,,0.0,0.0,,0.0,0.0
UberX,completed,2025-11-22T12:19:48.000Z,2025-11-22T12:30:22.000Z,2025-11-22T12:36:11.000Z,1.1276958789013658,348.0,7.32,12.95,0.0
UberX,completed,2025-11-22T12:58:14.000Z,2025-11-22T13:09:12.000Z,2025-11-22T13:23:31.000Z,4.584795649799964,859.0,7.32,24.91,0.0
UberX,completed,2025-11-22T13:18:38.000Z,2025-11-22T13:27:14.000Z,2025-11-22T13:55:23.000Z,5.881816934270089,1689.0,7.32,38.84,0.0
UberX,completed,2025-11-22T13:43:19.000Z,2025-11-22T14:01:58.000Z,2025-11-22T14:16:02.000Z,4.140136210152863,844.0,7.32,28.91,0.0
UberX,completed,2025-11-22T14:12:31.000Z,2025-11-22T14:30:59.000Z,2025-11-22T14:50:02.000Z,5.294204757240906,1143.0,7.32,28.96,0.0
UberX,rider_canceled,2025-11-22T14:40:29.000Z,,,0.0,0.0,,0.0,0.0
UberX,completed,2025-11-22T14:52:20.000Z,2025-11-22T14:59:52.000Z,2025-11-22T15:11:51.000Z,2.409928574026747,719.0,7.32,17.91,0.0
UberX,completed,2025-11-22T15:40:39.000Z,2025-11-22T15:51:29.000Z,2025-11-22T16:09:39.000Z,2.773014878556621,1090.0,7.32,19.95,0.0
UberX,completed,2025-11-22T16:30:00.000Z,2025-11-22T16:31:41.000Z,2025-11-22T17:00:09.000Z,6.244774429182161,1708.0,7.32,42.97,0.0
UberX,completed,2025-11-22T16:50:32.000Z,2025-11-22T17:09:41.000Z,2025-11-22T17:21:16.000Z,2.820687384371221,695.0,7.32,22.99,0.0
UberX,completed,2025-11-22T17:17:01.000Z,2025-11-22T17:22:29.000Z,2025-11-22T17:32:15.000Z,1.147655284707818,586.0,7.32,14.96,0.0
UberX,completed,2025-11-22T19:22:06.000Z,2025-11-22T19:29:45.000Z,2025-11-22T19:35:37.000Z,1.4425333684879624,352.0,7.32,20.92,0.0
UberX,completed,2025-11-22T19:28:07.000Z,2025-11-22T19:38:45.000Z,2025-11-22T19:48:30.000Z,2.7553478902942548,584.0,7.32,18.94,0.0
UberX,rider_canceled,2025-11-22T20:07:49.000Z,,,0.0,0.0,,0.0,0.0
UberX,completed,2025-11-22T21:16:06.000Z,2025-11-22T21:33:51.000Z,2025-11-22T22:01:37.000Z,10.601719293747289,1667.0,7.32,73.15,0.0
UberX,completed,2025-11-23T08:20:07.000Z,2025-11-23T08:25:25.000Z,2025-11-23T08:34:24.000Z,2.337570969012304,539.0,7.32,18.93,0.0
UberX,completed,2025-11-23T08:41:35.000Z,2025-11-23T08:54:11.000Z,2025-11-23T09:07:50.000Z,2.7361207193297257,819.0,7.32,26.97,0.0
UberX,completed,2025-11-23T08:56:36.000Z,2025-11-23T09:11:06.000Z,2025-11-23T09:29:01.000Z,5.896528743240248,1075.0,7.32,28.98,0.0
UberX,completed,2025-11-23T09:26:42.000Z,2025-11-23T09:36:23.000Z,2025-11-23T09:42:18.000Z,2.151910232847378,355.0,7.32,17.97,0.0
UberX,completed,2025-11-23T09:36:38.000Z,2025-11-23T09:51:12.000Z,2025-11-23T10:06:35.000Z,4.099025424984525,923.0,7.32,23.9,0.0
UberX,completed,2025-11-23T10:20:24.000Z,2025-11-23T10:26:13.000Z,2025-11-23T10:34:10.000Z,1.9239993787202985,477.0,7.32,22.06,0.0
UberX,completed,2025-11-23T10:32:58.000Z,2025-11-23T10:38:57.000Z,2025-11-23T10:45:59.000Z,1.8053428525231028,422.0,7.32,14.92,0.0
UberX,completed,2025-11-23T11:21:02.000Z,2025-11-23T11:32:15.000Z,2025-11-23T11:45:17.000Z,3.725502977429912,782.0,7.32,23.92,0.0
UberX,completed,2025-11-23T11:40:42.000Z,2025-11-23T11:56:28.000Z,2025-11-23T12:05:08.000Z,1.4607598441545353,520.0,7.32,17.9,0.0
UberX,completed,2025-11-27T09:01:29.000Z,2025-11-27T09:17:21.000Z,2025-11-27T09:35:34.000Z,4.896664047497193,1093.0,7.32,38.91,0.0
UberX,completed,2025-11-27T09:29:18.000Z,2025-11-27T09:48:22.000Z,2025-11-27T10:04:16.000Z,4.085350018144172,954.0,7.32,25.94,0.0
UberX,completed,2025-11-28T09:11:11.000Z,2025-11-28T09:16:49.000Z,2025-11-28T09:30:51.000Z,2.8400906875454206,842.0,7.32,18.96,0.0
UberX,completed,2025-11-28T09:25:08.000Z,2025-11-28T09:37:08.000Z,2025-11-28T09:57:33.000Z,3.973461998902768,1225.0,7.32,24.91,0.0
UberX,completed,2025-11-28T14:13:06.000Z,2025-11-28T14:21:09.000Z,2025-11-28T14:41:39.000Z,4.4237200270251895,1230.0,7.32,47.12,0.0
UberX,completed,2025-11-28T14:29:16.000Z,2025-11-28T14:50:15.000Z,2025-11-28T15:26:12.000Z,6.605714373684826,2157.0,7.32,36.93,0.0
UberX,completed,2025-11-28T16:52:47.000Z,2025-11-28T16:57:38.000Z,2025-11-28T17:04:15.000Z,1.6717127807817775,397.0,8.79,31.91,0.0
UberX,completed,2025-11-29T10:27:52.000Z,2025-11-29T10:38:06.000Z,2025-11-29T10:56:22.000Z,7.96485358,1096.0,7.32,38.0,0.0
UberX,completed,2025-11-29T10:57:13.000Z,2025-11-29T11:19:25.000Z,2025-11-29T11:41:43.000Z,9.789976737665569,1338.0,7.32,56.58,0.0
UberX,rider_canceled,2025-11-29T11:36:46.000Z,,,0.0,0.0,,0.0,0.0
UberX,completed,2025-11-29T11:54:35.000Z,2025-11-29T12:05:22.000Z,2025-11-29T12:27:59.000Z,8.570298715,1357.0,7.32,43.94,0.0
UberX,completed,2025-11-29T12:19:03.000Z,2025-11-29T12:37:38.000Z,2025-11-29T13:09:11.000Z,9.568697057483048,1894.0,7.32,52.93,0.0
UberX,completed,2025-11-29T13:46:01.000Z,2025-11-29T14:05:39.000Z,2025-11-29T14:29:47.000Z,7.849043538583116,1448.0,7.32,71.75,0.0
UberX,completed,2025-11-29T14:14:36.000Z,2025-11-29T14:38:43.000Z,2025-11-29T14:59:24.000Z,7.257369320565911,1241.0,7.32,32.22,0.0
UberX,completed,2025-11-29T14:58:10.000Z,2025-11-29T15:08:33.000Z,2025-11-29T15:39:49.000Z,6.521890455302112,1876.0,7.32,42.94,0.0
UberX,completed,2025-11-29T15:45:00.000Z,2025-11-29T15:50:53.000Z,2025-11-29T16:11:06.000Z,4.675234349894027,1213.0,7.32,39.95,0.0
UberX,completed,2025-11-29T18:53:19.000Z,2025-11-29T19:01:25.000Z,2025-11-29T19:15:17.000Z,3.3411340048511016,832.0,7.32,41.96,0.0
UberX,rider_canceled,2025-11-29T23:12:33.000Z,,,0.0,0.0,,0.0,0.0
UberX,rider_canceled,2025-12-01T08:14:52.000Z,,,0.0,0.0,,0.0,0.0
UberX,completed,2025-12-01T08:18:25.000Z,2025-12-01T08:32:19.000Z,2025-12-01T08:45:51.000Z,2.3998573732541857,812.0,8.79,21.96,0.0
UberX,completed,2025-12-01T08:33:30.000Z,2025-12-01T08:50:00.000Z,2025-12-01T09:01:41.000Z,2.3545243296450096,700.0,8.79,24.57,0.0
UberX,completed,2025-12-01T16:24:55.000Z,2025-12-01T16:42:17.000Z,2025-12-01T16:55:16.000Z,3.092691897048645,780.0,8.79,33.91,0.0
UberX,completed,2025-12-01T16:52:53.000Z,2025-12-01T17:00:59.000Z,2025-12-01T17:16:28.000Z,3.468066953616429,930.0,8.79,33.96,0.0
UberX,completed,2025-12-01T17:11:22.000Z,2025-12-01T17:25:11.000Z,2025-12-01T17:49:50.000Z,5.499819843241951,1479.0,8.79,45.92,0.0
UberX,completed,2025-12-01T17:52:17.000Z,2025-12-01T18:01:21.000Z,2025-12-01T18:38:06.000Z,8.704626413604524,2205.0,8.79,54.9,0.0
UberX,completed,2025-12-02T16:07:17.000Z,2025-12-02T16:23:07.000Z,2025-12-02T16:57:42.000Z,5.820710728357192,2075.0,8.79,42.99,0.0
UberX,completed,2025-12-04T08:21:51.000Z,2025-12-04T08:35:18.000Z,2025-12-04T08:46:21.000Z,2.6314775188848496,663.0,8.79,24.06,0.0
UberX,completed,2025-12-04T08:46:02.000Z,2025-12-04T08:56:13.000Z,2025-12-04T09:12:10.000Z,4.355186911680377,957.0,8.79,33.0,0.0
UberX,completed,2025-12-05T14:04:43.000Z,2025-12-05T14:20:31.000Z,2025-12-05T14:28:20.000Z,1.6594850900167062,469.0,7.32,19.77,0.0
UberX,rider_canceled,2025-12-05T14:10:37.000Z,,,0.0,0.0,,8.7,8.06
UberX,completed,2025-12-05T14:46:17.000Z,2025-12-05T15:03:59.000Z,2025-12-05T15:29:25.000Z,3.988894698744121,1526.0,7.32,37.91,0.0
UberX,rider_canceled,2025-12-05T15:26:07.000Z,,,0.0,0.0,,0.0,0.0
UberX,completed,2025-12-05T20:13:46.000Z,2025-12-05T20:16:21.000Z,2025-12-05T20:30:34.000Z,3.0930032709902195,853.0,7.32,20.96,0.0
UberX,completed,2025-12-06T10:47:22.000Z,2025-12-06T10:57:08.000Z,2025-12-06T11:09:34.000Z,2.283042757,746.0,7.32,17.97,0.0
UberX,rider_canceled,2025-12-06T11:04:52.000Z,,,0.0,0.0,,0.0,0.0
UberX,completed,2025-12-06T11:06:01.000Z,2025-12-06T11:12:04.000Z,2025-12-06T11:21:11.000Z,1.777381165925728,547.0,7.32,23.29,0.0
UberX,rider_canceled,2025-12-06T11:21:11.000Z,,,0.0,0.0,,0.0,0.0
UberX,completed,2025-12-06T11:55:33.000Z,2025-12-06T12:09:52.000Z,2025-12-06T12:18:09.000Z,2.369084177947604,497.0,7.32,17.96,0.0
UberX,completed,2025-12-06T12:08:52.000Z,2025-12-06T12:23:07.000Z,2025-12-06T12:38:12.000Z,3.753757306410228,906.0,7.32,22.92,0.0
UberX,completed,2025-12-06T12:39:44.000Z,2025-12-06T12:54:07.000Z,2025-12-06T13:11:19.000Z,4.210603346117779,1031.0,7.32,24.91,0.0
UberX,completed,2025-12-06T13:05:49.000Z,2025-12-06T13:30:59.000Z,2025-12-06T14:19:59.000Z,13.33564943,2940.0,7.32,104.93,0.0
UberX,completed,2025-12-06T14:56:37.000Z,2025-12-06T15:02:07.000Z,2025-12-06T15:11:54.000Z,3.172955877840218,587.0,7.32,19.97,0.0
UberX,completed,2025-12-06T15:02:22.000Z,2025-12-06T15:17:38.000Z,2025-12-06T15:34:52.000Z,4.380676199616179,1034.0,7.32,42.97,0.0
UberX,rider_canceled,2025-12-06T15:43:49.000Z,,,0.0,0.0,,0.0,0.0
UberX,completed,2025-12-06T17:10:00.000Z,2025-12-06T17:15:24.000Z,2025-12-06T17:31:35.000Z,3.640788032646087,971.0,7.32,39.91,0.0
UberX,rider_canceled,2025-12-06T17:17:53.000Z,,,0.0,0.0,,0.0,0.0
UberX,completed,2025-12-06T17:22:57.000Z,2025-12-06T17:41:22.000Z,2025-12-06T17:57:47.000Z,3.9039764103695545,985.0,7.32,30.95,0.0
UberX,completed,2025-12-06T18:05:07.000Z,2025-12-06T18:16:18.000Z,2025-12-06T18:25:43.000Z,2.3926702715560246,564.0,7.32,45.9,0.0
UberX,completed,2025-12-06T19:39:55.000Z,2025-12-06T19:52:10.000Z,2025-12-06T20:05:07.000Z,2.588653793455826,777.0,7.32,25.95,0.0
UberX,rider_canceled,2025-12-06T21:40:56.000Z,,,0.0,0.0,,0.0,0.0
UberX,completed,2025-12-06T22:26:02.000Z,2025-12-06T22:46:28.000Z,2025-12-06T23:09:01.000Z,7.719019274306663,1353.0,7.32,39.6,0.0
UberX,rider_canceled,2025-12-06T23:49:36.000Z,,,0.0,0.0,,0.0,0.0
UberX,completed,2025-12-08T16:03:23.000Z,2025-12-08T16:09:11.000Z,2025-12-08T16:35:03.000Z,2.737827818274198,1552.0,8.79,37.95,0.0
UberX,completed,2025-12-08T16:27:19.000Z,2025-12-08T16:36:03.000Z,2025-12-08T16:46:44.000Z,1.163948799867543,641.0,8.79,21.91,0.0
UberX,completed,2025-12-08T16:36:20.000Z,2025-12-08T16:49:47.000Z,2025-12-08T17:18:13.000Z,6.477353815166366,1706.0,8.79,49.91,0.0
UberX,completed,2025-12-08T17:27:35.000Z,2025-12-08T17:36:47.000Z,2025-12-08T17:47:43.000Z,2.1766356028009906,656.0,8.79,21.91,0.0
UberX,completed,2025-12-08T17:41:38.000Z,2025-12-08T17:51:36.000Z,2025-12-08T17:56:29.000Z,1.0691871553235628,294.0,8.79,19.69,0.0
UberX,rider_canceled,2025-12-09T08:58:48.000Z,,,0.0,0.0,,0.0,0.0
UberX,completed,2025-12-09T09:03:46.000Z,2025-12-09T09:08:33.000Z,2025-12-09T09:23:42.000Z,3.7317307198839273,909.0,7.32,22.96,0.0
UberX,completed,2025-12-11T07:59:21.000Z,2025-12-11T08:07:40.000Z,2025-12-11T08:33:01.000Z,4.233045154970886,1521.0,8.79,44.7,0.0
UberX,completed,2025-12-11T08:14:23.000Z,2025-12-11T08:38:03.000Z,2025-12-11T08:57:25.000Z,4.877438964,1162.0,8.79,35.91,0.0
UberX,completed,2025-12-12T09:05:50.000Z,2025-12-12T09:18:29.000Z,2025-12-12T09:37:21.000Z,4.586888326721887,1132.0,7.32,28.91,0.0
UberX,completed,2025-12-12T09:46:37.000Z,2025-12-12T09:51:24.000Z,2025-12-12T10:13:09.000Z,4.221659653482632,1305.0,7.32,28.91,0.0
UberX,completed,2025-12-12T15:49:53.000Z,2025-12-12T15:59:35.000Z,2025-12-12T16:26:07.000Z,4.292472909766007,1593.0,8.79,29.94,0.0
UberX,completed,2025-12-12T16:22:22.000Z,2025-12-12T16:36:22.000Z,2025-12-12T16:56:39.000Z,4.609433724134843,1218.0,8.79,32.96,0.0
UberX,completed,2025-12-12T16:49:40.000Z,2025-12-12T17:02:12.000Z,2025-12-12T17:09:24.000Z,1.199398791542917,432.0,8.79,25.62,0.0
UberX,completed,2025-12-12T20:20:45.000Z,2025-12-12T20:26:54.000Z,2025-12-12T20:42:31.000Z,2.869736225711509,937.0,7.32,18.96,0.0
UberX,completed,2025-12-13T10:29:23.000Z,2025-12-13T10:40:14.000Z,2025-12-13T10:59:12.000Z,3.437505765885206,1138.0,7.32,23.0,0.0
UberX,completed,2025-12-13T10:56:27.000Z,2025-12-13T11:05:18.000Z,2025-12-13T11:20:52.000Z,2.0915903455126683,934.0,7.32,22.97,0.0
UberX,completed,2025-12-13T11:26:32.000Z,2025-12-13T11:30:59.000Z,2025-12-13T11:49:53.000Z,4.6657388527595325,1134.0,7.32,31.95,0.0
UberX,rider_canceled,2025-12-13T11:48:00.000Z,,,0.0,0.0,,0.0,0.0
UberX,completed,2025-12-13T11:49:15.000Z,2025-12-13T11:58:26.000Z,2025-12-13T12:03:32.000Z,0.6893410880641093,307.0,7.32,13.84,0.0
UberX,completed,2025-12-13T12:01:43.000Z,2025-12-13T12:09:25.000Z,2025-12-13T12:27:40.000Z,6.512045390187934,1096.0,7.32,32.94,0.0
UberX,completed,2025-12-13T12:24:01.000Z,2025-12-13T12:39:09.000Z,2025-12-13T13:03:00.000Z,6.252929700093355,1432.0,7.32,32.94,0.0
UberX,completed,2025-12-13T13:14:10.000Z,2025-12-13T13:18:15.000Z,2025-12-13T13:29:48.000Z,4.162166993597707,693.0,7.32,22.95,0.0
UberX,rider_canceled,2025-12-13T14:37:56.000Z,,,0.0,0.0,,0.0,0.0
UberX,completed,2025-12-13T15:31:40.000Z,2025-12-13T15:39:29.000Z,2025-12-13T16:00:42.000Z,3.637122079297448,1274.0,7.32,21.96,0.0
UberX,rider_canceled,2025-12-13T15:54:53.000Z,,,0.0,0.0,,0.0,0.0
UberX,rider_canceled,2025-12-13T15:56:30.000Z,,,0.0,0.0,,0.0,0.0
UberX,completed,2025-12-13T15:58:45.000Z,2025-12-13T16:13:56.000Z,2025-12-13T16:34:46.000Z,6.290387270974367,1250.0,7.32,30.98,0.0
UberX,completed,2025-12-13T16:43:52.000Z,2025-12-13T17:01:52.000Z,2025-12-13T17:10:35.000Z,3.092616747522112,523.0,7.32,17.93,0.0
UberX,completed,2025-12-13T17:02:28.000Z,2025-12-13T17:18:39.000Z,2025-12-13T17:32:23.000Z,2.8699866845158306,824.0,7.32,19.92,0.0
UberX,completed,2025-12-13T17:25:50.000Z,2025-12-13T17:37:00.000Z,2025-12-13T18:05:18.000Z,6.696508065098673,1698.0,7.32,35.98,0.0
UberX,rider_canceled,2025-12-13T17:53:27.000Z,,,0.0,0.0,,0.0,0.0
UberX,rider_canceled,2025-12-13T18:47:26.000Z,,,0.0,0.0,,0.0,0.0
UberX,completed,2025-12-13T19:14:50.000Z,2025-12-13T19:26:02.000Z,2025-12-13T19:33:03.000Z,1.2576080386972064,421.0,7.32,15.99,0.0
UberX,completed,2025-12-14T08:14:13.000Z,2025-12-14T08:23:18.000Z,2025-12-14T08:40:26.000Z,7.260001019769411,1028.0,7.32,36.92,0.0
UberX,completed,2025-12-14T08:42:18.000Z,2025-12-14T08:57:29.000Z,2025-12-14T09:23:56.000Z,10.611024852756792,1587.0,7.32,56.91,0.0
UberX,completed,2025-12-14T10:18:03.000Z,2025-12-14T10:26:18.000Z,2025-12-14T10:44:31.000Z,6.0165102818347656,1093.0,7.32,30.97,0.0
UberX,completed,2025-12-14T10:41:19.000Z,2025-12-14T10:56:14.000Z,2025-12-14T11:06:17.000Z,2.2818083787984484,603.0,7.32,22.98,0.0
UberX,completed,2025-12-15T08:22:20.000Z,2025-12-15T08:38:12.000Z,2025-12-15T08:54:43.000Z,2.6172926886687726,990.0,8.79,23.94,0.0
UberX,completed,2025-12-15T08:43:36.000Z,2025-12-15T09:00:40.000Z,2025-12-15T09:22:28.000Z,6.695502367568287,1308.0,8.79,59.92,0.0
UberX,completed,2025-12-15T10:01:29.000Z,2025-12-15T10:08:50.000Z,2025-12-15T10:32:16.000Z,4.785646760461159,1407.0,7.32,30.92,0.0
UberX,completed,2025-12-15T10:25:23.000Z,2025-12-15T10:41:49.000Z,2025-12-15T11:01:29.000Z,2.7398624923068047,1181.0,7.32,22.36,0.0
UberX,rider_canceled,2025-12-15T10:54:24.000Z,,,0.0,0.0,,0.0,0.0
UberX,completed,2025-12-15T10:58:01.000Z,2025-12-15T11:11:56.000Z,2025-12-15T11:30:30.000Z,4.592489093973806,1114.0,7.32,25.94,0.0
UberX,rider_canceled,2025-12-15T16:01:28.000Z,,,0.0,0.0,,0.0,0.0
UberX,completed,2025-12-15T17:34:26.000Z,2025-12-15T17:41:07.000Z,2025-12-15T17:46:08.000Z,1.1195800395424926,301.0,8.79,15.99,0.0
UberX,completed,2025-12-15T17:46:31.000Z,2025-12-15T18:02:31.000Z,2025-12-15T18:18:48.000Z,2.986097998490677,977.0,8.79,26.92,0.0
UberX,completed,2025-12-16T09:22:29.000Z,2025-12-16T09:34:57.000Z,2025-12-16T09:49:39.000Z,4.288407345998727,882.0,7.32,24.96,0.0
UberX,completed,2025-12-18T08:05:32.000Z,2025-12-18T08:11:39.000Z,2025-12-18T08:30:29.000Z,5.327540273078824,1130.0,8.79,41.97,0.0
UberX,completed,2025-12-18T08:25:14.000Z,2025-12-18T08:42:36.000Z,2025-12-18T09:04:54.000Z,4.959095336665109,1338.0,8.79,34.97,0.0
UberX,completed,2025-12-18T10:14:35.000Z,2025-12-18T10:25:11.000Z,2025-12-18T10:42:58.000Z,6.209635488859317,1068.0,7.32,32.18,0.0
UberX,completed,2025-12-19T13:46:07.000Z,2025-12-19T13:51:26.000Z,2025-12-19T14:05:07.000Z,2.0207509137801503,821.0,7.32,42.92,0.0
UberX,completed,2025-12-19T13:52:44.000Z,2025-12-19T14:10:39.000Z,2025-12-19T14:22:58.000Z,1.917438924,739.0,7.32,25.91,0.0
UberX,completed,2025-12-19T14:10:20.000Z,2025-12-19T14:25:08.000Z,2025-12-19T14:57:14.000Z,4.396427446790363,1926.0,7.32,38.92,0.0
UberX,completed,2025-12-19T14:37:43.000Z,2025-12-19T15:08:27.000Z,2025-12-19T15:44:54.000Z,7.835457558,2188.0,7.32,58.9,0.0
UberX,completed,2025-12-19T15:32:43.000Z,2025-12-19T15:48:48.000Z,2025-12-19T16:02:42.000Z,2.5303476679278174,834.0,8.79,31.92,0.0
UberX,completed,2025-12-19T15:55:16.000Z,2025-12-19T16:05:06.000Z,2025-12-19T16:42:19.000Z,2.8120312245055232,2233.0,8.79,31.97,0.0
UberX,rider_canceled,2025-12-19T16:08:56.000Z,,,0.0,0.0,,0.0,0.0
UberX,completed,2025-12-19T16:17:54.000Z,2025-12-19T16:46:07.000Z,2025-12-19T17:27:31.000Z,6.973253444,2484.0,8.79,61.0,0.0
UberX,rider_canceled,2025-12-19T17:33:17.000Z,,,0.0,0.0,,0.0,0.0
UberX,completed,2025-12-19T17:44:36.000Z,2025-12-19T17:51:29.000Z,2025-12-19T18:19:26.000Z,6.675861642,1678.0,8.79,64.98,0.0
UberX,completed,2025-12-19T18:13:37.000Z,2025-12-19T18:24:41.000Z,2025-12-19T18:43:53.000Z,5.560238021520452,1153.0,8.79,43.95,0.0
UberX,rider_canceled,2025-12-19T18:32:28.000Z,,,0.0,0.0,,0.0,0.0
UberX,completed,2025-12-19T18:37:30.000Z,2025-12-19T18:49:40.000Z,2025-12-19T19:14:56.000Z,5.734444474374578,1516.0,8.79,41.9,0.0
UberX,completed,2025-12-20T11:04:41.000Z,2025-12-20T11:12:28.000Z,2025-12-20T11:30:37.000Z,4.463551746,1089.0,7.32,27.95,0.0
UberX,completed,2025-12-20T11:52:25.000Z,2025-12-20T11:59:42.000Z,2025-12-20T12:20:51.000Z,6.932077392246696,1270.0,7.32,34.95,0.0
UberX,rider_canceled,2025-12-20T12:21:43.000Z,,,0.0,0.0,,0.0,0.0
UberX,completed,2025-12-20T12:22:08.000Z,2025-12-20T12:35:54.000Z,2025-12-20T13:03:01.000Z,5.002587931101034,1627.0,7.32,32.8,0.0
UberX,completed,2025-12-20T13:21:58.000Z,2025-12-20T13:27:17.000Z,2025-12-20T13:41:16.000Z,3.74128252323876,839.0,7.32,27.98,0.0
UberX,completed,2025-12-20T13:32:33.000Z,2025-12-20T14:04:07.000Z,2025-12-20T14:13:30.000Z,2.738518575,563.0,7.32,22.3,0.0
UberX,completed,2025-12-20T13:33:32.000Z,2025-12-20T13:46:41.000Z,2025-12-20T13:54:34.000Z,1.1078381776721618,472.0,7.32,15.92,0.0
UberX,completed,2025-12-20T14:17:35.000Z,2025-12-20T14:28:42.000Z,2025-12-20T14:44:46.000Z,5.542017362076442,964.0,7.32,28.94,0.0
UberX,rider_canceled,2025-12-20T14:23:31.000Z,,,0.0,0.0,,0.0,0.0
UberX,completed,2025-12-20T15:30:36.000Z,2025-12-20T15:40:50.000Z,2025-12-20T16:12:04.000Z,5.963506105,1875.0,7.32,50.0,0.0
UberX,completed,2025-12-20T16:25:16.000Z,2025-12-20T16:31:33.000Z,2025-12-20T16:44:28.000Z,3.646341512402573,775.0,7.32,34.87,0.0
UberX,completed,2025-12-20T16:45:46.000Z,2025-12-20T16:56:39.000Z,2025-12-20T17:13:17.000Z,3.1829512233326978,998.0,7.32,25.94,0.0
UberX,completed,2025-12-20T16:56:21.000Z,2025-12-20T17:17:50.000Z,2025-12-20T17:43:59.000Z,7.484938192962862,1569.0,7.32,37.0,0.0
UberX,rider_canceled,2025-12-20T17:34:45.000Z,,,0.0,0.0,,0.0,0.0
UberX,completed,2025-12-20T17:37:59.000Z,2025-12-20T17:55:13.000Z,2025-12-20T18:05:43.000Z,2.4934374238297314,630.0,7.32,29.9,0.0
UberX,rider_canceled,2025-12-20T17:57:13.000Z,,,0.0,0.0,,0.0,0.0
UberX,completed,2025-12-20T18:14:53.000Z,2025-12-20T18:22:38.000Z,2025-12-20T18:28:47.000Z,1.9491427309796656,368.0,7.32,31.88,0.0
UberX,completed,2025-12-20T18:18:20.000Z,2025-12-20T18:35:07.000Z,2025-12-20T18:49:50.000Z,2.7273781669759884,884.0,7.32,32.94,0.0
UberX,completed,2025-12-20T19:02:10.000Z,2025-12-20T19:14:34.000Z,2025-12-20T19:24:47.000Z,2.8451826239794458,613.0,7.32,33.72,0.0
UberX,rider_canceled,2025-12-20T19:35:49.000Z,,,0.0,0.0,,0.0,0.0
UberX,completed,2025-12-20T21:45:53.000Z,2025-12-20T21:56:22.000Z,2025-12-20T22:26:34.000Z,10.249336677514238,1812.0,7.32,52.0,0.0
UberX,completed,2025-12-20T22:09:24.000Z,2025-12-20T22:32:14.000Z,2025-12-20T23:04:20.000Z,9.625175832302492,1925.0,7.32,49.96,0.0
UberX,completed,2025-12-20T23:27:47.000Z,2025-12-20T23:40:57.000Z,2025-12-20T23:51:22.000Z,4.576748088258064,625.0,7.32,23.94,0.0
UberX,completed,2025-12-30T14:36:15.000Z,2025-12-30T14:45:20.000Z,2025-12-30T15:01:54.000Z,3.3160748263296185,995.0,7.32,25.96,0.0
UberX,rider_canceled,2025-12-30T14:40:33.000Z,,,0.0,0.0,,0.0,0.0
UberX,completed,2025-12-31T15:54:48.000Z,2025-12-31T16:07:44.000Z,2025-12-31T16:20:25.000Z,2.165252581992058,761.0,8.79,24.26,0.0
UberX,rider_canceled,2025-12-31T16:03:31.000Z,,,0.0,0.0,,0.0,0.0
UberX,completed,2025-12-31T16:07:40.000Z,2025-12-31T16:24:57.000Z,2025-12-31T16:44:52.000Z,4.540768707923313,1194.0,8.79,32.94,0.0
UberX,completed,2025-12-31T16:25:25.000Z,2025-12-31T16:47:54.000Z,2025-12-31T16:54:26.000Z,1.841446062332532,392.0,8.79,17.0,0.0
UberX,completed,2025-12-31T19:26:58.000Z,2025-12-31T19:35:49.000Z,2025-12-31T19:57:20.000Z,6.654028721249945,1291.0,7.32,71.9,0.0
UberX,completed,2025-12-31T19:44:38.000Z,2025-12-31T20:05:08.000Z,2025-12-31T20:21:57.000Z,7.054835071802553,1009.0,7.32,69.92,0.0
UberX,completed,2025-12-31T20:14:23.000Z,2025-12-31T20:30:20.000Z,2025-12-31T20:51:43.000Z,7.339929674931126,1283.0,7.32,51.96,0.0
UberX,completed,2025-12-31T20:49:50.000Z,2025-12-31T20:54:14.000Z,2025-12-31T21:02:08.000Z,2.922375652,474.0,7.32,25.28,0.0
UberX,completed,2026-01-01T01:13:36.000Z,2026-01-01T01:28:06.000Z,2026-01-01T01:47:29.000Z,3.055615124296377,1163.0,7.32,61.0,0.0
UberX,rider_canceled,2026-01-01T01:24:26.000Z,,,0.0,0.0,,0.0,0.0
UberX,completed,2026-01-07T16:01:59.000Z,2026-01-07T16:14:06.000Z,2026-01-07T16:35:10.000Z,5.788386342537817,1265.0,8.79,36.0,0.0
UberX,completed,2026-01-07T16:03:20.000Z,2026-01-07T16:38:50.000Z,2026-01-07T16:48:47.000Z,2.928921050412436,597.0,8.79,23.82,0.0
UberX,completed,2026-01-07T16:46:18.000Z,2026-01-07T16:57:20.000Z,2026-01-07T17:15:24.000Z,3.970738937555276,1083.0,8.79,34.94,0.0
UberX,completed,2026-01-07T17:18:52.000Z,2026-01-07T17:23:46.000Z,2026-01-07T17:41:16.000Z,5.369911061347162,1050.0,8.79,34.98,0.0
UberX,completed,2026-01-07T17:49:28.000Z,2026-01-07T18:01:37.000Z,2026-01-07T18:23:09.000Z,2.726277681,1292.0,8.79,26.58,0.0
UberX,completed,2026-01-08T08:43:44.000Z,2026-01-08T08:51:43.000Z,2026-01-08T08:55:57.000Z,1.177297630429293,255.0,8.79,24.96,0.0
UberX,completed,2026-01-08T09:01:51.000Z,2026-01-08T09:07:26.000Z,2026-01-08T09:22:54.000Z,3.2894871068966838,928.0,7.32,21.95,0.0
UberX,completed,2026-01-08T09:30:17.000Z,2026-01-08T09:41:41.000Z,2026-01-08T09:53:57.000Z,2.272717877113408,736.0,7.32,17.92,0.0
UberX,rider_canceled,2026-01-08T15:43:26.000Z,,,0.0,0.0,,0.0,0.0
UberX,completed,2026-01-08T15:46:12.000Z,2026-01-08T15:58:23.000Z,2026-01-08T16:22:12.000Z,4.589720469348393,1429.0,8.79,31.93,0.0
UberX,completed,2026-01-08T16:25:19.000Z,2026-01-08T16:28:36.000Z,2026-01-08T16:41:28.000Z,3.7724044936495296,772.0,8.79,26.93,0.0
UberX,completed,2026-01-08T16:32:28.000Z,2026-01-08T16:50:01.000Z,2026-01-08T17:15:54.000Z,7.934659935596078,1553.0,8.79,47.96,0.0
UberX,rider_canceled,2026-01-08T17:12:20.000Z,,,0.0,0.0,,0.0,0.0
UberX,completed,2026-01-08T17:13:49.000Z,2026-01-08T17:28:06.000Z,2026-01-08T17:34:21.000Z,1.3857124772096687,375.0,8.79,15.95,0.0
UberX,completed,2026-01-08T17:24:20.000Z,2026-01-08T17:38:38.000Z,2026-01-08T17:53:30.000Z,7.809129601226584,892.0,8.79,40.99,0.0
UberX,completed,2026-01-08T17:42:22.000Z,2026-01-08T17:57:39.000Z,2026-01-08T18:05:58.000Z,1.4414069015143112,499.0,8.79,16.0,0.0
UberX,completed,2026-01-09T09:12:06.000Z,2026-01-09T09:27:10.000Z,2026-01-09T09:37:05.000Z,3.4459522566684475,596.0,7.32,21.93,0.0
UberX,completed,2026-01-09T09:35:17.000Z,2026-01-09T09:40:06.000Z,2026-01-09T09:52:51.000Z,3.4444296444088573,765.0,7.32,23.29,0.0
UberX,completed,2026-01-09T09:54:55.000Z,2026-01-09T09:57:57.000Z,2026-01-09T10:08:12.000Z,2.778104134929887,615.0,7.32,18.94,0.0
UberX,rider_canceled,2026-01-09T14:14:41.000Z,,,0.0,0.0,,0.0,0.0
UberX,completed,2026-01-09T14:15:56.000Z,2026-01-09T14:26:26.000Z,2026-01-09T14:57:05.000Z,4.881442558704477,1838.0,7.32,31.94,0.0
UberX,completed,2026-01-09T14:46:43.000Z,2026-01-09T15:05:00.000Z,2026-01-09T15:29:56.000Z,5.2199201783076745,1496.0,7.32,29.94,0.0
UberX,completed,2026-01-09T15:21:04.000Z,2026-01-09T15:38:40.000Z,2026-01-09T16:05:11.000Z,4.534804335,1592.0,8.79,40.95,0.0
UberX,rider_canceled,2026-01-09T15:37:31.000Z,,,0.0,0.0,,0.0,0.0
UberX,completed,2026-01-09T16:10:00.000Z,2026-01-09T16:12:36.000Z,2026-01-09T16:34:46.000Z,4.676621917842189,1330.0,8.79,34.96,0.0
UberX,completed,2026-01-09T16:27:48.000Z,2026-01-09T16:43:31.000Z,2026-01-09T17:16:59.000Z,6.939990723076843,2008.0,8.79,51.71,0.0
UberX,completed,2026-01-09T17:06:12.000Z,2026-01-09T17:23:26.000Z,2026-01-09T17:31:46.000Z,1.1978182211111887,500.0,8.79,20.92,0.0
UberX,completed,2026-01-09T17:24:55.000Z,2026-01-09T17:48:14.000Z,2026-01-09T18:06:46.000Z,5.048641391562304,1112.0,8.79,34.9,0.0
UberX,rider_canceled,2026-01-09T18:00:18.000Z,,,0.0,0.0,,0.0,0.0
UberX,completed,2026-01-09T18:01:30.000Z,2026-01-09T18:18:13.000Z,2026-01-09T18:36:25.000Z,5.238101607420829,1092.0,8.79,34.04,0.0
UberX,completed,2026-01-09T18:59:00.000Z,2026-01-09T19:05:06.000Z,2026-01-09T19:18:30.000Z,2.870820709062077,804.0,8.79,20.98,0.0
UberX,completed,2026-01-09T19:08:36.000Z,2026-01-09T19:20:19.000Z,2026-01-09T19:33:29.000Z,4.224435872777578,791.0,7.32,23.79,0.0
UberX,completed,2026-01-10T11:15:31.000Z,2026-01-10T11:25:34.000Z,2026-01-10T11:34:29.000Z,2.378607126446815,535.0,7.32,25.69,0.0
UberX,completed,2026-01-10T11:27:07.000Z,2026-01-10T11:42:31.000Z,2026-01-10T11:51:36.000Z,1.7188056587458405,546.0,7.32,15.94,0.0
UberX,completed,2026-01-10T11:44:57.000Z,2026-01-10T11:59:51.000Z,2026-01-10T12:17:52.000Z,3.426736696438734,1081.0,7.32,24.8,0.0
UberX,completed,2026-01-10T12:13:35.000Z,2026-01-10T12:20:35.000Z,2026-01-10T12:34:04.000Z,3.5510010963692844,809.0,7.32,24.94,0.0
UberX,completed,2026-01-10T12:24:32.000Z,2026-01-10T12:41:58.000Z,2026-01-10T12:54:00.000Z,3.633623317142068,723.0,7.32,22.92,0.0
UberX,completed,2026-01-10T12:41:01.000Z,2026-01-10T13:03:04.000Z,2026-01-10T13:41:12.000Z,8.75134087,2288.0,7.32,46.49,0.0
UberX,completed,2026-01-10T14:28:57.000Z,2026-01-10T14:45:51.000Z,2026-01-10T15:06:01.000Z,3.74872445328326,1211.0,7.32,26.92,0.0
UberX,completed,2026-01-10T14:57:27.000Z,2026-01-10T15:06:08.000Z,2026-01-10T15:24:13.000Z,3.871175116802014,1085.0,7.32,23.96,0.0
UberX,completed,2026-01-10T15:16:37.000Z,2026-01-10T15:31:15.000Z,2026-01-10T15:58:26.000Z,5.435830249252632,1631.0,7.32,29.9,0.0
UberX,completed,2026-01-10T15:52:09.000Z,2026-01-10T16:07:01.000Z,2026-01-10T16:18:17.000Z,3.9981791302631926,676.0,7.32,29.97,0.0
UberX,completed,2026-01-10T16:08:23.000Z,2026-01-10T16:29:13.000Z,2026-01-10T16:46:44.000Z,4.9977698922110125,1051.0,7.32,25.97,0.0
UberX,completed,2026-01-10T16:38:48.000Z,2026-01-10T16:51:30.000Z,2026-01-10T17:09:27.000Z,4.956221415345152,1077.0,7.32,25.98,0.0
UberX,completed,2026-01-10T16:59:50.000Z,2026-01-10T17:19:25.000Z,2026-01-10T17:29:28.000Z,1.519764546183533,603.0,7.32,14.91,0.0
UberX,completed,2026-01-10T17:13:51.000Z,2026-01-10T17:33:15.000Z,2026-01-10T18:03:13.000Z,6.319463617,1798.0,7.32,33.48,0.0
UberX,rider_canceled,2026-01-10T17:44:59.000Z,,,0.0,0.0,,0.0,0.0
UberX,completed,2026-01-10T17:51:21.000Z,2026-01-10T18:10:28.000Z,2026-01-10T18:26:43.000Z,3.8097009597148297,975.0,7.32,25.93,0.0
UberX,completed,2026-01-10T18:12:14.000Z,2026-01-10T18:28:08.000Z,2026-01-10T19:03:49.000Z,14.543765811624592,2141.0,7.32,80.0,0.0
UberX,completed,2026-01-10T18:57:27.000Z,2026-01-10T19:18:07.000Z,2026-01-10T19:34:22.000Z,6.384827752177056,976.0,7.32,36.49,0.0
UberX,completed,2026-01-10T19:40:20.000Z,2026-01-10T20:10:21.000Z,2026-01-10T20:26:51.000Z,3.9029444368348423,990.0,7.32,25.0,0.0
UberX,completed,2026-01-10T19:45:00.000Z,2026-01-10T19:44:57.000Z,2026-01-10T20:00:23.000Z,2.9098396552176653,926.0,7.32,31.92,0.0
UberX,completed,2026-01-10T20:24:32.000Z,2026-01-10T20:34:16.000Z,2026-01-10T20:56:26.000Z,6.307671554996047,1331.0,7.32,30.97,0.0
UberX,completed,2026-01-11T09:05:33.000Z,2026-01-11T09:16:39.000Z,2026-01-11T09:27:19.000Z,1.4552117938312428,640.0,7.32,20.92,0.0
UberX,completed,2026-01-11T09:16:50.000Z,2026-01-11T09:39:25.000Z,2026-01-11T09:54:32.000Z,2.533381236,907.0,7.32,24.97,0.0
UberX,completed,2026-01-11T09:38:50.000Z,2026-01-11T10:07:08.000Z,2026-01-11T10:35:38.000Z,7.55610085214346,1710.0,7.32,51.96,0.0
UberX,rider_canceled,2026-01-11T10:12:18.000Z,,,0.0,0.0,,0.0,0.0
UberX,rider_canceled,2026-01-11T10:21:30.000Z,,,0.0,0.0,,0.0,0.0
UberX,rider_canceled,2026-01-11T10:21:58.000Z,,,0.0,0.0,,0.0,0.0
UberX,completed,2026-01-11T10:36:08.000Z,2026-01-11T10:44:26.000Z,2026-01-11T11:14:57.000Z,8.853281800416811,1831.0,7.32,47.94,0.0
UberX,completed,2026-01-11T11:15:42.000Z,2026-01-11T11:25:05.000Z,2026-01-11T11:37:44.000Z,2.128542527046204,759.0,7.32,18.92,0.0
UberX,completed,2026-01-12T07:58:29.000Z,2026-01-12T08:08:58.000Z,2026-01-12T08:29:19.000Z,5.179469657590375,1222.0,8.79,69.98,0.0
UberX,completed,2026-01-12T08:25:18.000Z,2026-01-12T08:39:14.000Z,2026-01-12T09:02:05.000Z,3.7555067586750734,1372.0,8.79,33.92,0.0
UberX,completed,2026-01-12T08:56:57.000Z,2026-01-12T09:07:03.000Z,2026-01-12T09:16:28.000Z,1.5127857583087587,565.0,8.79,22.99,0.0
UberX,rider_canceled,2026-01-12T09:08:24.000Z,,,0.0,0.0,,0.0,0.0
UberX,completed,2026-01-12T09:12:06.000Z,2026-01-12T09:23:57.000Z,2026-01-12T09:42:35.000Z,4.274828077537583,1118.0,7.32,32.94,0.0
UberX,rider_canceled,2026-01-12T09:31:25.000Z,,,0.0,0.0,,0.0,0.0
UberX,rider_canceled,2026-01-12T09:38:39.000Z,,,0.0,0.0,,0.0,0.0
UberX,completed,2026-01-12T09:40:32.000Z,2026-01-12T09:54:41.000Z,2026-01-12T10:14:38.000Z,3.811098956,1197.0,7.32,26.93,0.0
UberX,completed,2026-01-12T10:23:36.000Z,2026-01-12T10:41:41.000Z,2026-01-12T11:05:01.000Z,6.467871410418216,1400.0,7.32,35.97,0.0
UberX,completed,2026-01-12T10:57:39.000Z,2026-01-12T11:09:28.000Z,2026-01-12T11:22:09.000Z,2.935091919,761.0,7.32,21.94,0.0
